{
    "oneVsAllCalibrationCurves": {
        "QUASAR": [
            {
                "y": 0, 
                "x": 0, 
                "n": 0
            }, 
            {
                "y": 0.005863192182410423, 
                "x": 0.0228540707531331, 
                "n": 1535.0
            }, 
            {
                "y": 0.07142857142857142, 
                "x": 0.1463137257615843, 
                "n": 56.0
            }, 
            {
                "y": 0.16666666666666666, 
                "x": 0.24786654584035842, 
                "n": 24.0
            }, 
            {
                "y": 0.3333333333333333, 
                "x": 0.345992750594265, 
                "n": 6.0
            }, 
            {
                "y": 0.0, 
                "x": 0.43919103963414063, 
                "n": 4.0
            }, 
            {
                "y": 1.0, 
                "x": 0.5284079831598837, 
                "n": 4.0
            }, 
            {
                "y": 0.45454545454545453, 
                "x": 0.6462861121092144, 
                "n": 11.0
            }, 
            {
                "y": 0.8181818181818182, 
                "x": 0.7505643318819808, 
                "n": 11.0
            }, 
            {
                "y": 1.0, 
                "x": 0.8577890048773966, 
                "n": 31.0
            }, 
            {
                "y": 0.9576271186440678, 
                "x": 0.9644054875479648, 
                "n": 118.0
            }, 
            {
                "y": 1, 
                "x": 1, 
                "n": 0
            }
        ], 
        "STAR": [
            {
                "y": 0, 
                "x": 0, 
                "n": 0
            }, 
            {
                "y": 0.009881422924901186, 
                "x": 0.05532933820504018, 
                "n": 506.0
            }, 
            {
                "y": 0.02830188679245283, 
                "x": 0.14198087935738815, 
                "n": 318.0
            }, 
            {
                "y": 0.11333333333333333, 
                "x": 0.25026499911323025, 
                "n": 150.0
            }, 
            {
                "y": 0.32098765432098764, 
                "x": 0.3512461025445774, 
                "n": 81.0
            }, 
            {
                "y": 0.40298507462686567, 
                "x": 0.4510947901592758, 
                "n": 67.0
            }, 
            {
                "y": 0.5930232558139535, 
                "x": 0.5486871885634645, 
                "n": 86.0
            }, 
            {
                "y": 0.7176470588235294, 
                "x": 0.6529224879044857, 
                "n": 85.0
            }, 
            {
                "y": 0.8875739644970414, 
                "x": 0.747660804889583, 
                "n": 169.0
            }, 
            {
                "y": 0.9789473684210527, 
                "x": 0.850369188986182, 
                "n": 190.0
            }, 
            {
                "y": 0.9797297297297297, 
                "x": 0.9374581270655031, 
                "n": 148.0
            }, 
            {
                "y": 1, 
                "x": 1, 
                "n": 0
            }
        ], 
        "GALAXY": [
            {
                "y": 0, 
                "x": 0, 
                "n": 0
            }, 
            {
                "y": 0.015424164524421594, 
                "x": 0.03587831697049889, 
                "n": 389.0
            }, 
            {
                "y": 0.06842105263157895, 
                "x": 0.14769218815739318, 
                "n": 190.0
            }, 
            {
                "y": 0.15602836879432624, 
                "x": 0.24592032752258425, 
                "n": 141.0
            }, 
            {
                "y": 0.37037037037037035, 
                "x": 0.35203803928667093, 
                "n": 81.0
            }, 
            {
                "y": 0.4117647058823529, 
                "x": 0.4523753889521064, 
                "n": 85.0
            }, 
            {
                "y": 0.5925925925925926, 
                "x": 0.5507011085538629, 
                "n": 81.0
            }, 
            {
                "y": 0.7272727272727273, 
                "x": 0.6590900944576131, 
                "n": 88.0
            }, 
            {
                "y": 0.9366197183098591, 
                "x": 0.7569625486646997, 
                "n": 142.0
            }, 
            {
                "y": 0.9701492537313433, 
                "x": 0.8597386392061124, 
                "n": 335.0
            }, 
            {
                "y": 0.9925373134328358, 
                "x": 0.9275787558092338, 
                "n": 268.0
            }, 
            {
                "y": 1, 
                "x": 1, 
                "n": 0
            }
        ]
    }, 
    "oneVsAllCalibrationLoss": {
        "QUASAR": 0.024446545022388546, 
        "STAR": 0.08278136969634375, 
        "GALAXY": 0.07218379078021074
    }, 
    "densityData": {
        "QUASAR": {
            "incorrect": [
                11.156871981050196, 
                14.12282986029612, 
                14.766360407988158, 
                12.971092666899787, 
                9.821403027480544, 
                6.653983849593353, 
                4.229965073759725, 
                2.6490063225653095, 
                1.6993823361848233, 
                1.144256304514085, 
                0.8131388311969177, 
                0.6014601683673024, 
                0.45506835491493075, 
                0.35341051023907405, 
                0.29188578523874764, 
                0.26667345012146665, 
                0.2662040117689616, 
                0.27159393526266895, 
                0.26484080524231735, 
                0.2393322239752424, 
                0.203364246670129, 
                0.17205077481972783, 
                0.15508725103085694, 
                0.1511982582686293, 
                0.15165287003780037, 
                0.14750675791630125, 
                0.1346812350013487, 
                0.11465041431690887, 
                0.09183524035637358, 
                0.07041328995242392, 
                0.053042688435202615, 
                0.041433265320209606, 
                0.036572783532104636, 
                0.03746592371408405, 
                0.039986932231063914, 
                0.03877439172624257, 
                0.03181407755070659, 
                0.022552525912361177, 
                0.01655018548842732, 
                0.016530434595095126, 
                0.020810069356294075, 
                0.025560737967828904, 
                0.02812629473364065, 
                0.028469759116646304, 
                0.027820138773001036, 
                0.026517764885659392, 
                0.023678004391935202, 
                0.01870148972581094, 
                0.012468848122470382, 
                0.006797092727584678, 
                0.0029661166621010675, 
                0.001021929761592798, 
                0.00027700404537180643, 
                7.047452457837732e-05, 
                8.442348621614211e-05, 
                0.0003421746034948612, 
                0.0012036465221417244, 
                0.003326960991527646, 
                0.00731728433836637, 
                0.013174006738588397, 
                0.020296676218371928, 
                0.028176831073715443, 
                0.036456526850920844, 
                0.04395581437743175, 
                0.048536942271818484, 
                0.04848961712878097, 
                0.043645387483384826, 
                0.03555702627306964, 
                0.027205199397005917, 
                0.0214795734266923, 
                0.019086186594858917, 
                0.0185949987815637, 
                0.01835744864106568, 
                0.01734406473684752, 
                0.014834794932355086, 
                0.010815205321578368, 
                0.0064112786993891935, 
                0.003005093737980325, 
                0.001098043661902198, 
                0.0003107078429584713, 
                6.788330206361848e-05, 
                1.1442424374809126e-05, 
                1.5740564949661337e-06, 
                1.1001152302188888e-06, 
                7.854489194556376e-06, 
                5.018581452841208e-05, 
                0.0002504853315811923, 
                0.000982298751974287, 
                0.003058346436884505, 
                0.0076636804454708884, 
                0.015692958929493923, 
                0.026603379732355256, 
                0.03758398061805777, 
                0.044243741128186874, 
                0.04343424454447832, 
                0.03626334137513401, 
                0.02742470321533665, 
                0.02072284893976981, 
                0.016191495447156635, 
                0.01200619485466917
            ], 
            "incorrectMedian": 0.019547914567332257, 
            "correct": [
                0.22322319173213423, 
                0.23387532079599166, 
                0.2432545357944314, 
                0.2512529966998694, 
                0.25780295189349883, 
                0.2628773170345198, 
                0.26648810151399627, 
                0.26868287382480105, 
                0.2695395968541047, 
                0.2691602710565862, 
                0.2676638889893783, 
                0.26517922466419064, 
                0.2618379563058492, 
                0.2577685565818611, 
                0.25309128897569005, 
                0.247914533881945, 
                0.24233254532761958, 
                0.23642462064802713, 
                0.23025556099330147, 
                0.22387721769655136, 
                0.21733086276344474, 
                0.21065009242388397, 
                0.20386396941677123, 
                0.19700012886047102, 
                0.19008760915413664, 
                0.18315921767243148, 
                0.17625329545681143, 
                0.1694148007303204, 
                0.1626956839642222, 
                0.15615457468568614, 
                0.14985584065745702, 
                0.14386811283875847, 
                0.1382623946453715, 
                0.13310989177384644, 
                0.1284797095826826, 
                0.12443656891882388, 
                0.12103868830724644, 
                0.118335970395358, 
                0.11636861329408658, 
                0.1151662430846919, 
                0.11474763289544, 
                0.1151210379668586, 
                0.11628513722909917, 
                0.11823053310224108, 
                0.12094172604078653, 
                0.12439945247055342, 
                0.12858325754633085, 
                0.1334741700241703, 
                0.13905735653064477, 
                0.14532465592971458, 
                0.1522769288109239, 
                0.1599261981721555, 
                0.1682975997736568, 
                0.17743119851592826, 
                0.18738375496440057, 
                0.19823053934214468, 
                0.21006728624570728, 
                0.22301236148330592, 
                0.23720917447522313, 
                0.2528288191647365, 
                0.27007286817821285, 
                0.2891761842552616, 
                0.3104095544664008, 
                0.33408189994153853, 
                0.3605417685869834, 
                0.3901777807604651, 
                0.42341766712025863, 
                0.4607255126178559, 
                0.5025968005376377, 
                0.5495508374438322, 
                0.6021201389137633, 
                0.660836375781068, 
                0.7262125335494408, 
                0.7987210383003219, 
                0.8787677657300921, 
                0.966662088226109, 
                1.0625834344107623, 
                1.166545233119125, 
                1.2783575736177402, 
                1.3975904060010147, 
                1.5235395857102243, 
                1.6551984773207906, 
                1.7912381106840238, 
                1.9299989617477034, 
                2.0694972530141733, 
                2.207448193614234, 
                2.3413077912309483, 
                2.4683337854538707, 
                2.5856649293981557, 
                2.690416374975718, 
                2.7797874196285064, 
                2.8511764920165956, 
                2.902297140716989, 
                2.9312880820342775, 
                2.9368101703305842, 
                2.9181235418956266, 
                2.8751391600176914, 
                2.8084405016603773, 
                2.7192730626133543, 
                2.6095015561486314
            ], 
            "correctMedian": 0.9456672068591829
        }, 
        "STAR": {
            "incorrect": [
                2.0003693927204673, 
                2.4333967691883296, 
                2.863733626472957, 
                3.265862708871107, 
                3.6154897421202192, 
                3.892429540487467, 
                4.08278436863083, 
                4.180119403348506, 
                4.18557865481197, 
                4.107075199237533, 
                3.957796173386429, 
                3.754296009557392, 
                3.5144458697565826, 
                3.2554925231425837, 
                2.992460437886719, 
                2.737088744289153, 
                2.4974101527794828, 
                2.277953050865604, 
                2.08041208870495, 
                1.9045359597347535, 
                1.7489650192533046, 
                1.6118245180533284, 
                1.4910103718388332, 
                1.384237076406389, 
                1.288997703742171, 
                1.2025876881537245, 
                1.1222782038442252, 
                1.0456296903017834, 
                0.970856215573402, 
                0.8971175182368948, 
                0.8246341361664382, 
                0.754576889892487, 
                0.6887497613516418, 
                0.6291415724009309, 
                0.5774528852201858, 
                0.5347064343174, 
                0.5010253649233375, 
                0.4756206693723764, 
                0.456977319238196, 
                0.44318007731594833, 
                0.43228800812608276, 
                0.422661038362042, 
                0.41316428842636843, 
                0.4032183377644957, 
                0.39271129461084164, 
                0.381825844161777, 
                0.37085059973330037, 
                0.36003727281828446, 
                0.34953838520059644, 
                0.3394249762591445, 
                0.3297527528164479, 
                0.32062942967776953, 
                0.3122409539183783, 
                0.3048169666209217, 
                0.29854579445638585, 
                0.293473109017423, 
                0.28942624037868514, 
                0.28599617064066785, 
                0.28258782980093117, 
                0.27852670186191636, 
                0.2731942785236473, 
                0.26615954303783923, 
                0.257276522369238, 
                0.24672554718669779, 
                0.23498627298854477, 
                0.22274375305989846, 
                0.21074462970458133, 
                0.19963573152806674, 
                0.18982607308785165, 
                0.1814097324606134, 
                0.17417008222841393, 
                0.16766065023712734, 
                0.16133430893947473, 
                0.15467990908117196, 
                0.14732804748367986, 
                0.13910275486224583, 
                0.13001624458857042, 
                0.12022160259681182, 
                0.10994815434928318, 
                0.09944457973277165, 
                0.0889469647274488, 
                0.07867606209679416, 
                0.06885445137848144, 
                0.059724916346743866, 
                0.051550222854647304, 
                0.04458283817723891, 
                0.039008132250555855, 
                0.03487982836460301, 
                0.032074636131195176, 
                0.030289529381308574, 
                0.029090688036759894, 
                0.028003576071420688, 
                0.0266174045088809, 
                0.024671362084117982, 
                0.022096853196155695, 
                0.01900627932460412, 
                0.015637448596400445, 
                0.012275931866532013, 
                0.009181110642941252, 
                0.006535514665142022
            ], 
            "incorrectMedian": 0.11101618284837134, 
            "correct": [
                0.03356521602575391, 
                0.040492066296419105, 
                0.047762564722775694, 
                0.05516937328753191, 
                0.06250950197924741, 
                0.06960918432326495, 
                0.07634496106073056, 
                0.08265781138633385, 
                0.0885588070949499, 
                0.09412657884661536, 
                0.09949831690000853, 
                0.10485669230576071, 
                0.11041489595475623, 
                0.11640118709749739, 
                0.12304336050656992, 
                0.1305528449040355, 
                0.13910804305608812, 
                0.14883706822412418, 
                0.15980101816115805, 
                0.17197998149427862, 
                0.18526467423387147, 
                0.19945661958311978, 
                0.21427894710681966, 
                0.2293982514972542, 
                0.24445579483737234, 
                0.25910412591029497, 
                0.27304349869164635, 
                0.28605184997630373, 
                0.29800290930346385, 
                0.3088692906788378, 
                0.3187107552165139, 
                0.32765144089798404, 
                0.3358527150218038, 
                0.3434894755826941, 
                0.3507366694176447, 
                0.35776961079330416, 
                0.36477717352611877, 
                0.3719823992036431, 
                0.37966193436532886, 
                0.38815504287956965, 
                0.397855058897658, 
                0.40918049713679144, 
                0.4225283664207961, 
                0.4382170164507755, 
                0.45642882112896255, 
                0.47716356709830243, 
                0.5002117753296919, 
                0.5251541422194224, 
                0.5513898300491846, 
                0.5781931787824414, 
                0.6047957324644814, 
                0.6304879742320846, 
                0.6547324046713378, 
                0.6772764488330529, 
                0.6982506270308804, 
                0.7182355611558279, 
                0.7382820110775539, 
                0.7598721618132118, 
                0.7848178219090793, 
                0.8151009578522744, 
                0.8526721375207216, 
                0.8992307815614953, 
                0.9560158208745703, 
                1.023635499680895, 
                1.1019607082477825, 
                1.1900982297720368, 
                1.2864499335719746, 
                1.388852661487228, 
                1.4947827211229103, 
                1.601599829740538, 
                1.7067992683938649, 
                1.8082389507610583, 
                1.9043107602524798, 
                1.9940329305008326, 
                2.0770517007155873, 
                2.1535543542303253, 
                2.224109677633636, 
                2.289463097383953, 
                2.35031970600249, 
                2.407147491172583, 
                2.4600254109793114, 
                2.5085486149998, 
                2.5517898875932428, 
                2.5883066934929064, 
                2.616180454881901, 
                2.633079770879683, 
                2.6363497915926164, 
                2.623140682476568, 
                2.5905928970222614, 
                2.5360912198975343, 
                2.4575824663970223, 
                2.3539273100702864, 
                2.2252327974075556, 
                2.0730978050683087, 
                1.90070602639969, 
                1.7127221537923862, 
                1.5149827984347923, 
                1.3140153647125956, 
                1.116454395036171, 
                0.9284460834103594
            ], 
            "correctMedian": 0.7912557737825459
        }, 
        "GALAXY": {
            "incorrect": [
                2.5683286741083715, 
                2.8004132731693443, 
                2.9812780349939825, 
                3.1044456507883655, 
                3.1686238121060044, 
                3.1774314339943963, 
                3.138428771483212, 
                3.061694424082525, 
                2.9582559366966725, 
                2.838666136073146, 
                2.7119395713841508, 
                2.584952237038459, 
                2.462296201425852, 
                2.346495185817365, 
                2.2384415453705264, 
                2.1379105319034895, 
                2.0440352399690576, 
                1.9556710554978376, 
                1.8716268785696366, 
                1.7907798598290112, 
                1.7121137273499047, 
                1.6347262838518086, 
                1.5578423692333145, 
                1.4808506701000388, 
                1.4033633670023518, 
                1.325282829402694, 
                1.24685296351562, 
                1.1686748971974645, 
                1.0916753186895793, 
                1.0170273158286263, 
                0.9460341768385755, 
                0.8799935213663488, 
                0.8200612157684963, 
                0.767132357664623, 
                0.7217518871738466, 
                0.6840620615889234, 
                0.6537895370187001, 
                0.6302715556928246, 
                0.6125182375938899, 
                0.5993053370067535, 
                0.5892885192993494, 
                0.5811265925037238, 
                0.5735984306011853, 
                0.5656981035361959, 
                0.5566959649053699, 
                0.5461598357353504, 
                0.5339382568599647, 
                0.5201145937845391, 
                0.5049444342431612, 
                0.4887884261775113, 
                0.47204936134859143, 
                0.4551180029452096, 
                0.43832904984368265, 
                0.42192785397947274, 
                0.40604962398790106, 
                0.39071419352074477, 
                0.37583912564520455, 
                0.3612710061911357, 
                0.34682986775094854, 
                0.3323568004870986, 
                0.31775242211056837, 
                0.3029956842857042, 
                0.2881384437765678, 
                0.2732793909654226, 
                0.25852820816523314, 
                0.24397426514802129, 
                0.22967222234620954, 
                0.2156502104658993, 
                0.2019373176480783, 
                0.1885993595783518, 
                0.17576824786428236, 
                0.1636519735604852, 
                0.15251848675972843, 
                0.14265515995326902, 
                0.13431308913775905, 
                0.1276498382279474, 
                0.12268439152034737, 
                0.11927458920046471, 
                0.1171217577470404, 
                0.11580142996364971, 
                0.11481435275051596, 
                0.11364902578947525, 
                0.11184578442040491, 
                0.1090526415882958, 
                0.10506450047135094, 
                0.09983986644639584, 
                0.09349275852238398, 
                0.08626182535736082, 
                0.07846297524026183, 
                0.07043508504045536, 
                0.06248955101408849, 
                0.05487305815329466, 
                0.04774923663060469, 
                0.041199889211743654, 
                0.035241700583895835, 
                0.0298511726183692, 
                0.024989766970648915, 
                0.020622826095670514, 
                0.01672897106206379, 
                0.01330013207591013
            ], 
            "incorrectMedian": 0.12335627873248019, 
            "correct": [
                0.033146248439981485, 
                0.037502356742874124, 
                0.0415960591965691, 
                0.045395643649025826, 
                0.04896903492727344, 
                0.0524933785773841, 
                0.05624623139256316, 
                0.06057575029496215, 
                0.06585128860577714, 
                0.07240096014944408, 
                0.08044773404510139, 
                0.09005858088470022, 
                0.10112029028003082, 
                0.11335004305803935, 
                0.12633964960159433, 
                0.1396223741777118, 
                0.1527441987312703, 
                0.16532036388296872, 
                0.1770640233890404, 
                0.18778491745780526, 
                0.19736779842909322, 
                0.2057479620226178, 
                0.21290119552694237, 
                0.21885744247980554, 
                0.22373463815968142, 
                0.22777685829998337, 
                0.23137452769505798, 
                0.23504710714641197, 
                0.23938001262166664, 
                0.24492368420314517, 
                0.25207791390495815, 
                0.2609931686226825, 
                0.2715193452754257, 
                0.2832211806939808, 
                0.2954617173143246, 
                0.3075362268231505, 
                0.31882456897965356, 
                0.3289243877600289, 
                0.3377323792942472, 
                0.34545458072240925, 
                0.35254517266177166, 
                0.3595913411223062, 
                0.3671743126394535, 
                0.3757405519556313, 
                0.38551178240593087, 
                0.3964501993650447, 
                0.40828017212784656, 
                0.4205545256878952, 
                0.4327457305164347, 
                0.4443413781211672, 
                0.45492810796336575, 
                0.4642558165165295, 
                0.47228113369145897, 
                0.4791932060797859, 
                0.48542487968832976, 
                0.49164938646581074, 
                0.4987588920794643, 
                0.5078193672522192, 
                0.5199980493576767, 
                0.5364655397445949, 
                0.5582827914531998, 
                0.5862909646055268, 
                0.6210261150854044, 
                0.6626786603944754, 
                0.7111092918813294, 
                0.7659206002533749, 
                0.8265710200917195, 
                0.892508975491911, 
                0.9633031866584244, 
                1.0387502974253275, 
                1.1189508555343113, 
                1.2043548716724406, 
                1.2957840990365694, 
                1.394436765185471, 
                1.5018715755502512, 
                1.6199544682522595, 
                1.750739455783837, 
                1.8962504753934009, 
                2.058139768357417, 
                2.2372218441847553, 
                2.4329177625225036, 
                2.642684716025932, 
                2.86153989913081, 
                3.081804121202692, 
                3.293181114956557, 
                3.483250091588425, 
                3.638385711463645, 
                3.7450415125801264, 
                3.791254572083572, 
                3.7681669431906992, 
                3.67132794241318, 
                3.501551047255746, 
                3.265153419741938, 
                2.973499334254449, 
                2.641885887675275, 
                2.2879272524771848, 
                1.9296860902972444, 
                1.5838449003331274, 
                1.2641941231035407, 
                0.9806411956219733
            ], 
            "correctMedian": 0.8516936896277325
        }
    }, 
    "confusion": {
        "totalRows": 1800, 
        "perActual": {
            "QUASAR": {
                "perPredicted": {
                    "QUASAR": 162, 
                    "STAR": 4, 
                    "GALAXY": 15
                }, 
                "actualClassCount": 181.0
            }, 
            "STAR": {
                "perPredicted": {
                    "QUASAR": 8, 
                    "STAR": 597, 
                    "GALAXY": 72
                }, 
                "actualClassCount": 677.0
            }, 
            "GALAXY": {
                "perPredicted": {
                    "QUASAR": 6, 
                    "STAR": 90, 
                    "GALAXY": 846
                }, 
                "actualClassCount": 942.0
            }
        }
    }, 
    "metrics": {
        "f1": 0.8942566809179812, 
        "mcalibrationLoss": 0.05980390183298101, 
        "recall": 0.8916494687760759, 
        "precision": 0.8970574082526795, 
        "logLoss": 0.33431808681812614, 
        "mrocAUC": 0.9707704155402755, 
        "hammingLoss": 0.10833333333333334, 
        "accuracy": 0.8916666666666667
    }, 
    "oneVsAllRocAUC": {
        "QUASAR": 0.9735564208177068, 
        "STAR": 0.9643903292378639, 
        "GALAXY": 0.9626866410305901
    }, 
    "classes": [
        "GALAXY", 
        "STAR", 
        "QUASAR"
    ], 
    "globalMetrics": {
        "predictionAvg": [
            0.4946438262120584, 
            0.3881748523938413, 
            0.11718132139410034
        ], 
        "predictionStd": [
            0.35266748238138534, 
            0.3293038170348551, 
            0.26400892032983947
        ], 
        "targetStd": [
            0.499594054218584, 
            0.4845430606683991, 
            0.3008228888814068
        ], 
        "targetAvg": [
            0.5233333333333333, 
            0.3761111111111111, 
            0.10055555555555555
        ], 
        "testWeight": 1800
    }, 
    "oneVsAllRocCurves": {
        "QUASAR": [
            {
                "y": 0.0, 
                "x": 0.0, 
                "p": 1.9925237254325898
            }, 
            {
                "y": 0.07734806629834254, 
                "x": 0.0, 
                "p": 0.989789079788999
            }, 
            {
                "y": 0.48066298342541436, 
                "x": 0.0006176652254478073, 
                "p": 0.95214706606752
            }, 
            {
                "y": 0.56353591160221, 
                "x": 0.0024706609017912293, 
                "p": 0.9268973511537524
            }, 
            {
                "y": 0.8232044198895028, 
                "x": 0.0030883261272390363, 
                "p": 0.7520605649245448
            }, 
            {
                "y": 0.8729281767955801, 
                "x": 0.0074119827053736875, 
                "p": 0.6276151908388437
            }, 
            {
                "y": 0.9116022099447514, 
                "x": 0.019765287214329835, 
                "p": 0.24892769030100376
            }, 
            {
                "y": 0.9392265193370166, 
                "x": 0.043854231006794316, 
                "p": 0.13399188397928724
            }, 
            {
                "y": 0.9558011049723757, 
                "x": 0.09388511426806671, 
                "p": 0.06762160137233096
            }, 
            {
                "y": 0.9613259668508287, 
                "x": 0.2038295243977764, 
                "p": 0.03923756974220774
            }, 
            {
                "y": 0.9668508287292817, 
                "x": 0.27609635577516983, 
                "p": 0.03106744129157608
            }, 
            {
                "y": 0.9723756906077348, 
                "x": 0.40580605311920936, 
                "p": 0.022759315193919924
            }, 
            {
                "y": 0.9779005524861878, 
                "x": 0.6170475602223595, 
                "p": 0.015487802147122557
            }, 
            {
                "y": 0.9834254143646409, 
                "x": 0.7708462013588635, 
                "p": 0.010007339805814745
            }, 
            {
                "y": 0.9834254143646409, 
                "x": 0.8252007411982706, 
                "p": 0.007560204091874298
            }, 
            {
                "y": 0.994475138121547, 
                "x": 0.8647313156269302, 
                "p": 0.004934271431524028
            }, 
            {
                "y": 1.0, 
                "x": 0.9159975293390982, 
                "p": 0.002113809009726604
            }, 
            {
                "y": 1.0, 
                "x": 0.9715873996294009, 
                "p": 0.0004220876439133335
            }, 
            {
                "y": 1.0, 
                "x": 1.0, 
                "p": 0.0
            }
        ], 
        "STAR": [
            {
                "y": 0.0, 
                "x": 0.0, 
                "p": 1.9975448886760834
            }, 
            {
                "y": 0.1329394387001477, 
                "x": 0.0, 
                "p": 0.9293950341396237
            }, 
            {
                "y": 0.3988183161004431, 
                "x": 0.0026714158504007124, 
                "p": 0.833788288814091
            }, 
            {
                "y": 0.4977843426883309, 
                "x": 0.006233303650934996, 
                "p": 0.7935301321003213
            }, 
            {
                "y": 0.5465288035450517, 
                "x": 0.009795191451469279, 
                "p": 0.7717886429181022
            }, 
            {
                "y": 0.6100443131462334, 
                "x": 0.012466607301869992, 
                "p": 0.7480563520381799
            }, 
            {
                "y": 0.654357459379616, 
                "x": 0.018699910952804988, 
                "p": 0.72197635321245
            }, 
            {
                "y": 0.7104874446085672, 
                "x": 0.02226179875333927, 
                "p": 0.700696910359434
            }, 
            {
                "y": 0.7562776957163959, 
                "x": 0.026714158504007122, 
                "p": 0.6641767583036352
            }, 
            {
                "y": 0.793205317577548, 
                "x": 0.04007123775601069, 
                "p": 0.6138093646271674
            }, 
            {
                "y": 0.8301329394387001, 
                "x": 0.05520926090828139, 
                "p": 0.5618070775902596
            }, 
            {
                "y": 0.8670605612998523, 
                "x": 0.06945681211041853, 
                "p": 0.5108761496080878
            }, 
            {
                "y": 0.8980797636632201, 
                "x": 0.09082813891362422, 
                "p": 0.4555279472575412
            }, 
            {
                "y": 0.9202363367799113, 
                "x": 0.12110418521816563, 
                "p": 0.3870557807718908
            }, 
            {
                "y": 0.9453471196454948, 
                "x": 0.14692787177203917, 
                "p": 0.3253485413697363
            }, 
            {
                "y": 0.9615952732644018, 
                "x": 0.18165627782724844, 
                "p": 0.2797503740044169
            }, 
            {
                "y": 0.9704579025110783, 
                "x": 0.22617987533392697, 
                "p": 0.24346115322784623
            }, 
            {
                "y": 0.9793205317577548, 
                "x": 0.2867319679430098, 
                "p": 0.19723295370530786
            }, 
            {
                "y": 0.9852289512555391, 
                "x": 0.371326803205699, 
                "p": 0.15750920292319262
            }, 
            {
                "y": 0.9881831610044313, 
                "x": 0.42297417631344614, 
                "p": 0.1338161920865464
            }, 
            {
                "y": 0.9911373707533235, 
                "x": 0.5218165627782725, 
                "p": 0.10618277068121117
            }, 
            {
                "y": 0.9926144756277696, 
                "x": 0.591273374888691, 
                "p": 0.09151646199430326
            }, 
            {
                "y": 0.9940915805022157, 
                "x": 0.6883348174532502, 
                "p": 0.07280056185365255
            }, 
            {
                "y": 0.9955686853766618, 
                "x": 0.7907390917186109, 
                "p": 0.05515789311422826
            }, 
            {
                "y": 0.9985228951255539, 
                "x": 0.8717720391807658, 
                "p": 0.03731261909910026
            }, 
            {
                "y": 1.0, 
                "x": 1.0, 
                "p": 0.005233399100850775
            }
        ], 
        "GALAXY": [
            {
                "y": 0.0, 
                "x": 0.0, 
                "p": 1.9812279814045302
            }, 
            {
                "y": 0.049893842887473464, 
                "x": 0.0011655011655011655, 
                "p": 0.9459810429195794
            }, 
            {
                "y": 0.34288747346072185, 
                "x": 0.002331002331002331, 
                "p": 0.8881056672501458
            }, 
            {
                "y": 0.39384288747346075, 
                "x": 0.0034965034965034965, 
                "p": 0.8787894328280365
            }, 
            {
                "y": 0.4893842887473461, 
                "x": 0.004662004662004662, 
                "p": 0.8561401805774103
            }, 
            {
                "y": 0.5477707006369427, 
                "x": 0.009324009324009324, 
                "p": 0.8390345627546073
            }, 
            {
                "y": 0.6104033970276008, 
                "x": 0.01282051282051282, 
                "p": 0.8092770828736293
            }, 
            {
                "y": 0.6804670912951167, 
                "x": 0.017482517482517484, 
                "p": 0.7714066260342866
            }, 
            {
                "y": 0.7547770700636943, 
                "x": 0.02097902097902098, 
                "p": 0.7176422661668783
            }, 
            {
                "y": 0.8014861995753716, 
                "x": 0.03263403263403263, 
                "p": 0.6716555556578218
            }, 
            {
                "y": 0.8354564755838642, 
                "x": 0.05011655011655012, 
                "p": 0.6055606157532428
            }, 
            {
                "y": 0.8683651804670913, 
                "x": 0.07109557109557109, 
                "p": 0.5430833708904133
            }, 
            {
                "y": 0.8938428874734607, 
                "x": 0.09673659673659674, 
                "p": 0.49011913258476913
            }, 
            {
                "y": 0.916135881104034, 
                "x": 0.13053613053613053, 
                "p": 0.4318649224635901
            }, 
            {
                "y": 0.9363057324840764, 
                "x": 0.16200466200466201, 
                "p": 0.37514452528126824
            }, 
            {
                "y": 0.9554140127388535, 
                "x": 0.19696969696969696, 
                "p": 0.3161569701229755
            }, 
            {
                "y": 0.9639065817409767, 
                "x": 0.2529137529137529, 
                "p": 0.26344725738330366
            }, 
            {
                "y": 0.975583864118896, 
                "x": 0.29603729603729606, 
                "p": 0.2303111931869811
            }, 
            {
                "y": 0.9798301486199575, 
                "x": 0.351981351981352, 
                "p": 0.19584918564586698
            }, 
            {
                "y": 0.9840764331210191, 
                "x": 0.3986013986013986, 
                "p": 0.1695210879646648
            }, 
            {
                "y": 0.9904458598726115, 
                "x": 0.44405594405594406, 
                "p": 0.1493664259709252
            }, 
            {
                "y": 0.9936305732484076, 
                "x": 0.6130536130536131, 
                "p": 0.07517072842876442
            }, 
            {
                "y": 0.9968152866242038, 
                "x": 0.7762237762237763, 
                "p": 0.030821030046974705
            }, 
            {
                "y": 0.9989384288747346, 
                "x": 0.9405594405594405, 
                "p": 0.0028024840865857347
            }, 
            {
                "y": 1.0, 
                "x": 1.0, 
                "p": 0.0
            }
        ]
    }, 
    "processed_feature_names": [
        "A", 
        "B", 
        "C", 
        "D", 
        "E", 
        "F", 
        "G", 
        "H", 
        "I", 
        "J", 
        "camcol", 
        "dec", 
        "field", 
        "g", 
        "i", 
        "r", 
        "ra", 
        "run", 
        "u", 
        "z"
    ]
}