{
    "oneVsAllCalibrationCurves": {
        "QUASAR": [
            {
                "y": 0, 
                "x": 0, 
                "n": 0
            }, 
            {
                "y": 0.005249343832020997, 
                "x": 0.023446075353621008, 
                "n": 1524.0
            }, 
            {
                "y": 0.1320754716981132, 
                "x": 0.14610794257665982, 
                "n": 53.0
            }, 
            {
                "y": 0.1111111111111111, 
                "x": 0.24124880649694663, 
                "n": 18.0
            }, 
            {
                "y": 0.5625, 
                "x": 0.35679659832475547, 
                "n": 16.0
            }, 
            {
                "y": 0.6666666666666666, 
                "x": 0.4723460077200175, 
                "n": 6.0
            }, 
            {
                "y": 0.8333333333333334, 
                "x": 0.5631704842258742, 
                "n": 6.0
            }, 
            {
                "y": 0.8181818181818182, 
                "x": 0.6655321464083322, 
                "n": 11.0
            }, 
            {
                "y": 0.6896551724137931, 
                "x": 0.7637430912686217, 
                "n": 29.0
            }, 
            {
                "y": 0.8787878787878788, 
                "x": 0.8633540688182966, 
                "n": 33.0
            }, 
            {
                "y": 0.9615384615384616, 
                "x": 0.9620418773786011, 
                "n": 104.0
            }, 
            {
                "y": 1, 
                "x": 1, 
                "n": 0
            }
        ], 
        "STAR": [
            {
                "y": 0, 
                "x": 0, 
                "n": 0
            }, 
            {
                "y": 0.010683760683760684, 
                "x": 0.056806097903681824, 
                "n": 468.0
            }, 
            {
                "y": 0.0547945205479452, 
                "x": 0.1455897472760508, 
                "n": 292.0
            }, 
            {
                "y": 0.2119205298013245, 
                "x": 0.2504098865714837, 
                "n": 151.0
            }, 
            {
                "y": 0.24786324786324787, 
                "x": 0.34651179746363087, 
                "n": 117.0
            }, 
            {
                "y": 0.4519230769230769, 
                "x": 0.4487943424612064, 
                "n": 104.0
            }, 
            {
                "y": 0.6136363636363636, 
                "x": 0.5491195025701885, 
                "n": 88.0
            }, 
            {
                "y": 0.7961165048543689, 
                "x": 0.6514610877716617, 
                "n": 103.0
            }, 
            {
                "y": 0.9047619047619048, 
                "x": 0.7538217792896077, 
                "n": 147.0
            }, 
            {
                "y": 0.9726775956284153, 
                "x": 0.849386161408854, 
                "n": 183.0
            }, 
            {
                "y": 0.9727891156462585, 
                "x": 0.9423565031022478, 
                "n": 147.0
            }, 
            {
                "y": 1, 
                "x": 1, 
                "n": 0
            }
        ], 
        "GALAXY": [
            {
                "y": 0, 
                "x": 0, 
                "n": 0
            }, 
            {
                "y": 0.020618556701030927, 
                "x": 0.03777539916807544, 
                "n": 388.0
            }, 
            {
                "y": 0.04060913705583756, 
                "x": 0.1496172447334709, 
                "n": 197.0
            }, 
            {
                "y": 0.15079365079365079, 
                "x": 0.24419601810217623, 
                "n": 126.0
            }, 
            {
                "y": 0.2736842105263158, 
                "x": 0.34722823070390585, 
                "n": 95.0
            }, 
            {
                "y": 0.3958333333333333, 
                "x": 0.45126490182727413, 
                "n": 96.0
            }, 
            {
                "y": 0.6037735849056604, 
                "x": 0.5454001893614587, 
                "n": 106.0
            }, 
            {
                "y": 0.7169811320754716, 
                "x": 0.6510933923789722, 
                "n": 106.0
            }, 
            {
                "y": 0.8321678321678322, 
                "x": 0.7523139331994533, 
                "n": 143.0
            }, 
            {
                "y": 0.9657534246575342, 
                "x": 0.8575736797232645, 
                "n": 292.0
            }, 
            {
                "y": 0.9880478087649402, 
                "x": 0.9238803856647639, 
                "n": 251.0
            }, 
            {
                "y": 1, 
                "x": 1, 
                "n": 0
            }
        ]
    }, 
    "oneVsAllCalibrationLoss": {
        "QUASAR": 0.02293641155568005, 
        "STAR": 0.0753209657039014, 
        "GALAXY": 0.06916308859434117
    }, 
    "densityData": {
        "QUASAR": {
            "incorrect": [
                10.354339701486953, 
                12.663477947274487, 
                13.349074943681202, 
                12.238090693213156, 
                9.887933759993913, 
                7.183250011433581, 
                4.830990084025736, 
                3.1240662603118095, 
                2.0196615685546258, 
                1.3401362468182154, 
                0.9198236208583854, 
                0.6525379105317064, 
                0.4805684606006394, 
                0.37255607673895635, 
                0.3093198570574615, 
                0.276316694315218, 
                0.2596721890023355, 
                0.24649859929342127, 
                0.22841690907479079, 
                0.20371117134685032, 
                0.17541412766071518, 
                0.14752634247997087, 
                0.1228862465309694, 
                0.1032714916499302, 
                0.08985810752391438, 
                0.08283490397700072, 
                0.0808300853967899, 
                0.08123794291211366, 
                0.08143473391747919, 
                0.07988600305899617, 
                0.07635041693691946, 
                0.07128886061920399, 
                0.0651411526258002, 
                0.05803967788651101, 
                0.050071018685540945, 
                0.04165957894480577, 
                0.033513843071166206, 
                0.02615088128717864, 
                0.019622453095165915, 
                0.013804000421067756, 
                0.008827755379700401, 
                0.005107516427057406, 
                0.003046147080591447, 
                0.002883481794636402, 
                0.004747543881986266, 
                0.008545037806964167, 
                0.013565788190053881, 
                0.018284973964437193, 
                0.02094752913493504, 
                0.020735176213539194, 
                0.018441144522795692, 
                0.015815093242838897, 
                0.014078900218514108, 
                0.013056478581907716, 
                0.011717609955893007, 
                0.009411754949659365, 
                0.00646313730475691, 
                0.0037205626168250656, 
                0.001803008628130968, 
                0.0008339213354102001, 
                0.0007195684721072018, 
                0.0015504218513363135, 
                0.003748913505534545, 
                0.00777911233050702, 
                0.013515467826062428, 
                0.019855662701673518, 
                0.025301973219078264, 
                0.02926866507000579, 
                0.032616380605882664, 
                0.036428983067125685, 
                0.04029298104112892, 
                0.04231192028308937, 
                0.0411404821169446, 
                0.037893313265631265, 
                0.03584511626511093, 
                0.038016583455110116, 
                0.044622600171054544, 
                0.05250493388214531, 
                0.057154310876136614, 
                0.05581130384562851, 
                0.04918821831914671, 
                0.04061570682333753, 
                0.03366173113029868, 
                0.030241762992282813, 
                0.030329149148132395, 
                0.03287135502372099, 
                0.03675808272905563, 
                0.04103002203448553, 
                0.04450557995709845, 
                0.04570083408363353, 
                0.043523250494650466, 
                0.03808865048790716, 
                0.030662390810833384, 
                0.02278215019758723, 
                0.0155535357734595, 
                0.009600776397869873, 
                0.005236852776896003, 
                0.0024689279034439287, 
                0.0009890488870269813, 
                0.00033282706045953837
            ], 
            "incorrectMedian": 0.0195319036305858, 
            "correct": [
                0.19082705584857013, 
                0.20399122340787393, 
                0.2165925783012235, 
                0.22847866540020945, 
                0.23951254085528312, 
                0.24957560972203763, 
                0.2585696666530195, 
                0.2664182181437342, 
                0.27306722552648643, 
                0.278485441041828, 
                0.282664509946616, 
                0.28561897948163156, 
                0.28738629529130283, 
                0.28802678669108606, 
                0.28762355644677945, 
                0.2862821125167775, 
                0.28412952220184723, 
                0.28131284467614553, 
                0.27799661318619556, 
                0.27435919527927366, 
                0.2705879544848054, 
                0.26687326069463824, 
                0.2634015354356046, 
                0.26034765590827647, 
                0.25786716096019563, 
                0.2560887873680727, 
                0.2551079036114336, 
                0.2549813933690064, 
                0.25572447079646315, 
                0.2573097889213884, 
                0.2596690415295392, 
                0.2626970725195054, 
                0.26625831251733667, 
                0.2701951791131025, 
                0.2743379218405183, 
                0.27851528044935375, 
                0.28256526517803543, 
                0.28634536531458815, 
                0.28974154633452653, 
                0.2926754999168834, 
                0.29510975421545604, 
                0.2970504197210443, 
                0.2985475230747094, 
                0.29969305151243003, 
                0.30061698010487115, 
                0.30148167142274324, 
                0.30247511540077104, 
                0.30380351299808295, 
                0.3056837020269509, 
                0.3083358822668575, 
                0.3119770276001676, 
                0.31681528507271556, 
                0.32304556473116014, 
                0.33084642944909654, 
                0.340378308758456, 
                0.35178299066073987, 
                0.3651842934849859, 
                0.3806897862736753, 
                0.398393408558568, 
                0.4183788343493686, 
                0.440723424984042, 
                0.4655026149451842, 
                0.4927945679151577, 
                0.5226849224236486, 
                0.5552714144561455, 
                0.5906681177501082, 
                0.6290089834044967, 
                0.6704502940456006, 
                0.715171582248504, 
                0.763374508954216, 
                0.8152791679883183, 
                0.8711172912376544, 
                0.9311218890280011, 
                0.9955129832649371, 
                1.064479284626296, 
                1.1381559314412093, 
                1.2165987412323163, 
                1.2997558117243968, 
                1.3874377224231824, 
                1.4792879975231488, 
                1.5747558552918322, 
                1.6730735429905474, 
                1.7732406941598, 
                1.8740181056917364, 
                1.9739330847115881, 
                2.071298044733137, 
                2.1642433418821456, 
                2.2507644633772093, 
                2.3287826638431883, 
                2.3962170639356923, 
                2.4510651702345316, 
                2.4914878442573274, 
                2.51589403956382, 
                2.523020225196988, 
                2.5119993845723183, 
                2.482414853323118, 
                2.434335031932969, 
                2.3683261340059167, 
                2.285441526353046, 
                2.187187770149205
            ], 
            "correctMedian": 0.9098080466209059
        }, 
        "STAR": {
            "incorrect": [
                1.8383549401717498, 
                2.2429406029623986, 
                2.650776351842808, 
                3.037213694607161, 
                3.3772929750601173, 
                3.6491051826210796, 
                3.8368517369199124, 
                3.9329356921512573, 
                3.9386278223039715, 
                3.8632001881279874, 
                3.721797192124111, 
                3.53259894524196, 
                3.3139418172215223, 
                3.0819815256566083, 
                2.8492645261741267, 
                2.6242988763220434, 
                2.411970546764944, 
                2.2144925719824893, 
                2.032523395750398, 
                1.8661369401908126, 
                1.7154399528592417, 
                1.580772860669006, 
                1.4625597859265673, 
                1.360960673469222, 
                1.275507128740647, 
                1.2048748603940376, 
                1.1468770712695158, 
                1.098681609843041, 
                1.0571865949039536, 
                1.0194518900503067, 
                0.9830814726404529, 
                0.9464771768549687, 
                0.9089242247255491, 
                0.870510162872578, 
                0.831912072557924, 
                0.7941079130119244, 
                0.7580759011747359, 
                0.724541962357319, 
                0.6938211454709079, 
                0.6657767384552524, 
                0.6398941611493768, 
                0.6154407098257015, 
                0.5916630662028607, 
                0.5679676709635656, 
                0.5440372198813909, 
                0.5198577943372737, 
                0.49565911356593634, 
                0.4717961581966904, 
                0.44861567186065193, 
                0.4263512451623383, 
                0.40507663774609165, 
                0.3847244233611816, 
                0.3651543358420705, 
                0.346240784628952, 
                0.32794650145741217, 
                0.3103588069724524, 
                0.2936814881263636, 
                0.27819129338972814, 
                0.2641771743272269, 
                0.2518802404709605, 
                0.24144541745227457, 
                0.23288749696459113, 
                0.2260697407086676, 
                0.22069425026160605, 
                0.2163077522178335, 
                0.21232983801006095, 
                0.20810925871505634, 
                0.20300674019950823, 
                0.19649247167228728, 
                0.18823751832390764, 
                0.17817535268937554, 
                0.16651475376680633, 
                0.15369755262794763, 
                0.14031024714033047, 
                0.12697199693489752, 
                0.11422809766429441, 
                0.10247528173849212, 
                0.09193404652295421, 
                0.08266766230621438, 
                0.07463308376055539, 
                0.06774066877622835, 
                0.06190004656028565, 
                0.05703807345913376, 
                0.053087983553151766, 
                0.04996133423343675, 
                0.047521227329831474, 
                0.045573879411865026, 
                0.043886677247673034, 
                0.0422283659188848, 
                0.04041652706440478, 
                0.0383536663958183, 
                0.03603765999488359, 
                0.03354285327081184, 
                0.03097991409205312, 
                0.028450415515192767, 
                0.026012938545464586, 
                0.02367146920458998, 
                0.0213871915126149, 
                0.019105833111258238, 
                0.01678801574461836
            ], 
            "incorrectMedian": 0.12020732209285709, 
            "correct": [
                0.03699170160519281, 
                0.04412826299163551, 
                0.05198915917680437, 
                0.06056486798818591, 
                0.0698490126213985, 
                0.07984217842625867, 
                0.09055485366454377, 
                0.1020093460301738, 
                0.11424057058207762, 
                0.12729551380069667, 
                0.14123098609916945, 
                0.15610907534785684, 
                0.17198963635533498, 
                0.1889193199819659, 
                0.20691713461210476, 
                0.22595732976986846, 
                0.24595138153506696, 
                0.2667318332573173, 
                0.28804143673751886, 
                0.30953118415456715, 
                0.33077022812531875, 
                0.35126930499039355, 
                0.3705172366029184, 
                0.3880277053311537, 
                0.40339122816993733, 
                0.41632559274454495, 
                0.4267173782227381, 
                0.4346478002156708, 
                0.440397970619891, 
                0.4444314733399371, 
                0.4473554478568259, 
                0.44986457164543464, 
                0.4526748891168974, 
                0.45645592493882087, 
                0.4617697134943058, 
                0.4690242643677311, 
                0.47844676510574613, 
                0.4900788650239351, 
                0.5037931660171668, 
                0.5193270864732269, 
                0.5363280421411579, 
                0.5544027648008975, 
                0.5731637298300318, 
                0.5922670281958647, 
                0.611438298273866, 
                0.6304860322603127, 
                0.6493040901026469, 
                0.667867016028522, 
                0.6862223536969095, 
                0.7044834808582265, 
                0.7228247677019404, 
                0.741478655794095, 
                0.7607322913901288, 
                0.7809203373959037, 
                0.8024109865607639, 
                0.8255840265494309, 
                0.8508025990322403, 
                0.8783831960473697, 
                0.9085704479619834, 
                0.9415235474088065, 
                0.9773193473101385, 
                1.0159735102038192, 
                1.0574764043751717, 
                1.1018359552489256, 
                1.1491166308242748, 
                1.1994631205838753, 
                1.2530994277770588, 
                1.310298707509903, 
                1.371325294463988, 
                1.4363566258995186, 
                1.5053977567262555, 
                1.578203722142634, 
                1.6542244924780476, 
                1.7325837143416047, 
                1.8120965326904883, 
                1.8913247409610148, 
                1.96866076070698, 
                2.04242689111177, 
                2.110973908432353, 
                2.1727638706211927, 
                2.226425667045502, 
                2.270777633734765, 
                2.3048182320231883, 
                2.327692053519138, 
                2.3386431215709558, 
                2.336969834202931, 
                2.321995631484675, 
                2.293066724657683, 
                2.24958350914245, 
                2.191066339674735, 
                2.1172500153582674, 
                2.028195459102454, 
                1.9244024920271157, 
                1.8069050291444892, 
                1.6773300442202004, 
                1.5379046069870435, 
                1.3914011366150822, 
                1.2410191830598714, 
                1.090211433307587, 
                0.9424706882155686
            ], 
            "correctMedian": 0.7756173870637633
        }, 
        "GALAXY": {
            "incorrect": [
                2.2777065372426444, 
                2.472025098567661, 
                2.6294005907799467, 
                2.7454583755281665, 
                2.819032173948395, 
                2.851946640467873, 
                2.8484385551361275, 
                2.814357291295949, 
                2.7563047814222785, 
                2.680856200588189, 
                2.5939570287327496, 
                2.5005374983494324, 
                2.4043378784582305, 
                2.3079074544433564, 
                2.212728225162821, 
                2.1194165858354745, 
                2.0279651201728432, 
                1.937995557774378, 
                1.8489996888193212, 
                1.760547812062496, 
                1.6724465180096777, 
                1.584831840477159, 
                1.4981912282561667, 
                1.4133176652949042, 
                1.331209450251564, 
                1.2529371062082673, 
                1.1795027436598158, 
                1.1117162697319607, 
                1.0501076641302156, 
                0.9948864923910054, 
                0.9459505893005915, 
                0.9029370551570125, 
                0.8653017590591519, 
                0.8324095200753471, 
                0.8036167304730241, 
                0.7783315326560771, 
                0.7560431553808714, 
                0.7363202306016039, 
                0.7187858057929566, 
                0.7030821817900844, 
                0.6888400662539852, 
                0.6756634520821708, 
                0.6631351625514272, 
                0.6508403675329583, 
                0.6383991991705984, 
                0.6254969768807203, 
                0.6119022743592379, 
                0.5974683125432073, 
                0.5821198577469154, 
                0.5658333899878157, 
                0.5486207156173645, 
                0.530524585466156, 
                0.5116298724188483, 
                0.49208726905128486, 
                0.4721405918479169, 
                0.4521456277731068, 
                0.4325691065198794, 
                0.41396069854664, 
                0.3968977098878075, 
                0.38190948947155495, 
                0.3693945011110489, 
                0.3595459922942603, 
                0.35230147803495393, 
                0.34732706679344255, 
                0.3440410516932046, 
                0.3416737743720925, 
                0.3393542434440245, 
                0.3362097226176651, 
                0.3314632069055265, 
                0.32451531567963865, 
                0.3150009164867967, 
                0.3028156360293311, 
                0.28811216769066156, 
                0.2712700812331976, 
                0.25284526296652654, 
                0.23350619666483882, 
                0.21396437716751168, 
                0.1949056667905269, 
                0.17692869772723205, 
                0.1604956186318124, 
                0.14589949583758619, 
                0.1332513123429096, 
                0.1224876061292061, 
                0.11339738556525084, 
                0.10566434506407063, 
                0.09891809263885346, 
                0.09278668416419443, 
                0.08694270087734825, 
                0.08113655407076993, 
                0.07521339061498104, 
                0.06911327895994344, 
                0.0628574701065147, 
                0.05652571300382933, 
                0.050230415436131604, 
                0.04409285079619675, 
                0.038224977393296763, 
                0.03271835514319749, 
                0.027639733620597573, 
                0.02303159835248918, 
                0.018915479884066222
            ], 
            "incorrectMedian": 0.13804440473808346, 
            "correct": [
                0.04713075847577067, 
                0.053619827120534196, 
                0.05964959265860409, 
                0.06499552122463428, 
                0.06950567527884466, 
                0.07312288741146383, 
                0.07589646515731446, 
                0.07798196634944018, 
                0.07962910157732392, 
                0.08115908056893502, 
                0.08293366679736193, 
                0.08531893225118482, 
                0.08864734412346116, 
                0.09318239723446813, 
                0.09909036140090405, 
                0.10642349129893279, 
                0.11511787301424176, 
                0.12500680516909662, 
                0.13584752394998723, 
                0.14735596281697724, 
                0.15924216044691686, 
                0.1712388376292613, 
                0.18311790521702626, 
                0.19469371443618938, 
                0.20581639234100804, 
                0.2163619524549243, 
                0.22622669653528085, 
                0.23533131021158127, 
                0.24363573553321713, 
                0.25116100673563857, 
                0.25801064665301593, 
                0.2643833262267197, 
                0.27057063436149364, 
                0.2769381897119733, 
                0.2838933547292679, 
                0.2918467275062217, 
                0.30117610257934674, 
                0.31220028841991454, 
                0.325166545093019, 
                0.3402506391422905, 
                0.35756408574823456, 
                0.3771604658807815, 
                0.3990327781645119, 
                0.4230969613865674, 
                0.4491624868375059, 
                0.4768978097589887, 
                0.5058042748849778, 
                0.5352143880715772, 
                0.5643274505988757, 
                0.5922871836981959, 
                0.6182939081376932, 
                0.641731558551919, 
                0.6622814569644516, 
                0.6799937179815806, 
                0.6952946826173734, 
                0.7089234171079447, 
                0.7218081982838402, 
                0.7349099393370437, 
                0.7490689618065532, 
                0.7648915091140204, 
                0.7827027681852184, 
                0.8025765329939992, 
                0.8244326111509037, 
                0.8481768684775897, 
                0.8738497220645145, 
                0.9017490218594738, 
                0.9325019220106989, 
                0.9670744238347578, 
                1.0067223873673856, 
                1.052899833462733, 
                1.1071467237354797, 
                1.1709786310140684, 
                1.245796020156879, 
                1.3328231604137666, 
                1.4330775650533751, 
                1.5473611089811816, 
                1.6762540403835882, 
                1.820083998546134, 
                1.9788363751967821, 
                2.1519739664116764, 
                2.3381473182723975, 
                2.534805105283532, 
                2.7377545343939538, 
                2.9407672501014672, 
                3.1353627905667545, 
                3.3109127107318392, 
                3.45518001354505, 
                3.5553354845167324, 
                3.5993839054321572, 
                3.577812940977568, 
                3.485180040270651, 
                3.3213124936987097, 
                3.091835113698182, 
                2.8078587429505752, 
                2.484835229403933, 
                2.140765543540785, 
                1.7940869687939647, 
                1.4616240769119822, 
                1.1569526331424584, 
                0.8894106343427785
            ], 
            "correctMedian": 0.8404848051878098
        }
    }, 
    "confusion": {
        "totalRows": 1800, 
        "perActual": {
            "QUASAR": {
                "perPredicted": {
                    "QUASAR": 168, 
                    "STAR": 13, 
                    "GALAXY": 12
                }, 
                "actualClassCount": 193.0
            }, 
            "STAR": {
                "perPredicted": {
                    "QUASAR": 13, 
                    "STAR": 597, 
                    "GALAXY": 109
                }, 
                "actualClassCount": 719.0
            }, 
            "GALAXY": {
                "perPredicted": {
                    "QUASAR": 8, 
                    "STAR": 78, 
                    "GALAXY": 802
                }, 
                "actualClassCount": 888.0
            }
        }
    }, 
    "metrics": {
        "f1": 0.8712979111460396, 
        "mcalibrationLoss": 0.05580682195130754, 
        "recall": 0.8679797877103432, 
        "precision": 0.8751757297245342, 
        "logLoss": 0.3873432377577357, 
        "mrocAUC": 0.9664470600209555, 
        "hammingLoss": 0.12944444444444445, 
        "accuracy": 0.8705555555555555
    }, 
    "oneVsAllRocAUC": {
        "QUASAR": 0.9832210761854709, 
        "STAR": 0.9495457639156037, 
        "GALAXY": 0.9518260036352142
    }, 
    "classes": [
        "GALAXY", 
        "STAR", 
        "QUASAR"
    ], 
    "globalMetrics": {
        "predictionAvg": [
            0.4821794256977373, 
            0.39684707118395285, 
            0.12097350311830991
        ], 
        "predictionStd": [
            0.3438192059854514, 
            0.3218088756905318, 
            0.26390688752669617
        ], 
        "targetStd": [
            0.5000944880147611, 
            0.4899203259319064, 
            0.3094815466935118
        ], 
        "targetAvg": [
            0.49333333333333335, 
            0.39944444444444444, 
            0.10722222222222222
        ], 
        "testWeight": 1800
    }, 
    "oneVsAllRocCurves": {
        "QUASAR": [
            {
                "y": 0.0, 
                "x": 0.0, 
                "p": 1.996034104547502
            }, 
            {
                "y": 0.40414507772020725, 
                "x": 0.0, 
                "p": 0.9403602947416584
            }, 
            {
                "y": 0.47668393782383417, 
                "x": 0.0006222775357809583, 
                "p": 0.9131369282194389
            }, 
            {
                "y": 0.5647668393782384, 
                "x": 0.002489110143123833, 
                "p": 0.8860123944947567
            }, 
            {
                "y": 0.6373056994818653, 
                "x": 0.00373366521468575, 
                "p": 0.8481050117112248
            }, 
            {
                "y": 0.6994818652849741, 
                "x": 0.005600497822028625, 
                "p": 0.7931499702969886
            }, 
            {
                "y": 0.7564766839378239, 
                "x": 0.008089607965152458, 
                "p": 0.7381021694037071
            }, 
            {
                "y": 0.8393782383419689, 
                "x": 0.011823273179838207, 
                "p": 0.5520017201081855
            }, 
            {
                "y": 0.9067357512953368, 
                "x": 0.01431238332296204, 
                "p": 0.35957015776243895
            }, 
            {
                "y": 0.9378238341968912, 
                "x": 0.03360298693217175, 
                "p": 0.17411943682413494
            }, 
            {
                "y": 0.9585492227979274, 
                "x": 0.07529558182949596, 
                "p": 0.08291056206606402
            }, 
            {
                "y": 0.9689119170984456, 
                "x": 0.1549471064094586, 
                "p": 0.04759578289253131
            }, 
            {
                "y": 0.9792746113989638, 
                "x": 0.19663970130678282, 
                "p": 0.040032696940551116
            }, 
            {
                "y": 0.9844559585492227, 
                "x": 0.24206596141879277, 
                "p": 0.03430720450133953
            }, 
            {
                "y": 0.9896373056994818, 
                "x": 0.2906036092097075, 
                "p": 0.030281171762979335
            }, 
            {
                "y": 0.9948186528497409, 
                "x": 0.7896701929060361, 
                "p": 0.010009459043083242
            }, 
            {
                "y": 0.9948186528497409, 
                "x": 0.8960796515245799, 
                "p": 0.003653805703303505
            }, 
            {
                "y": 0.9948186528497409, 
                "x": 0.9483509645301804, 
                "p": 0.0011699091718672383
            }, 
            {
                "y": 1.0, 
                "x": 1.0, 
                "p": 0.0
            }
        ], 
        "STAR": [
            {
                "y": 0.0, 
                "x": 0.0, 
                "p": 2.0
            }, 
            {
                "y": 0.05285118219749652, 
                "x": 0.0009250693802035153, 
                "p": 0.9657954352996936
            }, 
            {
                "y": 0.17385257301808066, 
                "x": 0.0018501387604070306, 
                "p": 0.9101018486893391
            }, 
            {
                "y": 0.23504867872044508, 
                "x": 0.0037002775208140612, 
                "p": 0.8852994297106916
            }, 
            {
                "y": 0.36995827538247567, 
                "x": 0.005550416281221091, 
                "p": 0.8305196155882864
            }, 
            {
                "y": 0.43115438108484005, 
                "x": 0.0074005550416281225, 
                "p": 0.8050512342097912
            }, 
            {
                "y": 0.4937413073713491, 
                "x": 0.009250693802035153, 
                "p": 0.7813798066913816
            }, 
            {
                "y": 0.545201668984701, 
                "x": 0.011100832562442183, 
                "p": 0.7603865918874291
            }, 
            {
                "y": 0.5924895688456189, 
                "x": 0.013876040703052728, 
                "p": 0.7259898796850445
            }, 
            {
                "y": 0.6397774687065368, 
                "x": 0.02127659574468085, 
                "p": 0.6912318727705024
            }, 
            {
                "y": 0.6815020862308763, 
                "x": 0.030527289546716005, 
                "p": 0.6561308474599192
            }, 
            {
                "y": 0.7260083449235049, 
                "x": 0.03700277520814061, 
                "p": 0.6203549548748039
            }, 
            {
                "y": 0.7677329624478443, 
                "x": 0.04902867715078631, 
                "p": 0.5651801559406394
            }, 
            {
                "y": 0.8025034770514604, 
                "x": 0.06475485661424607, 
                "p": 0.5260928403311166
            }, 
            {
                "y": 0.8372739916550765, 
                "x": 0.08140610545790934, 
                "p": 0.48162393506412715
            }, 
            {
                "y": 0.8650904033379694, 
                "x": 0.10638297872340426, 
                "p": 0.4354179100352196
            }, 
            {
                "y": 0.8901251738525731, 
                "x": 0.1332099907493062, 
                "p": 0.3917710751860849
            }, 
            {
                "y": 0.9082058414464534, 
                "x": 0.16651248843663274, 
                "p": 0.3427903240269768
            }, 
            {
                "y": 0.9248956884561892, 
                "x": 0.20166512488436633, 
                "p": 0.30793163578903915
            }, 
            {
                "y": 0.9401947148817803, 
                "x": 0.23681776133209992, 
                "p": 0.27046016834832215
            }, 
            {
                "y": 0.9582753824756607, 
                "x": 0.27012025901942643, 
                "p": 0.23791386910372903
            }, 
            {
                "y": 0.9707927677329624, 
                "x": 0.32469935245143383, 
                "p": 0.19612193687965557
            }, 
            {
                "y": 0.980528511821975, 
                "x": 0.3829787234042553, 
                "p": 0.17001984813042942
            }, 
            {
                "y": 0.9847009735744089, 
                "x": 0.4588344125809436, 
                "p": 0.13727793552946782
            }, 
            {
                "y": 0.9902642559109874, 
                "x": 0.5124884366327475, 
                "p": 0.11602189088942685
            }, 
            {
                "y": 0.9916550764951322, 
                "x": 0.5707678075855689, 
                "p": 0.10084068966287683
            }, 
            {
                "y": 0.9944367176634215, 
                "x": 0.635522664199815, 
                "p": 0.08462989667796274
            }, 
            {
                "y": 0.9958275382475661, 
                "x": 0.7733580018501388, 
                "p": 0.05873409363497532
            }, 
            {
                "y": 0.9972183588317107, 
                "x": 0.9121184088806661, 
                "p": 0.03863319519821251
            }, 
            {
                "y": 1.0, 
                "x": 1.0, 
                "p": 0.0027784945033117203
            }
        ], 
        "GALAXY": [
            {
                "y": 0.0, 
                "x": 0.0, 
                "p": 1.9839632208327183
            }, 
            {
                "y": 0.16216216216216217, 
                "x": 0.0021929824561403508, 
                "p": 0.9192020471044374
            }, 
            {
                "y": 0.32207207207207206, 
                "x": 0.003289473684210526, 
                "p": 0.8911518499083004
            }, 
            {
                "y": 0.3716216216216216, 
                "x": 0.005482456140350877, 
                "p": 0.8788666478925049
            }, 
            {
                "y": 0.4313063063063063, 
                "x": 0.007675438596491228, 
                "p": 0.8656622745372122
            }, 
            {
                "y": 0.545045045045045, 
                "x": 0.010964912280701754, 
                "p": 0.8226384772994614
            }, 
            {
                "y": 0.5934684684684685, 
                "x": 0.013157894736842105, 
                "p": 0.8039273464930221
            }, 
            {
                "y": 0.6497747747747747, 
                "x": 0.01644736842105263, 
                "p": 0.7692985597713777
            }, 
            {
                "y": 0.6948198198198198, 
                "x": 0.02631578947368421, 
                "p": 0.7329576517481129
            }, 
            {
                "y": 0.7331081081081081, 
                "x": 0.04057017543859649, 
                "p": 0.6985501378017471
            }, 
            {
                "y": 0.7702702702702703, 
                "x": 0.05701754385964912, 
                "p": 0.655878772988109
            }, 
            {
                "y": 0.8130630630630631, 
                "x": 0.06907894736842106, 
                "p": 0.6061040866087782
            }, 
            {
                "y": 0.8434684684684685, 
                "x": 0.08881578947368421, 
                "p": 0.5563986072514086
            }, 
            {
                "y": 0.875, 
                "x": 0.10855263157894737, 
                "p": 0.5182409937443955
            }, 
            {
                "y": 0.9031531531531531, 
                "x": 0.13267543859649122, 
                "p": 0.4724586473885197
            }, 
            {
                "y": 0.9245495495495496, 
                "x": 0.16337719298245615, 
                "p": 0.42858502309354735
            }, 
            {
                "y": 0.9414414414414415, 
                "x": 0.20065789473684212, 
                "p": 0.37025270930026744
            }, 
            {
                "y": 0.9527027027027027, 
                "x": 0.24671052631578946, 
                "p": 0.3156302182733318
            }, 
            {
                "y": 0.9684684684684685, 
                "x": 0.2817982456140351, 
                "p": 0.27116369956786857
            }, 
            {
                "y": 0.9752252252252253, 
                "x": 0.3256578947368421, 
                "p": 0.23237310527634775
            }, 
            {
                "y": 0.9819819819819819, 
                "x": 0.3793859649122807, 
                "p": 0.19844759754030392
            }, 
            {
                "y": 0.9853603603603603, 
                "x": 0.4440789473684211, 
                "p": 0.16765424511753832
            }, 
            {
                "y": 0.9876126126126126, 
                "x": 0.5131578947368421, 
                "p": 0.12970742268584984
            }, 
            {
                "y": 0.9898648648648649, 
                "x": 0.5701754385964912, 
                "p": 0.10536676251337898
            }, 
            {
                "y": 0.990990990990991, 
                "x": 0.6206140350877193, 
                "p": 0.08951408811461653
            }, 
            {
                "y": 0.9921171171171171, 
                "x": 0.6787280701754386, 
                "p": 0.07152219716856396
            }, 
            {
                "y": 0.9954954954954955, 
                "x": 0.7653508771929824, 
                "p": 0.035314553721268384
            }, 
            {
                "y": 0.9977477477477478, 
                "x": 0.8585526315789473, 
                "p": 0.014045272771298158
            }, 
            {
                "y": 0.9988738738738738, 
                "x": 0.9144736842105263, 
                "p": 0.004597453736365076
            }, 
            {
                "y": 0.9988738738738738, 
                "x": 0.9649122807017544, 
                "p": 0.0021428773915437263
            }, 
            {
                "y": 1.0, 
                "x": 1.0, 
                "p": 0.0
            }
        ]
    }, 
    "processed_feature_names": [
        "A", 
        "B", 
        "C", 
        "D", 
        "E", 
        "F", 
        "G", 
        "H", 
        "I", 
        "J", 
        "camcol", 
        "dec", 
        "field", 
        "g", 
        "i", 
        "r", 
        "ra", 
        "run", 
        "u", 
        "z"
    ]
}