{
    "oneVsAllCalibrationCurves": {
        "QUASAR": [
            {
                "y": 0, 
                "x": 0, 
                "n": 0
            }, 
            {
                "y": 0.004617414248021108, 
                "x": 0.02453804704772045, 
                "n": 1516.0
            }, 
            {
                "y": 0.13846153846153847, 
                "x": 0.14587293181729294, 
                "n": 65.0
            }, 
            {
                "y": 0.2727272727272727, 
                "x": 0.24151557985463415, 
                "n": 22.0
            }, 
            {
                "y": 0.3076923076923077, 
                "x": 0.3520449058485643, 
                "n": 13.0
            }, 
            {
                "y": 0.5555555555555556, 
                "x": 0.45231919769167217, 
                "n": 9.0
            }, 
            {
                "y": 0.6153846153846154, 
                "x": 0.5430000875841288, 
                "n": 13.0
            }, 
            {
                "y": 1.0, 
                "x": 0.6565878392665938, 
                "n": 12.0
            }, 
            {
                "y": 0.875, 
                "x": 0.7532695325389371, 
                "n": 16.0
            }, 
            {
                "y": 0.9615384615384616, 
                "x": 0.857211670313257, 
                "n": 26.0
            }, 
            {
                "y": 0.9629629629629629, 
                "x": 0.9634265225248945, 
                "n": 108.0
            }, 
            {
                "y": 1, 
                "x": 1, 
                "n": 0
            }
        ], 
        "STAR": [
            {
                "y": 0, 
                "x": 0, 
                "n": 0
            }, 
            {
                "y": 0.010395010395010396, 
                "x": 0.059231941719005705, 
                "n": 481.0
            }, 
            {
                "y": 0.010344827586206896, 
                "x": 0.14606983799055012, 
                "n": 290.0
            }, 
            {
                "y": 0.11347517730496454, 
                "x": 0.24573411228665965, 
                "n": 141.0
            }, 
            {
                "y": 0.29906542056074764, 
                "x": 0.34791413989809705, 
                "n": 107.0
            }, 
            {
                "y": 0.46153846153846156, 
                "x": 0.44855774963868084, 
                "n": 91.0
            }, 
            {
                "y": 0.5681818181818182, 
                "x": 0.5494682328270948, 
                "n": 88.0
            }, 
            {
                "y": 0.6896551724137931, 
                "x": 0.6526539780497923, 
                "n": 116.0
            }, 
            {
                "y": 0.8695652173913043, 
                "x": 0.7502540494216231, 
                "n": 138.0
            }, 
            {
                "y": 0.9653465346534653, 
                "x": 0.8512854135749873, 
                "n": 202.0
            }, 
            {
                "y": 1.0, 
                "x": 0.9363911487719933, 
                "n": 146.0
            }, 
            {
                "y": 1, 
                "x": 1, 
                "n": 0
            }
        ], 
        "GALAXY": [
            {
                "y": 0, 
                "x": 0, 
                "n": 0
            }, 
            {
                "y": 0.007772020725388601, 
                "x": 0.037998163053463756, 
                "n": 386.0
            }, 
            {
                "y": 0.04455445544554455, 
                "x": 0.14484774939851086, 
                "n": 202.0
            }, 
            {
                "y": 0.22388059701492538, 
                "x": 0.24691755788696382, 
                "n": 134.0
            }, 
            {
                "y": 0.3177570093457944, 
                "x": 0.3459249286864679, 
                "n": 107.0
            }, 
            {
                "y": 0.4827586206896552, 
                "x": 0.45005635948324796, 
                "n": 87.0
            }, 
            {
                "y": 0.574468085106383, 
                "x": 0.5505111387277748, 
                "n": 94.0
            }, 
            {
                "y": 0.6585365853658537, 
                "x": 0.650637534319375, 
                "n": 82.0
            }, 
            {
                "y": 0.9066666666666666, 
                "x": 0.7578941181478466, 
                "n": 150.0
            }, 
            {
                "y": 0.9938837920489296, 
                "x": 0.8599577569665089, 
                "n": 327.0
            }, 
            {
                "y": 0.9956709956709957, 
                "x": 0.9222643954656975, 
                "n": 231.0
            }, 
            {
                "y": 1, 
                "x": 1, 
                "n": 0
            }
        ]
    }, 
    "oneVsAllCalibrationLoss": {
        "QUASAR": 0.02369221189255595, 
        "STAR": 0.0792436103016078, 
        "GALAXY": 0.07046602706166542
    }, 
    "densityData": {
        "QUASAR": {
            "incorrect": [
                10.46016614546312, 
                13.832250682343611, 
                15.029428291275055, 
                13.605364580910333, 
                10.482916812171359, 
                7.111317171317119, 
                4.461843913844397, 
                2.748497945805851, 
                1.751170025823271, 
                1.1794571162882725, 
                0.8294681845065426, 
                0.5986426998086666, 
                0.45143090622405724, 
                0.37544938085398805, 
                0.3527573391692516, 
                0.35672041795067594, 
                0.36102877367669256, 
                0.3468178266172601, 
                0.3083563610156635, 
                0.25556525722430806, 
                0.2056263225253542, 
                0.16938868311484961, 
                0.1469882683351626, 
                0.132803045424639, 
                0.12057177202512899, 
                0.10644670005807713, 
                0.09033158633166521, 
                0.07424244346166198, 
                0.06021401974922962, 
                0.05035361319857779, 
                0.04657206564902863, 
                0.04862578238337474, 
                0.05324612085854016, 
                0.05592546678959775, 
                0.054471554845453546, 
                0.05152624810143595, 
                0.051655829351016945, 
                0.05487689964363774, 
                0.05607581719410283, 
                0.052022403322825025, 
                0.045144083667929595, 
                0.0388215907791814, 
                0.03311740024295878, 
                0.02723238295668619, 
                0.02236519582680151, 
                0.019905196923633763, 
                0.019557833162448256, 
                0.02063674129346694, 
                0.023033329921290778, 
                0.02624869636339723, 
                0.02926647070411812, 
                0.031842769865709504, 
                0.03470635530774082, 
                0.038014575301285845, 
                0.04028215567906001, 
                0.03944399594391401, 
                0.03475600463047127, 
                0.027223256398362778, 
                0.01865068724455014, 
                0.010862480594764261, 
                0.0051988882648686275, 
                0.0019865308009618357, 
                0.0005999931640388767, 
                0.00018279577486093185, 
                0.0002572004807932663, 
                0.0008998714389243789, 
                0.002621619651454277, 
                0.005822712785923016, 
                0.009827209205954266, 
                0.012601862992669145, 
                0.012278470274213419, 
                0.009091873426132477, 
                0.00513146589327555, 
                0.002294791368658487, 
                0.0011926585905765992, 
                0.0017892022039578978, 
                0.004132558199701986, 
                0.007935885787169406, 
                0.011760878586362416, 
                0.013654328711539284, 
                0.013249105491308486, 
                0.01240783060838597, 
                0.012827540461128297, 
                0.013698874426729027, 
                0.012831860906152492, 
                0.009587143156572489, 
                0.00552274297093756, 
                0.0024377194326582565, 
                0.0008893341786347008, 
                0.0006121428595205747, 
                0.001660029836951998, 
                0.00501411015680099, 
                0.012094339867856803, 
                0.023068483625975043, 
                0.03521993558367351, 
                0.043583948097398316, 
                0.044054640950787746, 
                0.036356794609138085, 
                0.02428984747155449, 
                0.012968398701769045
            ], 
            "incorrectMedian": 0.021560062421284186, 
            "correct": [
                0.20801453948851759, 
                0.22485349454474707, 
                0.24140119347257058, 
                0.2574420259826456, 
                0.2727658819961074, 
                0.2871743561057555, 
                0.3004865734205234, 
                0.3125443670128072, 
                0.3232165729557545, 
                0.3324022601621444, 
                0.34003277547239563, 
                0.346072555190576, 
                0.3505187273145867, 
                0.35339959851891806, 
                0.3547721811509628, 
                0.35471896336055336, 
                0.3533441563592204, 
                0.350769664532831, 
                0.3471310162601049, 
                0.34257346717185755, 
                0.3372484462697759, 
                0.33131046326097224, 
                0.3249145380562382, 
                0.31821415640666284, 
                0.31135970465695667, 
                0.3044972962877169, 
                0.29776787669858573, 
                0.29130648230295647, 
                0.28524153545118724, 
                0.279694076288075, 
                0.27477686330613277, 
                0.27059331204223425, 
                0.2672362815921358, 
                0.26478675696012954, 
                0.26331250781486976, 
                0.2628668279475595, 
                0.26348747265500017, 
                0.26519591255735536, 
                0.26799701223589273, 
                0.2718792216818941, 
                0.27681533974424083, 
                0.2827638739212552, 
                0.289670982658459, 
                0.2974729476526242, 
                0.3060990874276346, 
                0.3154749924609273, 
                0.3255259390114657, 
                0.3361803257718661, 
                0.34737297622155927, 
                0.3590481610080494, 
                0.3711622187700298, 
                0.3836856893447715, 
                0.3966049178713686, 
                0.4099231383500798, 
                0.4236610962207162, 
                0.4378573163270574, 
                0.4525681599145223, 
                0.46786783709345015, 
                0.48384854540555766, 
                0.5006208880332413, 
                0.5183146857843982, 
                0.5370802361820374, 
                0.5570899936432864, 
                0.5785405515121064, 
                0.6016547058255132, 
                0.6266832795582761, 
                0.6539062929423758, 
                0.6836329889731383, 
                0.7162001721427923, 
                0.7519683012336075, 
                0.7913148013941088, 
                0.8346241332455021, 
                0.8822742821240515, 
                0.9346195108662749, 
                0.9919694534103747, 
                1.0545649081306268, 
                1.122551008211384, 
                1.1959487846813766, 
                1.2746264732957628, 
                1.3582722213778988, 
                1.4463700933581094, 
                1.5381814209902802, 
                1.6327335647269705, 
                1.728818020559933, 
                1.8249995052169259, 
                1.9196371783751665, 
                2.010918525761073, 
                2.096905661185188, 
                2.1755929552007185, 
                2.2449740242477128, 
                2.3031152880847916, 
                2.3482326002208995, 
                2.3787669476938302, 
                2.3934549633616937, 
                2.391390037712663, 
                2.372070175375246, 
                2.335429403267126, 
                2.2818504631529257, 
                2.212157645572004, 
                2.1275898582699764
            ], 
            "correctMedian": 0.9145729975177899
        }, 
        "STAR": {
            "incorrect": [
                1.7361942170888762, 
                2.1177826342190555, 
                2.50930909913247, 
                2.8901388104558046, 
                3.238014018022395, 
                3.5316034826940452, 
                3.753253451776809, 
                3.89141637819073, 
                3.9422182741973004, 
                3.9097720351921326, 
                3.805131281248039, 
                3.6441233630396868, 
                3.444584601739525, 
                3.223646139957557, 
                2.9956463492772123, 
                2.771012649257985, 
                2.55615441989476, 
                2.354144887353818, 
                2.165819405757089, 
                1.9909039582208512, 
                1.8288845984162923, 
                1.6794807828865428, 
                1.5427350909330941, 
                1.4188370381572322, 
                1.30784189124328, 
                1.2094306860060062, 
                1.1228035942671726, 
                1.046730072076617, 
                0.9797193450541788, 
                0.920240258607157, 
                0.8669162267947398, 
                0.8186437014764484, 
                0.7746180714482461, 
                0.7342840389908694, 
                0.6972473123179962, 
                0.6631874711816899, 
                0.6318016319481882, 
                0.6027919233765873, 
                0.5758930369404879, 
                0.5509229046588981, 
                0.5278315068760274, 
                0.5067211402402485, 
                0.48781770267493607, 
                0.47138730198831963, 
                0.45761328927383044, 
                0.4464689857883197, 
                0.43763178136575037, 
                0.43047770365359367, 
                0.42417134945528, 
                0.4178321176264523, 
                0.41072778107012686, 
                0.4024339680648787, 
                0.3929092971936969, 
                0.38246632216974513, 
                0.3716550259901572, 
                0.3611029860759345, 
                0.3513641856414267, 
                0.34281595679451843, 
                0.33561886536637553, 
                0.3297297549609017, 
                0.3249437696123338, 
                0.32094059510821193, 
                0.31732006614643643, 
                0.31362540875017286, 
                0.30936185922175397, 
                0.30402092740500103, 
                0.2971170047180691, 
                0.2882366433730716, 
                0.27709491364343164, 
                0.26358943594047013, 
                0.24784103815707945, 
                0.23021005569102673, 
                0.2112791549560975, 
                0.19179792796715786, 
                0.17259182186904004, 
                0.1544473285046407, 
                0.13799415565302087, 
                0.12360982648423254, 
                0.11137001160687057, 
                0.1010583330685835, 
                0.09223468062737376, 
                0.08434572019954441, 
                0.07685026553627253, 
                0.0693291650490012, 
                0.06155519980345502, 
                0.05351100005194208, 
                0.04535779545540808, 
                0.03737008718638048, 
                0.02985758193321279, 
                0.023094950841605844, 
                0.017273673738220606, 
                0.012481449410972748, 
                0.008706585980321584, 
                0.005859596318467573, 
                0.00380256509226728, 
                0.0023780875989213887, 
                0.0014324053180071923, 
                0.0008304697319392157, 
                0.00046315215022345546, 
                0.00024830232227704917
            ], 
            "incorrectMedian": 0.12464297249314939, 
            "correct": [
                0.04550469115539906, 
                0.050260130371695376, 
                0.05426057423949952, 
                0.05737091744536711, 
                0.059555662385551364, 
                0.06088595895395979, 
                0.06153183154875328, 
                0.0617417744786279, 
                0.061814270313313234, 
                0.0620668431365424, 
                0.06280783855015537, 
                0.06431455884195117, 
                0.0668193499597511, 
                0.07050346453224403, 
                0.07549749447500927, 
                0.08188693769924026, 
                0.0897216972654385, 
                0.09902848322525366, 
                0.10982478882845187, 
                0.1221322975550647, 
                0.13598662825551677, 
                0.1514398982851987, 
                0.16855329062610724, 
                0.187378879949492, 
                0.2079330490003915, 
                0.23016700876666796, 
                0.2539420599237494, 
                0.2790173063448979, 
                0.3050551506910464, 
                0.33164549130460524, 
                0.35834430214998764, 
                0.3847178551768939, 
                0.4103817831053222, 
                0.43502537735615726, 
                0.4584158436231236, 
                0.48038349709558803, 
                0.5007951249821138, 
                0.5195268999536772, 
                0.5364487972896639, 
                0.5514290845824449, 
                0.5643610638426302, 
                0.5752068389299728, 
                0.5840468268985751, 
                0.5911209748029636, 
                0.5968490372829893, 
                0.6018223061518747, 
                0.6067662147118424, 
                0.6124801068809956, 
                0.6197652617031197, 
                0.6293539601753266, 
                0.6418510218141457, 
                0.6576957399099537, 
                0.677147783805339, 
                0.7002965112799713, 
                0.727089840023648, 
                0.7573764660657513, 
                0.7909536668335727, 
                0.8276121721982515, 
                0.8671698922026956, 
                0.909488091898398, 
                0.9544671740902793, 
                1.0020242942353184, 
                1.052060566020792, 
                1.1044299960748885, 
                1.1589237741839238, 
                1.2152809668921525, 
                1.2732300004049988, 
                1.3325559607135882, 
                1.393179223026612, 
                1.455224214808107, 
                1.5190556392944925, 
                1.5852642407482496, 
                1.6545943128028053, 
                1.7278180828510257, 
                1.8055743762972678, 
                1.8881972803371447, 
                1.975562799312527, 
                2.066977436044234, 
                2.1611237385094175, 
                2.256066805400642, 
                2.34931553547134, 
                2.43792545256536, 
                2.518627503015412, 
                2.587969220314922, 
                2.642459821704447, 
                2.6787171119741067, 
                2.6936192465099835, 
                2.684466479330169, 
                2.649155836925816, 
                2.5863652565294113, 
                2.495734495519326, 
                2.37802059873556, 
                2.235199028680164, 
                2.0704805757209237, 
                1.8882205436160968, 
                1.693710263360153, 
                1.4928595007250636, 
                1.2917979541471576, 
                1.0964402886021911, 
                0.9120680490033819
            ], 
            "correctMedian": 0.7974235109840371
        }, 
        "GALAXY": {
            "incorrect": [
                2.472884336632808, 
                2.7225551924542843, 
                2.923871186432723, 
                3.069496357994868, 
                3.1574234017344005, 
                3.190661132232179, 
                3.176146966027969, 
                3.1231805186606008, 
                3.0417475045412283, 
                2.9410774066237995, 
                2.828673787161749, 
                2.7099110665792954, 
                2.5881487211980576, 
                2.4652078080827637, 
                2.3420051254119856, 
                2.219149791856303, 
                2.0973632894921166, 
                1.977664640624735, 
                1.8613414309462164, 
                1.74978269459123, 
                1.6442691493356978, 
                1.5458009644864634, 
                1.4550058030985424, 
                1.3721286978104097, 
                1.2970767677398267, 
                1.2294838991142412, 
                1.1687708802234047, 
                1.114194992155003, 
                1.0648978344203623, 
                1.0199635592319498, 
                0.9784914597228336, 
                0.9396733180502889, 
                0.9028559002994216, 
                0.8675689490146692, 
                0.8335098180013939, 
                0.8004925843328085, 
                0.7683840701117879, 
                0.7370547130770627, 
                0.7063659439116217, 
                0.6762003217577129, 
                0.6465226713515897, 
                0.6174471250962685, 
                0.5892811918871208, 
                0.5625245437681923, 
                0.5378140743668027, 
                0.5158228015338225, 
                0.4971333548560528, 
                0.48211384173881877, 
                0.4708238064082647, 
                0.4629715966468749, 
                0.4579336017098812, 
                0.4548328398018783, 
                0.4526617503204821, 
                0.45042433017486333, 
                0.4472682554500686, 
                0.44257985685725537, 
                0.43602379658944845, 
                0.42752316410883284, 
                0.4171909248758077, 
                0.40523589740312804, 
                0.3918719608787235, 
                0.3772561792037372, 
                0.3614708214425341, 
                0.34454926629248867, 
                0.3265313879812317, 
                0.30752494749193865, 
                0.28774863212963236, 
                0.26753970663171456, 
                0.24732193320075682, 
                0.2275429236155692, 
                0.20859983144236052, 
                0.19077533190713622, 
                0.17420175283163153, 
                0.15886198565524484, 
                0.14462480094354405, 
                0.13130288395636172, 
                0.11871674842054282, 
                0.10674759085878195, 
                0.09536652823565502, 
                0.08463487334045204, 
                0.07467801831431402, 
                0.06564205997674342, 
                0.05764597568961729, 
                0.050742245160142974, 
                0.04489557286983383, 
                0.03998391051144291, 
                0.03581993227509712, 
                0.032186129695322335, 
                0.028873978507548803, 
                0.025717656298172232, 
                0.022615229256447645, 
                0.019534139560776036, 
                0.016501995838886434, 
                0.013586975435560783, 
                0.010873857664348768, 
                0.008441632444225492, 
                0.006347098444535068, 
                0.004616555222656845, 
                0.003245373037773907, 
                0.0022035073110616963
            ], 
            "incorrectMedian": 0.1272200541053978, 
            "correct": [
                0.021946560544880228, 
                0.024320263973384198, 
                0.026696834569057602, 
                0.029192413455732275, 
                0.0319667552900667, 
                0.03520326151544694, 
                0.03908459624389997, 
                0.04376906464271143, 
                0.04937290739027992, 
                0.055962523693004355, 
                0.06355860534317215, 
                0.07215157402091654, 
                0.0817249637495296, 
                0.09228096745024063, 
                0.10386084785666237, 
                0.11655288603752453, 
                0.13048241935460173, 
                0.14578230740224737, 
                0.16254726880442202, 
                0.18078076400953252, 
                0.20034690882398776, 
                0.22094083534487646, 
                0.24208815687079918, 
                0.263178000350737, 
                0.28352589321750854, 
                0.30245495311692866, 
                0.3193788131169754, 
                0.3338692825901586, 
                0.3456962118074256, 
                0.35483503199349276, 
                0.361446337738244, 
                0.3658386689973013, 
                0.36842809351610734, 
                0.36970563946932194, 
                0.3702172607764308, 
                0.37055337734356064, 
                0.3713390717206346, 
                0.373214033916217, 
                0.3767941676597009, 
                0.38261353436819584, 
                0.3910537525509749, 
                0.4022751869389425, 
                0.41616764741165646, 
                0.4323364099742674, 
                0.45013235940293406, 
                0.4687247862644707, 
                0.4872048391647824, 
                0.5047000343391238, 
                0.5204779090810723, 
                0.5340205561897934, 
                0.5450601480483865, 
                0.553575904784673, 
                0.559762017231413, 
                0.5639811881566901, 
                0.5667186305643579, 
                0.5685472839201626, 
                0.5701087413665124, 
                0.5721083775283191, 
                0.5753192701484283, 
                0.5805883358680036, 
                0.588839050768708, 
                0.6010669449071437, 
                0.6183256173836592, 
                0.641701894452126, 
                0.6722793476039457, 
                0.7110905474279545, 
                0.7590608265375551, 
                0.8169499408710651, 
                0.8853019663235607, 
                0.964416526151997, 
                1.0543543641859898, 
                1.154986141835642, 
                1.2660847955814531, 
                1.3874496050372547, 
                1.5190361953892297, 
                1.6610539550726389, 
                1.8139844282271427, 
                1.9784749740061385, 
                2.155074605299548, 
                2.3438050080767523, 
                2.5435980432489993, 
                2.7516764605655966, 
                2.962997880474727, 
                3.1699108692588753, 
                3.3621729800982942, 
                3.527444081574632, 
                3.6522921535543613, 
                3.7236424605746676, 
                3.730486150839339, 
                3.665570770355485, 
                3.526753209442386, 
                3.317725683987103, 
                3.0479293452376135, 
                2.731627693260155, 
                2.3862847356561, 
                2.0305354097753887, 
                1.6821103095638195, 
                1.3560652840996752, 
                1.063576467291673, 
                0.8114221217377044
            ], 
            "correctMedian": 0.8437075126315489
        }
    }, 
    "confusion": {
        "totalRows": 1800, 
        "perActual": {
            "QUASAR": {
                "perPredicted": {
                    "QUASAR": 168, 
                    "STAR": 15, 
                    "GALAXY": 11
                }, 
                "actualClassCount": 194.0
            }, 
            "STAR": {
                "perPredicted": {
                    "QUASAR": 11, 
                    "STAR": 599, 
                    "GALAXY": 79
                }, 
                "actualClassCount": 689.0
            }, 
            "GALAXY": {
                "perPredicted": {
                    "QUASAR": 6, 
                    "STAR": 102, 
                    "GALAXY": 809
                }, 
                "actualClassCount": 917.0
            }
        }
    }, 
    "metrics": {
        "f1": 0.8767272459205184, 
        "mcalibrationLoss": 0.05780061641860973, 
        "recall": 0.8725266447128265, 
        "precision": 0.8815296840579433, 
        "logLoss": 0.3510794621663952, 
        "mrocAUC": 0.973079636318291, 
        "hammingLoss": 0.12444444444444444, 
        "accuracy": 0.8755555555555555
    }, 
    "oneVsAllRocAUC": {
        "QUASAR": 0.9869721790707526, 
        "STAR": 0.9589511926519212, 
        "GALAXY": 0.9637599093997735
    }, 
    "classes": [
        "GALAXY", 
        "STAR", 
        "QUASAR"
    ], 
    "globalMetrics": {
        "predictionAvg": [
            0.4812311467643806, 
            0.399896545015744, 
            0.11887230821987538
        ], 
        "predictionStd": [
            0.3460450119812893, 
            0.3242617471196769, 
            0.25797501002186074
        ], 
        "targetStd": [
            0.5000497165079488, 
            0.486199833967281, 
            0.31018572061516153
        ], 
        "targetAvg": [
            0.5094444444444445, 
            0.3827777777777778, 
            0.10777777777777778
        ], 
        "testWeight": 1800
    }, 
    "oneVsAllRocCurves": {
        "QUASAR": [
            {
                "y": 0.0, 
                "x": 0.0, 
                "p": 1.9941162932620218
            }, 
            {
                "y": 0.23711340206185566, 
                "x": 0.0, 
                "p": 0.9776808377732722
            }, 
            {
                "y": 0.34536082474226804, 
                "x": 0.0012453300124533001, 
                "p": 0.9603274295449528
            }, 
            {
                "y": 0.6082474226804123, 
                "x": 0.0024906600249066002, 
                "p": 0.846085589460038
            }, 
            {
                "y": 0.6649484536082474, 
                "x": 0.00311332503113325, 
                "p": 0.8000271327613859
            }, 
            {
                "y": 0.7371134020618557, 
                "x": 0.0037359900373599006, 
                "p": 0.70466887344694
            }, 
            {
                "y": 0.8041237113402062, 
                "x": 0.0043586550435865505, 
                "p": 0.585121376465364
            }, 
            {
                "y": 0.8556701030927835, 
                "x": 0.00809464508094645, 
                "p": 0.47425704994862483
            }, 
            {
                "y": 0.9020618556701031, 
                "x": 0.01805728518057285, 
                "p": 0.2543222849910842
            }, 
            {
                "y": 0.9278350515463918, 
                "x": 0.04296388542963885, 
                "p": 0.14912960367019246
            }, 
            {
                "y": 0.9639175257731959, 
                "x": 0.09464508094645081, 
                "p": 0.07175668216954573
            }, 
            {
                "y": 0.979381443298969, 
                "x": 0.18244084682440848, 
                "p": 0.044598101914096716
            }, 
            {
                "y": 0.9845360824742269, 
                "x": 0.3082191780821918, 
                "p": 0.030057163928195997
            }, 
            {
                "y": 0.9896907216494846, 
                "x": 0.36737235367372356, 
                "p": 0.027019303958401644
            }, 
            {
                "y": 1.0, 
                "x": 0.5529265255292652, 
                "p": 0.020019718100086265
            }, 
            {
                "y": 1.0, 
                "x": 0.6226650062266501, 
                "p": 0.017857520452864463
            }, 
            {
                "y": 1.0, 
                "x": 0.813200498132005, 
                "p": 0.010002941168946169
            }, 
            {
                "y": 1.0, 
                "x": 0.9009962640099627, 
                "p": 0.0038614773000569935
            }, 
            {
                "y": 1.0, 
                "x": 0.9576587795765878, 
                "p": 0.0009533991169713925
            }, 
            {
                "y": 1.0, 
                "x": 1.0, 
                "p": 0.0
            }
        ], 
        "STAR": [
            {
                "y": 0.0, 
                "x": 0.0, 
                "p": 1.9944234559463427
            }, 
            {
                "y": 0.2946298984034833, 
                "x": 0.0, 
                "p": 0.8723547098555722
            }, 
            {
                "y": 0.39622641509433965, 
                "x": 0.0009000900090009, 
                "p": 0.8393735447488255
            }, 
            {
                "y": 0.49201741654571846, 
                "x": 0.0054005400540054005, 
                "p": 0.8037238317680563
            }, 
            {
                "y": 0.5776487663280117, 
                "x": 0.008100810081008101, 
                "p": 0.760889879498816
            }, 
            {
                "y": 0.6240928882438317, 
                "x": 0.012601260126012601, 
                "p": 0.7261495680620643
            }, 
            {
                "y": 0.6748911465892597, 
                "x": 0.022502250225022502, 
                "p": 0.6962973286247371
            }, 
            {
                "y": 0.7184325108853411, 
                "x": 0.0306030603060306, 
                "p": 0.6700553373789301
            }, 
            {
                "y": 0.7561683599419449, 
                "x": 0.04410441044104411, 
                "p": 0.6317439253720744
            }, 
            {
                "y": 0.7968069666182874, 
                "x": 0.05670567056705671, 
                "p": 0.5887688907795375
            }, 
            {
                "y": 0.8316400580551524, 
                "x": 0.07290729072907291, 
                "p": 0.5421280527827822
            }, 
            {
                "y": 0.8606676342525399, 
                "x": 0.0963096309630963, 
                "p": 0.49356337647475035
            }, 
            {
                "y": 0.8911465892597968, 
                "x": 0.11611161116111611, 
                "p": 0.43579911689045575
            }, 
            {
                "y": 0.9230769230769231, 
                "x": 0.13771377137713772, 
                "p": 0.3940544440658783
            }, 
            {
                "y": 0.9462989840348331, 
                "x": 0.16561656165616562, 
                "p": 0.3456135596919867
            }, 
            {
                "y": 0.965166908563135, 
                "x": 0.2007200720072007, 
                "p": 0.30143265461708973
            }, 
            {
                "y": 0.97677793904209, 
                "x": 0.25292529252925294, 
                "p": 0.24767732787060914
            }, 
            {
                "y": 0.9825834542815675, 
                "x": 0.30423042304230424, 
                "p": 0.20826326594280517
            }, 
            {
                "y": 0.988388969521045, 
                "x": 0.44824482448244823, 
                "p": 0.1413002275929739
            }, 
            {
                "y": 0.9912917271407837, 
                "x": 0.558055805580558, 
                "p": 0.10375977063354752
            }, 
            {
                "y": 0.9927431059506531, 
                "x": 0.8307830783078308, 
                "p": 0.055701212731116785
            }, 
            {
                "y": 0.9941944847605225, 
                "x": 0.9135913591359136, 
                "p": 0.03905871766518602
            }, 
            {
                "y": 0.9985486211901307, 
                "x": 0.9693969396939695, 
                "p": 0.010480448852336961
            }, 
            {
                "y": 1.0, 
                "x": 1.0, 
                "p": 0.004306671489864232
            }
        ], 
        "GALAXY": [
            {
                "y": 0.0, 
                "x": 0.0, 
                "p": 1.9905117208385736
            }, 
            {
                "y": 0.23773173391494, 
                "x": 0.0, 
                "p": 0.9031018988610877
            }, 
            {
                "y": 0.3500545256270447, 
                "x": 0.0011325028312570782, 
                "p": 0.8832805764542236
            }, 
            {
                "y": 0.49727371864776443, 
                "x": 0.0022650056625141564, 
                "p": 0.8451400637166269
            }, 
            {
                "y": 0.6357688113413305, 
                "x": 0.0033975084937712344, 
                "p": 0.786449749650405
            }, 
            {
                "y": 0.688113413304253, 
                "x": 0.007927519818799546, 
                "p": 0.758659826777958
            }, 
            {
                "y": 0.7339149400218102, 
                "x": 0.013590033975084938, 
                "p": 0.7242151833917376
            }, 
            {
                "y": 0.7764449291166848, 
                "x": 0.021517553793884484, 
                "p": 0.6726090978952355
            }, 
            {
                "y": 0.8058887677208287, 
                "x": 0.044167610419026046, 
                "p": 0.6156880152192175
            }, 
            {
                "y": 0.8353326063249727, 
                "x": 0.06681766704416761, 
                "p": 0.5627019144907375
            }, 
            {
                "y": 0.861504907306434, 
                "x": 0.0928652321630804, 
                "p": 0.5185080917902272
            }, 
            {
                "y": 0.8953107960741549, 
                "x": 0.11211778029445074, 
                "p": 0.46298322790280333
            }, 
            {
                "y": 0.916030534351145, 
                "x": 0.14156285390713477, 
                "p": 0.40502169591216863
            }, 
            {
                "y": 0.9323882224645583, 
                "x": 0.17893544733861835, 
                "p": 0.35466715357371376
            }, 
            {
                "y": 0.9487459105779716, 
                "x": 0.2129105322763307, 
                "p": 0.3148182348817306
            }, 
            {
                "y": 0.9629225736095965, 
                "x": 0.2491506228765572, 
                "p": 0.27739334954092076
            }, 
            {
                "y": 0.9792802617230099, 
                "x": 0.2887882219705549, 
                "p": 0.23826177816023666
            }, 
            {
                "y": 0.9847328244274809, 
                "x": 0.33408833522083803, 
                "p": 0.21143007528795763
            }, 
            {
                "y": 0.9880043620501636, 
                "x": 0.38165345413363533, 
                "p": 0.17538504005231942
            }, 
            {
                "y": 0.9912758996728462, 
                "x": 0.43714609286523215, 
                "p": 0.15042460630611876
            }, 
            {
                "y": 0.9945474372955289, 
                "x": 0.49037372593431483, 
                "p": 0.13141518543297484
            }, 
            {
                "y": 0.9956379498364231, 
                "x": 0.5571913929784824, 
                "p": 0.10402574222657777
            }, 
            {
                "y": 0.9967284623773174, 
                "x": 0.6477916194790487, 
                "p": 0.07135287619021612
            }, 
            {
                "y": 0.9978189749182116, 
                "x": 0.8584371460928653, 
                "p": 0.014493699184488224
            }, 
            {
                "y": 0.9989094874591058, 
                "x": 0.9898074745186863, 
                "p": 0.0017401613180374608
            }, 
            {
                "y": 1.0, 
                "x": 1.0, 
                "p": 0.0
            }
        ]
    }, 
    "processed_feature_names": [
        "A", 
        "B", 
        "C", 
        "D", 
        "E", 
        "F", 
        "G", 
        "H", 
        "I", 
        "J", 
        "camcol", 
        "dec", 
        "field", 
        "g", 
        "i", 
        "r", 
        "ra", 
        "run", 
        "u", 
        "z"
    ]
}