{
    "oneVsAllCalibrationCurves": {
        "QUASAR": [
            {
                "y": 0, 
                "x": 0, 
                "n": 0
            }, 
            {
                "y": 0.005776636713735558, 
                "x": 0.01120655151838381, 
                "n": 1558.0
            }, 
            {
                "y": 0.2571428571428571, 
                "x": 0.14172446906963038, 
                "n": 35.0
            }, 
            {
                "y": 0.46153846153846156, 
                "x": 0.24990228046827487, 
                "n": 13.0
            }, 
            {
                "y": 0.45454545454545453, 
                "x": 0.3580634544906504, 
                "n": 11.0
            }, 
            {
                "y": 0.5454545454545454, 
                "x": 0.4438743080848958, 
                "n": 11.0
            }, 
            {
                "y": 0.6363636363636364, 
                "x": 0.5554686505673315, 
                "n": 11.0
            }, 
            {
                "y": 0.8333333333333334, 
                "x": 0.649308734428173, 
                "n": 6.0
            }, 
            {
                "y": 0.9285714285714286, 
                "x": 0.7641474392685431, 
                "n": 14.0
            }, 
            {
                "y": 0.8928571428571429, 
                "x": 0.8459056009288103, 
                "n": 28.0
            }, 
            {
                "y": 0.9646017699115044, 
                "x": 0.967166314991225, 
                "n": 113.0
            }, 
            {
                "y": 1, 
                "x": 1, 
                "n": 0
            }
        ], 
        "STAR": [
            {
                "y": 0, 
                "x": 0, 
                "n": 0
            }, 
            {
                "y": 0.014508928571428572, 
                "x": 0.02276891050149179, 
                "n": 896.0
            }, 
            {
                "y": 0.023255813953488372, 
                "x": 0.13996412918233314, 
                "n": 86.0
            }, 
            {
                "y": 0.08163265306122448, 
                "x": 0.23944847676299938, 
                "n": 49.0
            }, 
            {
                "y": 0.17142857142857143, 
                "x": 0.3538629266829294, 
                "n": 35.0
            }, 
            {
                "y": 0.4583333333333333, 
                "x": 0.44930436592854006, 
                "n": 24.0
            }, 
            {
                "y": 0.42857142857142855, 
                "x": 0.5542018611272789, 
                "n": 28.0
            }, 
            {
                "y": 0.7586206896551724, 
                "x": 0.6473460792419491, 
                "n": 29.0
            }, 
            {
                "y": 0.8852459016393442, 
                "x": 0.7569600116945402, 
                "n": 61.0
            }, 
            {
                "y": 0.9302325581395349, 
                "x": 0.8615503760447902, 
                "n": 129.0
            }, 
            {
                "y": 0.9611231101511879, 
                "x": 0.962450215000492, 
                "n": 463.0
            }, 
            {
                "y": 1, 
                "x": 1, 
                "n": 0
            }
        ], 
        "GALAXY": [
            {
                "y": 0, 
                "x": 0, 
                "n": 0
            }, 
            {
                "y": 0.03106508875739645, 
                "x": 0.029208309745248837, 
                "n": 676.0
            }, 
            {
                "y": 0.042735042735042736, 
                "x": 0.1425800566900252, 
                "n": 117.0
            }, 
            {
                "y": 0.10416666666666667, 
                "x": 0.24310800296571244, 
                "n": 48.0
            }, 
            {
                "y": 0.23529411764705882, 
                "x": 0.3503531333881145, 
                "n": 34.0
            }, 
            {
                "y": 0.5714285714285714, 
                "x": 0.45024721895398706, 
                "n": 28.0
            }, 
            {
                "y": 0.42857142857142855, 
                "x": 0.5527834386833088, 
                "n": 14.0
            }, 
            {
                "y": 0.7, 
                "x": 0.6355733934574845, 
                "n": 30.0
            }, 
            {
                "y": 0.9318181818181818, 
                "x": 0.7506225386867089, 
                "n": 44.0
            }, 
            {
                "y": 0.9550561797752809, 
                "x": 0.8573819398353887, 
                "n": 89.0
            }, 
            {
                "y": 0.9847222222222223, 
                "x": 0.9701613602135205, 
                "n": 720.0
            }, 
            {
                "y": 1, 
                "x": 1, 
                "n": 0
            }
        ]
    }, 
    "oneVsAllCalibrationLoss": {
        "QUASAR": 0.012960983816232655, 
        "STAR": 0.031009576704251123, 
        "GALAXY": 0.03207362246018081
    }, 
    "densityData": {
        "QUASAR": {
            "incorrect": [
                16.14666750435783, 
                17.07878532233805, 
                14.515945604049655, 
                10.158536533897268, 
                6.097003357127337, 
                3.344938787954318, 
                1.8165628990857225, 
                1.0389668184162892, 
                0.6391617697846557, 
                0.42792717647133, 
                0.3190678807237821, 
                0.26179254842991034, 
                0.22163957674735676, 
                0.18432717907489832, 
                0.15366050430154546, 
                0.13621129416379757, 
                0.12904369687858575, 
                0.12316699582894274, 
                0.11332196152490084, 
                0.10125866664853649, 
                0.09238537940124182, 
                0.08981052950392114, 
                0.0897812285596529, 
                0.08423355060650735, 
                0.0690296699951886, 
                0.04806496482805579, 
                0.029225973673442172, 
                0.018265998112380978, 
                0.016234530608119083, 
                0.020340847820821895, 
                0.026314694484218245, 
                0.031045468461021585, 
                0.034026851607163434, 
                0.0364622094888742, 
                0.03906193763848946, 
                0.04095553668711645, 
                0.04078341587034951, 
                0.03850756924732406, 
                0.035718796444345204, 
                0.03417515291324275, 
                0.034386458960289266, 
                0.03556910691545093, 
                0.036349316727922805, 
                0.03520109473226046, 
                0.031036430107171577, 
                0.024531871792161784, 
                0.018836241768766557, 
                0.017894798310349517, 
                0.02313439610944242, 
                0.031405959685411794, 
                0.03667790701746804, 
                0.034975159420719396, 
                0.028007225437688563, 
                0.021187772424974202, 
                0.01822600218567201, 
                0.01860885261566611, 
                0.01978099317867521, 
                0.019970745839138097, 
                0.018831710395671747, 
                0.01707439792965908, 
                0.015842702201636444, 
                0.015336441784520554, 
                0.014228493670827926, 
                0.011328566000769699, 
                0.007238428481464361, 
                0.003604960224315774, 
                0.0013840017166035362, 
                0.0004080011412156713, 
                9.272311984901452e-05, 
                2.064958799192664e-05, 
                3.403204175274723e-05, 
                0.00016684587656127912, 
                0.0006665543885274398, 
                0.002042599916578152, 
                0.004795454716473842, 
                0.008625112513253775, 
                0.011884704535277313, 
                0.012546002478031507, 
                0.010147960152125013, 
                0.00630168887666546, 
                0.003083657573623042, 
                0.0015832586489460912, 
                0.002227899950854484, 
                0.005836271364739963, 
                0.013437266236482752, 
                0.0242567210271683, 
                0.034055524459136885, 
                0.037280388104326455, 
                0.032307305600696314, 
                0.02370274253880531, 
                0.018214283100899818, 
                0.018895954388987488, 
                0.023199640847591907, 
                0.02614679410364682, 
                0.025352246175300693, 
                0.02296614265019735, 
                0.02244134862099146, 
                0.024089179606720773, 
                0.0248082971229029, 
                0.02182125536491588
            ], 
            "incorrectMedian": 0.006224637407016016, 
            "correct": [
                0.24283945142802252, 
                0.2566971787223595, 
                0.2697610983792056, 
                0.2818871857209117, 
                0.2929510180391684, 
                0.30285107584418713, 
                0.31151129984580794, 
                0.31888283024978836, 
                0.32494488886640205, 
                0.3297047968201184, 
                0.3331971500984901, 
                0.3354822011298824, 
                0.3366435168701065, 
                0.3367850026942729, 
                0.3360273970882813, 
                0.33450435505747195, 
                0.33235824849919443, 
                0.32973581945043995, 
                0.32678382678170026, 
                0.3236448280123005, 
                0.3204532348214701, 
                0.3173317729262402, 
                0.31438846390042474, 
                0.3117142281625624, 
                0.3093811851268854, 
                0.30744169919220066, 
                0.30592819004129757, 
                0.3048536941467348, 
                0.30421313311349923, 
                0.30398521525429817, 
                0.30413487120364235, 
                0.30461610382741516, 
                0.3053751182686101, 
                0.30635359043037363, 
                0.3074919319094558, 
                0.3087324163647246, 
                0.31002204619008866, 
                0.3113150584716574, 
                0.3125749945298318, 
                0.3137762865478677, 
                0.31490534624722377, 
                0.31596117241281274, 
                0.3169555242460238, 
                0.3179127339066924, 
                0.31886925215237466, 
                0.3198730339054752, 
                0.32098287454007157, 
                0.32226780198395455, 
                0.32380661447513753, 
                0.32568762997822426, 
                0.32800868272848804, 
                0.33087736779981913, 
                0.334411499252367, 
                0.33873971487079396, 
                0.34400213424959936, 
                0.35035096003447175, 
                0.357950906627211, 
                0.3669793475192203, 
                0.3776260910812039, 
                0.39009272298687453, 
                0.40459148788922483, 
                0.4213437187013362, 
                0.44057785333006316, 
                0.462527100343799, 
                0.48742682184713826, 
                0.5155116902474732, 
                0.5470126442692145, 
                0.5821536199064324, 
                0.6211479685150044, 
                0.6641944045474748, 
                0.7114722598472739, 
                0.76313577213824, 
                0.8193071152115126, 
                0.880067899267071, 
                0.945448941229392, 
                1.015418231601206, 
                1.089867205689787, 
                1.1685956551117693, 
                1.2512958753922685, 
                1.3375369154709869, 
                1.426750047820295, 
                1.5182167832544136, 
                1.6110608816725551, 
                1.7042458313776376, 
                1.7965791643595388, 
                1.8867247320524199, 
                1.9732236870158202, 
                2.054524416037961, 
                2.1290210784512613, 
                2.195099761439991, 
                2.251190622533364, 
                2.2958238039693217, 
                2.3276864295214477, 
                2.3456776811214906, 
                2.3489588383207107, 
                2.3369952707028303, 
                2.309587705384582, 
                2.266890632318257, 
                2.209416423702489, 
                2.1380245785930585
            ], 
            "correctMedian": 0.9267481122448601
        }, 
        "STAR": {
            "incorrect": [
                5.604126295495566, 
                5.908929548728446, 
                6.005872084940668, 
                5.893353835580093, 
                5.593416930987071, 
                5.1466040503609625, 
                4.603873465679792, 
                4.017728604648098, 
                3.434619942548584, 
                2.8899927394789757, 
                2.406409437958201, 
                1.9943248117838597, 
                1.6545776617895218, 
                1.3815509809496265, 
                1.1661556131478137, 
                0.9981466906274085, 
                0.8676300618554922, 
                0.7658589573746993, 
                0.6855316585614343, 
                0.6208040138202424, 
                0.5671743691863494, 
                0.5213283816777997, 
                0.480976316699106, 
                0.44468598325990355, 
                0.4117068321002465, 
                0.3817852085915096, 
                0.3549780041096494, 
                0.33147658992501877, 
                0.31145377299908583, 
                0.2949448671075741, 
                0.2817713634387378, 
                0.27151259271120554, 
                0.26352665288712546, 
                0.2570161100199258, 
                0.25112686262691675, 
                0.24506168733212907, 
                0.23818580760884014, 
                0.23010263742462136, 
                0.22068461264214992, 
                0.21005555555897834, 
                0.19853395848226027, 
                0.186556372603714, 
                0.17460287530474436, 
                0.1631411284997709, 
                0.15259422250810087, 
                0.14332555800585775, 
                0.13562712946495578, 
                0.12969899854963277, 
                0.12561659137230274, 
                0.12329407222490373, 
                0.12246039823698045, 
                0.12266533865412826, 
                0.12332505816103212, 
                0.12380397175681424, 
                0.12351678074439645, 
                0.12202685202980083, 
                0.11911702382519743, 
                0.11481610766369289, 
                0.10937603553085058, 
                0.10320699831125729, 
                0.09678760636423032, 
                0.09057182863098381, 
                0.08491346228957303, 
                0.08002279005022715, 
                0.07596070827111594, 
                0.07266555552442641, 
                0.06999993549825118, 
                0.06780123683886878, 
                0.06592122425364719, 
                0.0642462350404064, 
                0.06269789554851121, 
                0.06122187871377702, 
                0.0597763802287133, 
                0.05833125380130027, 
                0.05688336856330075, 
                0.055485581649490454, 
                0.05427862107358352, 
                0.053510176468046955, 
                0.05352587332240928, 
                0.05472330158563827, 
                0.05747163991310464, 
                0.06201250728518091, 
                0.06836812386340742, 
                0.0762863941683394, 
                0.0852465002416674, 
                0.0945333239666973, 
                0.10336825693965805, 
                0.11106416023111272, 
                0.11716063211572654, 
                0.12149769979527344, 
                0.12420269139166713, 
                0.12559211159018419, 
                0.1260190719177883, 
                0.12571679920605863, 
                0.12469187464721805, 
                0.12270490701371435, 
                0.11934638169477457, 
                0.11418225954610724, 
                0.10691991093952022, 
                0.09753904366634106
            ], 
            "incorrectMedian": 0.021344345271673452, 
            "correct": [
                0.10342191493106846, 
                0.11231564725209683, 
                0.1190198117373188, 
                0.12320753004349377, 
                0.12471649454388263, 
                0.12355274253333347, 
                0.11988407827793797, 
                0.11402593586497527, 
                0.10641998617932365, 
                0.09760405177824337, 
                0.08817215683365406, 
                0.07872586313201395, 
                0.0698213637208948, 
                0.06191956618866631, 
                0.05534732724659467, 
                0.05027663651968956, 
                0.046725303590836334, 
                0.04457856061899216, 
                0.04362706108856763, 
                0.04361391613600926, 
                0.04428216372645817, 
                0.04541453240493701, 
                0.0468593464784583, 
                0.04853948138198422, 
                0.05044478952258279, 
                0.05261166247846788, 
                0.05509571962321965, 
                0.05794458393191663, 
                0.06117721506128477, 
                0.06477451564329266, 
                0.06868329049556686, 
                0.07283254943736736, 
                0.07715803174463312, 
                0.08162818829348696, 
                0.08626333437456882, 
                0.09114004015990215, 
                0.09637564623451138, 
                0.10209305018903653, 
                0.10837258666061549, 
                0.11520391055200667, 
                0.12245385281983326, 
                0.12986436119341405, 
                0.13708751890346613, 
                0.14375393546958398, 
                0.14955986505148974, 
                0.15435105467790877, 
                0.15818036063284086, 
                0.1613222156212639, 
                0.16423823501747703, 
                0.1675010310126813, 
                0.17169372230635566, 
                0.17730782058990596, 
                0.18466122000593002, 
                0.19385196317118536, 
                0.2047546541788351, 
                0.2170574792049886, 
                0.2303308401773287, 
                0.24411461353736533, 
                0.25800996742135274, 
                0.2717627557363796, 
                0.2853277954456922, 
                0.2989060858856202, 
                0.312949959729178, 
                0.3281343933797664, 
                0.3452965315669404, 
                0.3653499683997992, 
                0.3891850545215414, 
                0.417570508367726, 
                0.4510736496667623, 
                0.4900155679669136, 
                0.534473069095401, 
                0.5843318420673661, 
                0.6393864046828214, 
                0.6994739916710397, 
                0.764623542509161, 
                0.8351985423340865, 
                0.912013816677749, 
                0.9964105469670547, 
                1.0902791169045356, 
                1.1960241706293453, 
                1.3164691825876391, 
                1.4546984203720799, 
                1.6138327505034198, 
                1.796733315987474, 
                2.005625444723137, 
                2.2416369204697237, 
                2.5042537090398147, 
                2.790716483360109, 
                3.095415226987853, 
                3.4093842916481165, 
                3.7200461178992685, 
                4.011379605431275, 
                4.264675750469046, 
                4.459970192464754, 
                4.57810716527557, 
                4.603213881204517, 
                4.525194969763589, 
                4.341752679142241, 
                4.059451543189252, 
                3.693496484241946
            ], 
            "correctMedian": 0.9381740466921459
        }, 
        "GALAXY": {
            "incorrect": [
                5.052218033410103, 
                5.4652350917169565, 
                5.690370862295825, 
                5.715894703191304, 
                5.554360088204019, 
                5.238298197963431, 
                4.812472328477192, 
                4.3250596208139145, 
                3.8200062296619737, 
                3.331994672395234, 
                2.884405159715804, 
                2.489779305819079, 
                2.151847770490531, 
                1.8681663134118884, 
                1.632656466915509, 
                1.4376695868647842, 
                1.2754508504602773, 
                1.1390310456395945, 
                1.0226430334553693, 
                0.9217878297498754, 
                0.833086179763926, 
                0.7540463589264609, 
                0.6828510366204389, 
                0.6182174124861631, 
                0.5593306429092928, 
                0.5058108775580339, 
                0.45766198584828605, 
                0.41516485563933875, 
                0.37870865328426156, 
                0.34858486698678837, 
                0.32478980412882563, 
                0.30688600346282235, 
                0.29396175827225446, 
                0.28470450077464543, 
                0.27757465770502204, 
                0.2710397630921689, 
                0.2638119973408878, 
                0.25503139640761247, 
                0.24435267904430194, 
                0.23192145296258118, 
                0.21825654426747204, 
                0.20407897637531744, 
                0.1901369132400297, 
                0.17706782335165658, 
                0.16531919088994898, 
                0.15512672201667438, 
                0.1465334082394531, 
                0.13942869180226694, 
                0.13359275557048597, 
                0.12874057677619305, 
                0.124567186754784, 
                0.12079590585561199, 
                0.11722595803764084, 
                0.11376901416073587, 
                0.11046092874491893, 
                0.10743847488962466, 
                0.1048810482890183, 
                0.10293042392648585, 
                0.10161210366372972, 
                0.10078458644108064, 
                0.10013601613024997, 
                0.09923319078996018, 
                0.09761118520895513, 
                0.09487906549662059, 
                0.09081275463031017, 
                0.08541092537186339, 
                0.07890129214207585, 
                0.07169839725421256, 
                0.06432564748782549, 
                0.057321285642855706, 
                0.05114947682988577, 
                0.04613444266788013, 
                0.042428873196242604, 
                0.04001916776962843, 
                0.03876118861946739, 
                0.03843337804551207, 
                0.0387915131480998, 
                0.03961217097311787, 
                0.04071910414237567, 
                0.041994922286937554, 
                0.043385674267520005, 
                0.04490547061136331, 
                0.046642550319024145, 
                0.0487605560477428, 
                0.051483895554973694, 
                0.05505748511996029, 
                0.059679513442316034, 
                0.06541834376291981, 
                0.07213605137735317, 
                0.07944575236683395, 
                0.08672433625167608, 
                0.09318713485060152, 
                0.0980115894807689, 
                0.1004807835242001, 
                0.10011135581416948, 
                0.09673595876619127, 
                0.09052487450606929, 
                0.08194816538300588, 
                0.07169270940085601, 
                0.06055476618890968
            ], 
            "incorrectMedian": 0.03853219791114002, 
            "correct": [
                0.1391043061530271, 
                0.14727317119650224, 
                0.15159168470631404, 
                0.15204344346071827, 
                0.1489808158585457, 
                0.1430310679818649, 
                0.13496755969133545, 
                0.1255803787307505, 
                0.11557578135538947, 
                0.1055204007009845, 
                0.09583012038787374, 
                0.08679085562422947, 
                0.07859311102881283, 
                0.07136448528617695, 
                0.06519154962827398, 
                0.06013057450893913, 
                0.0562118358320757, 
                0.05344314285075155, 
                0.05181556100156827, 
                0.051310349409612134, 
                0.0519033694493741, 
                0.05356310391852662, 
                0.05624087011690949, 
                0.05985546831641276, 
                0.0642775956563766, 
                0.06932053420015889, 
                0.0747425055494845, 
                0.08026321083175031, 
                0.08559346623847966, 
                0.09047348575242314, 
                0.09471289638751021, 
                0.09822430590526483, 
                0.10104235017762703, 
                0.1033218062724093, 
                0.10531168246658533, 
                0.10730697772911438, 
                0.10958526165816715, 
                0.11234001877694019, 
                0.11562527741009868, 
                0.11932523194016872, 
                0.12315812293432733, 
                0.12671646604331716, 
                0.129537638793281, 
                0.13119198450366396, 
                0.13137172116312057, 
                0.12996386601951426, 
                0.12709381903416964, 
                0.12313202633334983, 
                0.11866270873399905, 
                0.11441956996962374, 
                0.11119780087579954, 
                0.10975432324271318, 
                0.11070931519842712, 
                0.1144620281329718, 
                0.12113294629525075, 
                0.13054227598938742, 
                0.1422311214308816, 
                0.1555261402371422, 
                0.16964118293773972, 
                0.18380153145854855, 
                0.19736983946331055, 
                0.20995003491734418, 
                0.22144800665003012, 
                0.23207618211468767, 
                0.2423015730958435, 
                0.252750346626875, 
                0.26409256354830896, 
                0.27693507769009773, 
                0.29174717789821925, 
                0.308833380558138, 
                0.32835420783294833, 
                0.35038348214114795, 
                0.37498392542256603, 
                0.40228393571266524, 
                0.4325466003053521, 
                0.46623380319122537, 
                0.5040787879542347, 
                0.5471853134634646, 
                0.5971681603005263, 
                0.6563382402322386, 
                0.7279176955523, 
                0.8162484056523696, 
                0.9269332797035688, 
                1.0668260722967315, 
                1.243767048421686, 
                1.4659578322019, 
                1.7408927270646384, 
                2.0738297451059275, 
                2.4658992304235317, 
                2.912101001889968, 
                3.399598409148256, 
                3.9068239482668177, 
                4.403903032376423, 
                4.854734525772028, 
                5.220737904561652, 
                5.4658482474121355, 
                5.561928409455188, 
                5.493512606609029, 
                5.260809214878381, 
                4.880207301086453
            ], 
            "correctMedian": 0.9678827521879548
        }
    }, 
    "confusion": {
        "totalRows": 1800, 
        "perActual": {
            "QUASAR": {
                "perPredicted": {
                    "QUASAR": 173, 
                    "STAR": 10, 
                    "GALAXY": 11
                }, 
                "actualClassCount": 194.0
            }, 
            "STAR": {
                "perPredicted": {
                    "QUASAR": 13, 
                    "STAR": 659, 
                    "GALAXY": 17
                }, 
                "actualClassCount": 689.0
            }, 
            "GALAXY": {
                "perPredicted": {
                    "QUASAR": 10, 
                    "STAR": 49, 
                    "GALAXY": 858
                }, 
                "actualClassCount": 917.0
            }
        }
    }, 
    "metrics": {
        "f1": 0.925223807519484, 
        "mcalibrationLoss": 0.025348060993554865, 
        "recall": 0.9279569910369158, 
        "precision": 0.9229592168236724, 
        "logLoss": 0.2375319545426924, 
        "mrocAUC": 0.978826451232093, 
        "hammingLoss": 0.06111111111111111, 
        "accuracy": 0.9388888888888889
    }, 
    "oneVsAllRocAUC": {
        "QUASAR": 0.9864971562824973, 
        "STAR": 0.9741965488275968, 
        "GALAXY": 0.9771436969486643
    }, 
    "classes": [
        "GALAXY", 
        "STAR", 
        "QUASAR"
    ], 
    "globalMetrics": {
        "predictionAvg": [
            0.5040397391529852, 
            0.39142168815252487, 
            0.10453857269449003
        ], 
        "predictionStd": [
            0.43706018426836307, 
            0.4216375660939357, 
            0.2645680854732609
        ], 
        "targetStd": [
            0.5000497165079488, 
            0.486199833967281, 
            0.31018572061516153
        ], 
        "targetAvg": [
            0.5094444444444445, 
            0.3827777777777778, 
            0.10777777777777778
        ], 
        "testWeight": 1800
    }, 
    "oneVsAllRocCurves": {
        "QUASAR": [
            {
                "y": 0.0, 
                "x": 0.0, 
                "p": 1.9999998931069525
            }, 
            {
                "y": 0.2268041237113402, 
                "x": 0.0006226650062266501, 
                "p": 0.9837377602300708
            }, 
            {
                "y": 0.4329896907216495, 
                "x": 0.0012453300124533001, 
                "p": 0.9452849730836469
            }, 
            {
                "y": 0.5824742268041238, 
                "x": 0.0024906600249066002, 
                "p": 0.8910600150073681
            }, 
            {
                "y": 0.7216494845360825, 
                "x": 0.0043586550435865505, 
                "p": 0.7814961866630206
            }, 
            {
                "y": 0.7783505154639175, 
                "x": 0.0049813200498132005, 
                "p": 0.6345527402443482
            }, 
            {
                "y": 0.8350515463917526, 
                "x": 0.008717310087173101, 
                "p": 0.45012222412446296
            }, 
            {
                "y": 0.9020618556701031, 
                "x": 0.014943960149439602, 
                "p": 0.27305731091318103
            }, 
            {
                "y": 0.9381443298969072, 
                "x": 0.030510585305105854, 
                "p": 0.1209447659744642
            }, 
            {
                "y": 0.9587628865979382, 
                "x": 0.07783312577833126, 
                "p": 0.04547072682031176
            }, 
            {
                "y": 0.9742268041237113, 
                "x": 0.19613947696139478, 
                "p": 0.01962984409946497
            }, 
            {
                "y": 0.9896907216494846, 
                "x": 0.3792029887920299, 
                "p": 0.009461888602555797
            }, 
            {
                "y": 0.9948453608247423, 
                "x": 0.46450809464508097, 
                "p": 0.006874383513529395
            }, 
            {
                "y": 1.0, 
                "x": 1.0, 
                "p": 1.0171410335436299e-05
            }
        ], 
        "STAR": [
            {
                "y": 0.0, 
                "x": 0.0, 
                "p": 1.9999809913911544
            }, 
            {
                "y": 0.07692307692307693, 
                "x": 0.0009000900090009, 
                "p": 0.996717992981636
            }, 
            {
                "y": 0.12917271407837447, 
                "x": 0.0027002700270027003, 
                "p": 0.9913980427111051
            }, 
            {
                "y": 0.1799709724238026, 
                "x": 0.0063006300630063005, 
                "p": 0.9857704788013173
            }, 
            {
                "y": 0.24238026124818576, 
                "x": 0.0072007200720072, 
                "p": 0.9789192012076766
            }, 
            {
                "y": 0.3178519593613933, 
                "x": 0.009000900090009001, 
                "p": 0.9674905824560313
            }, 
            {
                "y": 0.3671988388969521, 
                "x": 0.009900990099009901, 
                "p": 0.9610592203392756
            }, 
            {
                "y": 0.590711175616836, 
                "x": 0.011701170117011701, 
                "p": 0.9167449772958443
            }, 
            {
                "y": 0.6400580551523948, 
                "x": 0.0144014401440144, 
                "p": 0.9032238261634263
            }, 
            {
                "y": 0.6865021770682148, 
                "x": 0.018001800180018002, 
                "p": 0.8870746438629198
            }, 
            {
                "y": 0.737300435413643, 
                "x": 0.022502250225022502, 
                "p": 0.8665661060575041
            }, 
            {
                "y": 0.8301886792452831, 
                "x": 0.024302430243024302, 
                "p": 0.7956673093743193
            }, 
            {
                "y": 0.8795355587808418, 
                "x": 0.0279027902790279, 
                "p": 0.7374747881127149
            }, 
            {
                "y": 0.9259796806966618, 
                "x": 0.036003600360036005, 
                "p": 0.6145249692261056
            }, 
            {
                "y": 0.9564586357039188, 
                "x": 0.05670567056705671, 
                "p": 0.4475524686643412
            }, 
            {
                "y": 0.9738751814223512, 
                "x": 0.09000900090009001, 
                "p": 0.2967645102800197
            }, 
            {
                "y": 0.9782293178519593, 
                "x": 0.13681368136813682, 
                "p": 0.18186622548383508
            }, 
            {
                "y": 0.9811320754716981, 
                "x": 0.1845184518451845, 
                "p": 0.11828976872610979
            }, 
            {
                "y": 0.9825834542815675, 
                "x": 0.23672367236723674, 
                "p": 0.08170204968275116
            }, 
            {
                "y": 0.9854862119013063, 
                "x": 0.2925292529252925, 
                "p": 0.05996248960855645
            }, 
            {
                "y": 0.9912917271407837, 
                "x": 0.6273627362736274, 
                "p": 0.011112230182584202
            }, 
            {
                "y": 0.9941944847605225, 
                "x": 0.8415841584158416, 
                "p": 0.0035557958741180354
            }, 
            {
                "y": 0.9956458635703919, 
                "x": 0.9261926192619262, 
                "p": 0.001672446017763863
            }, 
            {
                "y": 0.9985486211901307, 
                "x": 0.9837983798379838, 
                "p": 0.00034792129326150525
            }, 
            {
                "y": 1.0, 
                "x": 1.0, 
                "p": 3.613705506913138e-08
            }
        ], 
        "GALAXY": [
            {
                "y": 0.0, 
                "x": 0.0, 
                "p": 1.9991603948351586
            }, 
            {
                "y": 0.18538713195201745, 
                "x": 0.0, 
                "p": 0.9891085791718427
            }, 
            {
                "y": 0.40567066521264994, 
                "x": 0.0022650056625141564, 
                "p": 0.9758191854416209
            }, 
            {
                "y": 0.4798255179934569, 
                "x": 0.0033975084937712344, 
                "p": 0.969827207871369
            }, 
            {
                "y": 0.6499454743729552, 
                "x": 0.004530011325028313, 
                "p": 0.9463816334083123
            }, 
            {
                "y": 0.697928026172301, 
                "x": 0.007927519818799546, 
                "p": 0.9357961276638612
            }, 
            {
                "y": 0.7491821155943293, 
                "x": 0.011325028312570781, 
                "p": 0.9153539076719661
            }, 
            {
                "y": 0.8102508178844057, 
                "x": 0.01245753114382786, 
                "p": 0.8744964804947297
            }, 
            {
                "y": 0.8833151581243184, 
                "x": 0.01698754246885617, 
                "p": 0.7724049606818885
            }, 
            {
                "y": 0.9225736095965104, 
                "x": 0.028312570781426953, 
                "p": 0.6254763491537179
            }, 
            {
                "y": 0.9520174482006543, 
                "x": 0.05096262740656852, 
                "p": 0.4287831218285786
            }, 
            {
                "y": 0.9683751363140676, 
                "x": 0.09060022650056625, 
                "p": 0.27223171440367905
            }, 
            {
                "y": 0.9727371864776445, 
                "x": 0.13703284258210646, 
                "p": 0.19243916410401068
            }, 
            {
                "y": 0.9749182115594329, 
                "x": 0.21630804077010193, 
                "p": 0.12451020781382893
            }, 
            {
                "y": 0.9770992366412213, 
                "x": 0.2729331823329558, 
                "p": 0.09194521268807143
            }, 
            {
                "y": 0.9825517993456925, 
                "x": 0.5028312570781427, 
                "p": 0.0379250796896574
            }, 
            {
                "y": 0.9847328244274809, 
                "x": 0.6138165345413363, 
                "p": 0.022875058751365147
            }, 
            {
                "y": 0.9869138495092693, 
                "x": 0.6681766704416761, 
                "p": 0.015566215460914794
            }, 
            {
                "y": 0.9912758996728462, 
                "x": 0.7146092865232163, 
                "p": 0.0122578152271357
            }, 
            {
                "y": 0.9934569247546347, 
                "x": 0.7814269535673839, 
                "p": 0.007543904731523108
            }, 
            {
                "y": 0.9967284623773174, 
                "x": 0.8289920724801813, 
                "p": 0.005051831080797847
            }, 
            {
                "y": 0.9978189749182116, 
                "x": 0.9173272933182333, 
                "p": 0.0017732278105075173
            }, 
            {
                "y": 0.9989094874591058, 
                "x": 0.9988674971687429, 
                "p": 2.853562834936434e-08
            }, 
            {
                "y": 1.0, 
                "x": 1.0, 
                "p": 1.1986222834962417e-08
            }
        ]
    }, 
    "processed_feature_names": [
        "A", 
        "B", 
        "C", 
        "D", 
        "E", 
        "F", 
        "G", 
        "H", 
        "I", 
        "J", 
        "camcol", 
        "dec", 
        "field", 
        "g", 
        "i", 
        "r", 
        "ra", 
        "run", 
        "u", 
        "z"
    ]
}