{
    "oneVsAllCalibrationCurves": {
        "QUASAR": [
            {
                "y": 0, 
                "x": 0, 
                "n": 0
            }, 
            {
                "y": 0.0053226879574184965, 
                "x": 0.024860093566579543, 
                "n": 1503.0
            }, 
            {
                "y": 0.1, 
                "x": 0.14756250562008055, 
                "n": 60.0
            }, 
            {
                "y": 0.25, 
                "x": 0.24582470795624892, 
                "n": 28.0
            }, 
            {
                "y": 0.3333333333333333, 
                "x": 0.3431781054484297, 
                "n": 9.0
            }, 
            {
                "y": 0.38461538461538464, 
                "x": 0.46798142901711703, 
                "n": 13.0
            }, 
            {
                "y": 0.4666666666666667, 
                "x": 0.5472115486999799, 
                "n": 15.0
            }, 
            {
                "y": 0.7692307692307693, 
                "x": 0.6578180784022962, 
                "n": 13.0
            }, 
            {
                "y": 0.9, 
                "x": 0.7298043164540426, 
                "n": 20.0
            }, 
            {
                "y": 0.9615384615384616, 
                "x": 0.8485906530640148, 
                "n": 26.0
            }, 
            {
                "y": 0.9380530973451328, 
                "x": 0.9663464734281912, 
                "n": 113.0
            }, 
            {
                "y": 1, 
                "x": 1, 
                "n": 0
            }
        ], 
        "STAR": [
            {
                "y": 0, 
                "x": 0, 
                "n": 0
            }, 
            {
                "y": 0.012096774193548387, 
                "x": 0.05809328983187702, 
                "n": 496.0
            }, 
            {
                "y": 0.03180212014134275, 
                "x": 0.14139408050079452, 
                "n": 283.0
            }, 
            {
                "y": 0.15862068965517243, 
                "x": 0.2507834349849132, 
                "n": 145.0
            }, 
            {
                "y": 0.2909090909090909, 
                "x": 0.34701739170974705, 
                "n": 110.0
            }, 
            {
                "y": 0.375, 
                "x": 0.4502004108370903, 
                "n": 88.0
            }, 
            {
                "y": 0.5454545454545454, 
                "x": 0.5473596096447185, 
                "n": 77.0
            }, 
            {
                "y": 0.7843137254901961, 
                "x": 0.6546073433105349, 
                "n": 102.0
            }, 
            {
                "y": 0.8445945945945946, 
                "x": 0.7561699738830825, 
                "n": 148.0
            }, 
            {
                "y": 0.9433962264150944, 
                "x": 0.8511842986906148, 
                "n": 212.0
            }, 
            {
                "y": 0.9928057553956835, 
                "x": 0.9402593438825946, 
                "n": 139.0
            }, 
            {
                "y": 1, 
                "x": 1, 
                "n": 0
            }
        ], 
        "GALAXY": [
            {
                "y": 0, 
                "x": 0, 
                "n": 0
            }, 
            {
                "y": 0.020050125313283207, 
                "x": 0.037373149465817636, 
                "n": 399.0
            }, 
            {
                "y": 0.0945945945945946, 
                "x": 0.14724752439159638, 
                "n": 222.0
            }, 
            {
                "y": 0.1623931623931624, 
                "x": 0.24400975061441943, 
                "n": 117.0
            }, 
            {
                "y": 0.2647058823529412, 
                "x": 0.34756122576038273, 
                "n": 102.0
            }, 
            {
                "y": 0.527027027027027, 
                "x": 0.4538308267630762, 
                "n": 74.0
            }, 
            {
                "y": 0.6067415730337079, 
                "x": 0.5485256105878894, 
                "n": 89.0
            }, 
            {
                "y": 0.7142857142857143, 
                "x": 0.6454997769906043, 
                "n": 98.0
            }, 
            {
                "y": 0.8699186991869918, 
                "x": 0.7505512743313759, 
                "n": 123.0
            }, 
            {
                "y": 0.988795518207283, 
                "x": 0.8637248908748251, 
                "n": 357.0
            }, 
            {
                "y": 1.0, 
                "x": 0.9233824621148878, 
                "n": 219.0
            }, 
            {
                "y": 1, 
                "x": 1, 
                "n": 0
            }
        ]
    }, 
    "oneVsAllCalibrationLoss": {
        "QUASAR": 0.025389992817315292, 
        "STAR": 0.07405467140059219, 
        "GALAXY": 0.07225090680285583
    }, 
    "densityData": {
        "QUASAR": {
            "incorrect": [
                9.760092878209557, 
                12.098629637473065, 
                12.981934783143556, 
                12.144218922972364, 
                10.01777026951888, 
                7.423674276414529, 
                5.086604963354238, 
                3.3484176693507024, 
                2.199609171715794, 
                1.4751736457709905, 
                1.0167726870201768, 
                0.7263311116092419, 
                0.5492569724123553, 
                0.44778477106176306, 
                0.390725936215095, 
                0.3545997003911995, 
                0.3251540831108822, 
                0.29576803065318413, 
                0.26471099771852274, 
                0.2331456133331698, 
                0.20364525513600262, 
                0.1784580984522436, 
                0.1581578684939109, 
                0.14191453830069817, 
                0.12894246025691417, 
                0.1192204030903383, 
                0.11267991428700597, 
                0.10821497876246558, 
                0.10405875915706876, 
                0.09904020899652304, 
                0.09290261959320834, 
                0.08532059133373047, 
                0.0753804789659706, 
                0.0626600160788557, 
                0.04845199051024537, 
                0.03521660382508621, 
                0.024817423854214055, 
                0.0176789222923929, 
                0.013496349571405941, 
                0.012111578352669159, 
                0.013428236078630968, 
                0.016860975778421952, 
                0.021422226075684746, 
                0.026636202502879156, 
                0.03327216202942804, 
                0.042714931012594604, 
                0.055062587955492875, 
                0.0677690739918818, 
                0.0767528228623454, 
                0.07952213574769937, 
                0.07737045652627576, 
                0.07423396875624362, 
                0.07307672866441349, 
                0.07317238321097314, 
                0.07086776208345506, 
                0.06312847047667976, 
                0.050530371470849426, 
                0.037038289177541754, 
                0.027078776135058942, 
                0.022587064282508257, 
                0.022151976994132856, 
                0.02248550926719501, 
                0.020923436852996524, 
                0.01714470271000673, 
                0.013044201779718904, 
                0.01121608052870056, 
                0.013308261553925877, 
                0.019026117010595166, 
                0.02599580945418796, 
                0.030734947104731705, 
                0.030608293285009934, 
                0.025509520731477532, 
                0.01776225413924917, 
                0.01032761512478371, 
                0.005017426890591941, 
                0.0020603561315541215, 
                0.00081076409508742, 
                0.0006067952640870925, 
                0.0011765694936571591, 
                0.0025761503145919377, 
                0.004839159735788604, 
                0.007571301708780111, 
                0.009848596471031175, 
                0.010681963049601038, 
                0.009782634860998764, 
                0.007934286793444727, 
                0.0065957221896791336, 
                0.007080548316525585, 
                0.009908623756928329, 
                0.01462191170471632, 
                0.020082264168099703, 
                0.025142985858866734, 
                0.02936037784528332, 
                0.03322230520692637, 
                0.03756552364766549, 
                0.04244362470687119, 
                0.046353619990295344, 
                0.04679597850436555, 
                0.04209071853303783, 
                0.03292330716911886
            ], 
            "incorrectMedian": 0.022153572997776375, 
            "correct": [
                0.1822403505993111, 
                0.1963476766676265, 
                0.2101995069562668, 
                0.2236581140289365, 
                0.23659709758107422, 
                0.2489037074156866, 
                0.2604801170201568, 
                0.2712436466587393, 
                0.28112603982269335, 
                0.2900719923882208, 
                0.2980372089941213, 
                0.30498630692976325, 
                0.31089089824895144, 
                0.31572815383310576, 
                0.319480090944493, 
                0.3221337348103709, 
                0.32368219481518606, 
                0.3241265791667124, 
                0.3234785615919132, 
                0.32176332222793647, 
                0.31902252279804955, 
                0.31531695044349295, 
                0.31072847810003984, 
                0.30536104049539103, 
                0.29934040795088557, 
                0.29281264604119517, 
                0.28594126639958606, 
                0.2789031903141287, 
                0.2718837506027785, 
                0.26507103884372213, 
                0.2586499575259131, 
                0.2527963566982036, 
                0.24767162243977697, 
                0.24341804339749995, 
                0.24015521771769707, 
                0.23797768349398282, 
                0.23695386943229074, 
                0.23712637639308848, 
                0.23851352112120738, 
                0.24111200533016705, 
                0.24490051891221165, 
                0.24984404612046426, 
                0.255898617446073, 
                0.26301623612962166, 
                0.27114970519887643, 
                0.2802570874435319, 
                0.29030554646933027, 
                0.3012743425057333, 
                0.3131567933210989, 
                0.32596106008313797, 
                0.33970968159348663, 
                0.35443785822367835, 
                0.37019057747643913, 
                0.3870187724597182, 
                0.40497480623904997, 
                0.4241076702601351, 
                0.4444583633630996, 
                0.46605596825146495, 
                0.48891495421410663, 
                0.5130342001297887, 
                0.5383981455109473, 
                0.5649803393652421, 
                0.5927494720129501, 
                0.6216777540465198, 
                0.6517512644467234, 
                0.6829816451606081, 
                0.7154182928691621, 
                0.7491600110292892, 
                0.7843649556337235, 
                0.8212576521798293, 
                0.860131890139136, 
                0.9013484204864062, 
                0.9453265917268059, 
                0.9925293551345508, 
                1.0434414404607726, 
                1.0985409346557693, 
                1.158264969645435, 
                1.2229707185465801, 
                1.2928933867340198, 
                1.368103334923246, 
                1.4484648524335684, 
                1.5335993739726899, 
                1.6228560657778361, 
                1.7152926620574822, 
                1.8096691818568975, 
                1.9044566821086908, 
                1.9978625030129789, 
                2.0878725555415247, 
                2.172310129327284, 
                2.2489095274485313, 
                2.315401648343297, 
                2.369607534756288, 
                2.409535001438537, 
                2.4334728380248167, 
                2.4400768441989755, 
                2.4284421449186455, 
                2.398156869930349, 
                2.3493333365679865, 
                2.2826142769089115, 
                2.199153290500782
            ], 
            "correctMedian": 0.9192572617148264
        }, 
        "STAR": {
            "incorrect": [
                1.8678479219230364, 
                2.2579388143670114, 
                2.652721327080348, 
                3.0312604237533245, 
                3.371787184737727, 
                3.654056420230928, 
                3.8616595615362233, 
                3.9839137660816704, 
                4.01701021122274, 
                3.9642353564474333, 
                3.8352501014372753, 
                3.644583861136921, 
                3.409634005915794, 
                3.148526969434171, 
                2.878185032003195, 
                2.612862101030901, 
                2.3632887524812745, 
                2.1364350147410103, 
                1.9357899687714706, 
                1.7619905197802777, 
                1.613613447251629, 
                1.4879676656726217, 
                1.3817719753342936, 
                1.2916598938751944, 
                1.2145028696822866, 
                1.1475774439229214, 
                1.088618162670683, 
                1.0357989094104514, 
                0.9876768108147311, 
                0.9431218168750429, 
                0.9012467217655273, 
                0.8613486494789684, 
                0.8228720853268738, 
                0.7854014442434432, 
                0.7486845673823431, 
                0.7126772111283247, 
                0.6775863199824015, 
                0.6438828862149516, 
                0.6122588525529914, 
                0.5835179734369587, 
                0.5584133758825636, 
                0.5374661764143666, 
                0.5208109604276944, 
                0.5081100659751832, 
                0.49856056533216375, 
                0.49099250274718603, 
                0.4840337774461814, 
                0.47630380400792743, 
                0.4665976089766196, 
                0.45403172420854254, 
                0.43813706525596535, 
                0.4188958529786814, 
                0.396726320288388, 
                0.37242101427220353, 
                0.3470450669422648, 
                0.32180302236668507, 
                0.2978877121242989, 
                0.2763305659651156, 
                0.257876329818112, 
                0.24290358661860142, 
                0.23140500591686164, 
                0.22302965396008345, 
                0.21717729117571952, 
                0.2131246906056526, 
                0.21015876750516735, 
                0.20769133136643927, 
                0.20533500927637616, 
                0.20292817932487114, 
                0.20050712519824615, 
                0.19823434626441827, 
                0.19630106500443625, 
                0.1948275132638619, 
                0.193785083475524, 
                0.19295941442252626, 
                0.19196374088745427, 
                0.19029945319543456, 
                0.18744881401654287, 
                0.18297646236322923, 
                0.17661429721568483, 
                0.1683094633921839, 
                0.15822602939281213, 
                0.14670405309869444, 
                0.13419072601274173, 
                0.12116369555791821, 
                0.10806529608743111, 
                0.09525971413590535, 
                0.08301627432794646, 
                0.07151444442349963, 
                0.060861972273066584, 
                0.05111712225602994, 
                0.042308175930318104, 
                0.03444657757565205, 
                0.027533029702508115, 
                0.021557848202730965, 
                0.016497914930113246, 
                0.012312809525310334, 
                0.008942359124725885, 
                0.00630706590118139, 
                0.004311836884837353, 
                0.002852405373697861
            ], 
            "incorrectMedian": 0.11230217910466045, 
            "correct": [
                0.04865412952534742, 
                0.05266191477197376, 
                0.05605853886447771, 
                0.05888049251533312, 
                0.06127004351367969, 
                0.06346953472034528, 
                0.06580206847655941, 
                0.06864062297590943, 
                0.07236952401549498, 
                0.0773435712696384, 
                0.08385076888658644, 
                0.0920843661781498, 
                0.10212868398497744, 
                0.11396102714758373, 
                0.12746910288392066, 
                0.1424802523585892, 
                0.15879612773146204, 
                0.17622494013898304, 
                0.1946036454819778, 
                0.2138046277324, 
                0.2337252567181959, 
                0.25426328057916026, 
                0.27528515685445853, 
                0.29659691339500116, 
                0.3179271187561391, 
                0.33892886735334865, 
                0.35920296363556103, 
                0.37833896652314053, 
                0.39596593797454416, 
                0.41180194145584115, 
                0.4256912879708806, 
                0.4376211877581597, 
                0.4477140842930538, 
                0.45619733399435114, 
                0.46335678026753657, 
                0.46948412208266893, 
                0.4748291876742282, 
                0.47956715168829006, 
                0.4837876465422471, 
                0.48750820276816875, 
                0.49070933318378995, 
                0.4933838310448945, 
                0.49558949259176305, 
                0.49749334566160636, 
                0.49939700840339274, 
                0.5017368407815217, 
                0.505058229163581, 
                0.5099692713244919, 
                0.517083745666651, 
                0.5269652940261795, 
                0.5400836752755674, 
                0.556790123058023, 
                0.5773134459346163, 
                0.6017731686763224, 
                0.6302022901865987, 
                0.6625711391832987, 
                0.6988055097787025, 
                0.7387960472706474, 
                0.7824003833426655, 
                0.8294432252446317, 
                0.8797211824740648, 
                0.9330179292897665, 
                0.9891315966314215, 
                1.0479111532712182, 
                1.1092936156395627, 
                1.1733309271230798, 
                1.2401954998571143, 
                1.3101570295837874, 
                1.383529506869183, 
                1.4605946789016155, 
                1.5415144727198806, 
                1.6262482176252522, 
                1.7144898763344212, 
                1.8056360421375768, 
                1.8987884193226907, 
                1.992786817703988, 
                2.086262406323879, 
                2.1776976496593403, 
                2.2654796751606456, 
                2.347937490045576, 
                2.4233593620516842, 
                2.4899932405260006, 
                2.5460387404714684, 
                2.5896427184736637, 
                2.6189112001539216, 
                2.6319483820765464, 
                2.6269291671480177, 
                2.6022060510150804, 
                2.556445068938578, 
                2.4887797289297318, 
                2.3989670107144647, 
                2.287526100205173, 
                2.1558390527959834, 
                2.006193584481114, 
                1.84175218356336, 
                1.6664389322645663, 
                1.4847454394819817, 
                1.301468913965417, 
                1.1214066873572022, 
                0.9490400691722797
            ], 
            "correctMedian": 0.7961648848967916
        }, 
        "GALAXY": {
            "incorrect": [
                2.5347091966596524, 
                2.786443586864455, 
                2.9890443290029256, 
                3.135070277945873, 
                3.2223255528112507, 
                3.253608533978625, 
                3.23572959909251, 
                3.1780615491839157, 
                3.0909484210641227, 
                2.984275330604043, 
                2.866415127079817, 
                2.7436513209989175, 
                2.620065137780452, 
                2.497791793298945, 
                2.3775076974885634, 
                2.2590048312858397, 
                2.1417319133625363, 
                2.0252217924154796, 
                1.9093683381389122, 
                1.7945536368137456, 
                1.681650848575079, 
                1.5719376554179116, 
                1.4669526138709352, 
                1.368318193939338, 
                1.2775469174865368, 
                1.1958455830348178, 
                1.1239374070532704, 
                1.0619288624495236, 
                1.0092506371574608, 
                0.9646952827057598, 
                0.926556818232227, 
                0.892854047502337, 
                0.861597493360473, 
                0.8310477166656851, 
                0.799915062759518, 
                0.7674668811028941, 
                0.7335323416135301, 
                0.6984190451049364, 
                0.6627725259138763, 
                0.6274157727576553, 
                0.593201566269216, 
                0.560899389927225, 
                0.5311256067695054, 
                0.5043143522579033, 
                0.4807192448314374, 
                0.46043297470372646, 
                0.4434125166003686, 
                0.42950112936141205, 
                0.41844326150605676, 
                0.4098935713687655, 
                0.4034249839265529, 
                0.3985418505346074, 
                0.3947025379019126, 
                0.3913520097234377, 
                0.38796092159424556, 
                0.38406521691443624, 
                0.37930009129746184, 
                0.3734240452897513, 
                0.3663311305201466, 
                0.3580509450052616, 
                0.34873595404006064, 
                0.33863514881705137, 
                0.3280535289601385, 
                0.31729961602790574, 
                0.30662788962344745, 
                0.2961876971579411, 
                0.28599203217582986, 
                0.2759165932013929, 
                0.2657318392556541, 
                0.25516086354119205, 
                0.2439476891814977, 
                0.23191745538087152, 
                0.2190131974413605, 
                0.20530211454041217, 
                0.1909539884398145, 
                0.17620204900977504, 
                0.16129965535553248, 
                0.14648439232674793, 
                0.13195619531103012, 
                0.11787040066694131, 
                0.1043423127182715, 
                0.09145797939180417, 
                0.07928615331463829, 
                0.0678879276858549, 
                0.05732226517299212, 
                0.047646989431935, 
                0.038915692380655245, 
                0.031171615242855923, 
                0.024440051724019262, 
                0.018721168070510268, 
                0.01398515779615568, 
                0.010171196003510883, 
                0.00719076339152694, 
                0.004934823691678207, 
                0.003283417765427308, 
                0.002115776837084896, 
                0.0013191593858671827, 
                0.0007951710212991161, 
                0.00046308780840659177, 
                0.0002604081378813675
            ], 
            "incorrectMedian": 0.12292427924688018, 
            "correct": [
                0.05341423329348722, 
                0.0601894172001101, 
                0.066858922643581, 
                0.07346026596247726, 
                0.08011865877103956, 
                0.08702910886901671, 
                0.09442253407415001, 
                0.10252136880400743, 
                0.11149255577469443, 
                0.12140660448885537, 
                0.13221045234330583, 
                0.14371947805150234, 
                0.15563075520243938, 
                0.16755613966316982, 
                0.1790706164151894, 
                0.18976888256600316, 
                0.1993216564457733, 
                0.20752283723239862, 
                0.2143195221627282, 
                0.21981909142287887, 
                0.2242710113944873, 
                0.2280253213832668, 
                0.2314742532307633, 
                0.23498712603944386, 
                0.23885057934988518, 
                0.24322568029960065, 
                0.24813036639327446, 
                0.2534506537535146, 
                0.2589781977309224, 
                0.2644665205432296, 
                0.26969473467329197, 
                0.2745266031830226, 
                0.27895433482185605, 
                0.28312003925806795, 
                0.28731228911896345, 
                0.2919396696676849, 
                0.29748664455433677, 
                0.30445900835747636, 
                0.3133265668743176, 
                0.3244698108613428, 
                0.3381357875120364, 
                0.3544067100001488, 
                0.3731834956016877, 
                0.39418552171547316, 
                0.41696728155044727, 
                0.4409519584236852, 
                0.46548083741408985, 
                0.4898756944642771, 
                0.5135088866919926, 
                0.5358732096610742, 
                0.5566414190293951, 
                0.5757045666395232, 
                0.5931798464284168, 
                0.6093829439683092, 
                0.6247666382093621, 
                0.6398353756526052, 
                0.6550526744252112, 
                0.6707621675304023, 
                0.6871420051755128, 
                0.7042056562122323, 
                0.721851116383923, 
                0.7399480480778104, 
                0.7584422204646274, 
                0.7774522070739398, 
                0.7973364279913453, 
                0.8187186782564038, 
                0.842474234715567, 
                0.8696919072319516, 
                0.9016353398441364, 
                0.9397262966922564, 
                0.9855630100815708, 
                1.0409702295066032, 
                1.1080589301884012, 
                1.189258159841584, 
                1.2872740357142556, 
                1.4049344153101715, 
                1.5448927992303831, 
                1.709189811332456, 
                1.8987015756918473, 
                2.1125367154440906, 
                2.347472041570993, 
                2.59753540571434, 
                2.8538469442544567, 
                3.1048124959237637, 
                3.3367234723448593, 
                3.534758350041346, 
                3.684309991807225, 
                3.772492872249917, 
                3.7896304160213714, 
                3.730499616289552, 
                3.595127389120475, 
                3.3889918032975688, 
                3.122572663013349, 
                2.810302661940209, 
                2.46907052111534, 
                2.116499879594284, 
                1.7692570181559313, 
                1.4416215534219823, 
                1.1444930729627736, 
                0.8849187392866595
            ], 
            "correctMedian": 0.8563976041471583
        }
    }, 
    "confusion": {
        "totalRows": 1800, 
        "perActual": {
            "QUASAR": {
                "perPredicted": {
                    "QUASAR": 170, 
                    "STAR": 18, 
                    "GALAXY": 7
                }, 
                "actualClassCount": 195.0
            }, 
            "STAR": {
                "perPredicted": {
                    "QUASAR": 18, 
                    "STAR": 589, 
                    "GALAXY": 81
                }, 
                "actualClassCount": 688.0
            }, 
            "GALAXY": {
                "perPredicted": {
                    "QUASAR": 10, 
                    "STAR": 95, 
                    "GALAXY": 812
                }, 
                "actualClassCount": 917.0
            }
        }
    }, 
    "metrics": {
        "f1": 0.8688009737067862, 
        "mcalibrationLoss": 0.05723185700692111, 
        "recall": 0.8711319020545898, 
        "precision": 0.8666131399464733, 
        "logLoss": 0.364377915394316, 
        "mrocAUC": 0.9694880440830644, 
        "hammingLoss": 0.1272222222222222, 
        "accuracy": 0.8727777777777778
    }, 
    "oneVsAllRocAUC": {
        "QUASAR": 0.9832286923875708, 
        "STAR": 0.9527015015894261, 
        "GALAXY": 0.959433674483859
    }, 
    "classes": [
        "GALAXY", 
        "STAR", 
        "QUASAR"
    ], 
    "globalMetrics": {
        "predictionAvg": [
            0.47786156308741273, 
            0.3971993661499941, 
            0.12493907076259314
        ], 
        "predictionStd": [
            0.3497208666223355, 
            0.32730306381725605, 
            0.26407770146265375
        ], 
        "targetStd": [
            0.5000497165079488, 
            0.486065479563273, 
            0.3108873062320316
        ], 
        "targetAvg": [
            0.5094444444444445, 
            0.38222222222222224, 
            0.10833333333333334
        ], 
        "testWeight": 1800
    }, 
    "oneVsAllRocCurves": {
        "QUASAR": [
            {
                "y": 0.0, 
                "x": 0.0, 
                "p": 1.9940112516238342
            }, 
            {
                "y": 0.05128205128205128, 
                "x": 0.0, 
                "p": 0.9919297815771002
            }, 
            {
                "y": 0.1641025641025641, 
                "x": 0.0006230529595015577, 
                "p": 0.9879816448846487
            }, 
            {
                "y": 0.26153846153846155, 
                "x": 0.001869158878504673, 
                "p": 0.9736618868078303
            }, 
            {
                "y": 0.4205128205128205, 
                "x": 0.0024922118380062306, 
                "p": 0.9512519594429806
            }, 
            {
                "y": 0.517948717948718, 
                "x": 0.003738317757009346, 
                "p": 0.912999646484364
            }, 
            {
                "y": 0.6256410256410256, 
                "x": 0.004361370716510903, 
                "p": 0.8432995828763551
            }, 
            {
                "y": 0.7435897435897436, 
                "x": 0.004984423676012461, 
                "p": 0.7127595745719204
            }, 
            {
                "y": 0.8051282051282052, 
                "x": 0.006853582554517134, 
                "p": 0.6518145587207929
            }, 
            {
                "y": 0.8512820512820513, 
                "x": 0.011838006230529595, 
                "p": 0.5340772101229997
            }, 
            {
                "y": 0.8923076923076924, 
                "x": 0.023052959501557634, 
                "p": 0.2976821885061999
            }, 
            {
                "y": 0.9333333333333333, 
                "x": 0.03489096573208723, 
                "p": 0.19953940191367742
            }, 
            {
                "y": 0.958974358974359, 
                "x": 0.08037383177570094, 
                "p": 0.08664503688216216
            }, 
            {
                "y": 0.9692307692307692, 
                "x": 0.12398753894080997, 
                "p": 0.06651989231429205
            }, 
            {
                "y": 0.9794871794871794, 
                "x": 0.2, 
                "p": 0.04133970361291065
            }, 
            {
                "y": 0.9846153846153847, 
                "x": 0.259190031152648, 
                "p": 0.0349480964077705
            }, 
            {
                "y": 0.9897435897435898, 
                "x": 0.35077881619937695, 
                "p": 0.02753334014429603
            }, 
            {
                "y": 0.9948717948717949, 
                "x": 0.5476635514018692, 
                "p": 0.02053651365230608
            }, 
            {
                "y": 0.9948717948717949, 
                "x": 0.7426791277258566, 
                "p": 0.01300957231365244
            }, 
            {
                "y": 0.9948717948717949, 
                "x": 0.8143302180685358, 
                "p": 0.010001956043506946
            }, 
            {
                "y": 0.9948717948717949, 
                "x": 0.8778816199376948, 
                "p": 0.006207362734921462
            }, 
            {
                "y": 1.0, 
                "x": 0.9495327102803738, 
                "p": 0.0012354678840543498
            }, 
            {
                "y": 1.0, 
                "x": 1.0, 
                "p": 0.0
            }
        ], 
        "STAR": [
            {
                "y": 0.0, 
                "x": 0.0, 
                "p": 2.0
            }, 
            {
                "y": 0.1569767441860465, 
                "x": 0.0, 
                "p": 0.9181188174693631
            }, 
            {
                "y": 0.2194767441860465, 
                "x": 0.0008992805755395684, 
                "p": 0.8940241051479008
            }, 
            {
                "y": 0.2863372093023256, 
                "x": 0.0017985611510791368, 
                "p": 0.8738758572523696
            }, 
            {
                "y": 0.35755813953488375, 
                "x": 0.0035971223021582736, 
                "p": 0.851914864656273
            }, 
            {
                "y": 0.4491279069767442, 
                "x": 0.007194244604316547, 
                "p": 0.8169053661955354
            }, 
            {
                "y": 0.5159883720930233, 
                "x": 0.012589928057553957, 
                "p": 0.7888182442826468
            }, 
            {
                "y": 0.5625, 
                "x": 0.018884892086330936, 
                "p": 0.7711761309910686
            }, 
            {
                "y": 0.6293604651162791, 
                "x": 0.023381294964028777, 
                "p": 0.7364532053816181
            }, 
            {
                "y": 0.6729651162790697, 
                "x": 0.03147482014388489, 
                "p": 0.7032671131925602
            }, 
            {
                "y": 0.7238372093023255, 
                "x": 0.0368705035971223, 
                "p": 0.666305761742827
            }, 
            {
                "y": 0.7718023255813954, 
                "x": 0.045863309352517985, 
                "p": 0.6238810064298425
            }, 
            {
                "y": 0.815406976744186, 
                "x": 0.05755395683453238, 
                "p": 0.5638253179930779
            }, 
            {
                "y": 0.8430232558139535, 
                "x": 0.08273381294964029, 
                "p": 0.5071335859140443
            }, 
            {
                "y": 0.8677325581395349, 
                "x": 0.10971223021582734, 
                "p": 0.4489016153218736
            }, 
            {
                "y": 0.8982558139534884, 
                "x": 0.13309352517985612, 
                "p": 0.40092440595199114
            }, 
            {
                "y": 0.9200581395348837, 
                "x": 0.1618705035971223, 
                "p": 0.3550045830130616
            }, 
            {
                "y": 0.934593023255814, 
                "x": 0.19964028776978418, 
                "p": 0.30676503845012215
            }, 
            {
                "y": 0.9563953488372093, 
                "x": 0.22841726618705036, 
                "p": 0.27667034415152864
            }, 
            {
                "y": 0.9709302325581395, 
                "x": 0.2715827338129496, 
                "p": 0.23773354332347701
            }, 
            {
                "y": 0.9781976744186046, 
                "x": 0.32643884892086333, 
                "p": 0.19384457933803656
            }, 
            {
                "y": 0.9869186046511628, 
                "x": 0.375, 
                "p": 0.16238900602116307
            }, 
            {
                "y": 0.9898255813953488, 
                "x": 0.4307553956834532, 
                "p": 0.1396068243763043
            }, 
            {
                "y": 0.9912790697674418, 
                "x": 0.6780575539568345, 
                "p": 0.07779724975991643
            }, 
            {
                "y": 0.9927325581395349, 
                "x": 0.7401079136690647, 
                "p": 0.06706334148169193
            }, 
            {
                "y": 0.9941860465116279, 
                "x": 0.947841726618705, 
                "p": 0.024968226558698972
            }, 
            {
                "y": 1.0, 
                "x": 1.0, 
                "p": 0.002610438958789726
            }
        ], 
        "GALAXY": [
            {
                "y": 0.0, 
                "x": 0.0, 
                "p": 1.9790777570730071
            }, 
            {
                "y": 0.520174482006543, 
                "x": 0.0, 
                "p": 0.8485521299050951
            }, 
            {
                "y": 0.5965103598691385, 
                "x": 0.0022650056625141564, 
                "p": 0.8200002973300038
            }, 
            {
                "y": 0.64340239912759, 
                "x": 0.0056625141562853904, 
                "p": 0.7886371626859421
            }, 
            {
                "y": 0.6913849509269356, 
                "x": 0.011325028312570781, 
                "p": 0.7450245165292395
            }, 
            {
                "y": 0.7317339149400218, 
                "x": 0.022650056625141562, 
                "p": 0.7053518974712033
            }, 
            {
                "y": 0.7797164667393675, 
                "x": 0.0362400906002265, 
                "p": 0.6424590107304837
            }, 
            {
                "y": 0.8124318429661941, 
                "x": 0.05436013590033975, 
                "p": 0.6048304000265078
            }, 
            {
                "y": 0.8440567066521265, 
                "x": 0.07361268403171008, 
                "p": 0.5478644645827072
            }, 
            {
                "y": 0.8756815703380589, 
                "x": 0.0928652321630804, 
                "p": 0.5049478265268531
            }, 
            {
                "y": 0.9029443838604144, 
                "x": 0.11664779161947905, 
                "p": 0.44628713846639195
            }, 
            {
                "y": 0.9214830970556162, 
                "x": 0.14949037372593432, 
                "p": 0.38802638387019706
            }, 
            {
                "y": 0.935659760087241, 
                "x": 0.1857304643261608, 
                "p": 0.3344493202163911
            }, 
            {
                "y": 0.9476553980370774, 
                "x": 0.2276330690826727, 
                "p": 0.2915575246874602
            }, 
            {
                "y": 0.960741548527808, 
                "x": 0.2729331823329558, 
                "p": 0.23792726626734478
            }, 
            {
                "y": 0.9661941112322792, 
                "x": 0.3204983012457531, 
                "p": 0.20468393933176998
            }, 
            {
                "y": 0.9770992366412213, 
                "x": 0.36013590033975085, 
                "p": 0.17972271273792603
            }, 
            {
                "y": 0.9803707742639041, 
                "x": 0.4246885617214043, 
                "p": 0.15384910401334145
            }, 
            {
                "y": 0.9869138495092693, 
                "x": 0.5028312570781427, 
                "p": 0.12227030285267995
            }, 
            {
                "y": 0.9912758996728462, 
                "x": 0.549263873159683, 
                "p": 0.10302648129769762
            }, 
            {
                "y": 0.9912758996728462, 
                "x": 0.6047565118912798, 
                "p": 0.08156194316873451
            }, 
            {
                "y": 0.9934569247546347, 
                "x": 0.7281993204983013, 
                "p": 0.04595241556427775
            }, 
            {
                "y": 0.9956379498364231, 
                "x": 0.7870894677236693, 
                "p": 0.0327553483559138
            }, 
            {
                "y": 0.9967284623773174, 
                "x": 0.8765571913929785, 
                "p": 0.01126370028019473
            }, 
            {
                "y": 1.0, 
                "x": 0.9932049830124575, 
                "p": 5.9676521751304666e-05
            }, 
            {
                "y": 1.0, 
                "x": 1.0, 
                "p": 0.0
            }
        ]
    }, 
    "processed_feature_names": [
        "A", 
        "B", 
        "C", 
        "D", 
        "E", 
        "F", 
        "G", 
        "H", 
        "I", 
        "J", 
        "camcol", 
        "dec", 
        "field", 
        "g", 
        "i", 
        "r", 
        "ra", 
        "run", 
        "u", 
        "z"
    ]
}