{
    "oneVsAllCalibrationCurves": {
        "QUASAR": [
            {
                "y": 0, 
                "x": 0, 
                "n": 0
            }, 
            {
                "y": 0.007010834926704908, 
                "x": 0.011007238822976374, 
                "n": 1569.0
            }, 
            {
                "y": 0.07407407407407407, 
                "x": 0.1380178381316488, 
                "n": 27.0
            }, 
            {
                "y": 0.16666666666666666, 
                "x": 0.2520385510461742, 
                "n": 12.0
            }, 
            {
                "y": 0.5, 
                "x": 0.34913014993533825, 
                "n": 10.0
            }, 
            {
                "y": 0.375, 
                "x": 0.4393253758468908, 
                "n": 8.0
            }, 
            {
                "y": 0.8333333333333334, 
                "x": 0.5687954410372291, 
                "n": 6.0
            }, 
            {
                "y": 0.75, 
                "x": 0.657319303371373, 
                "n": 8.0
            }, 
            {
                "y": 0.8181818181818182, 
                "x": 0.7411889340608379, 
                "n": 11.0
            }, 
            {
                "y": 0.96875, 
                "x": 0.8612759750455714, 
                "n": 32.0
            }, 
            {
                "y": 0.9743589743589743, 
                "x": 0.9634924346776096, 
                "n": 117.0
            }, 
            {
                "y": 1, 
                "x": 1, 
                "n": 0
            }
        ], 
        "STAR": [
            {
                "y": 0, 
                "x": 0, 
                "n": 0
            }, 
            {
                "y": 0.0077348066298342545, 
                "x": 0.022434275427343442, 
                "n": 905.0
            }, 
            {
                "y": 0.03296703296703297, 
                "x": 0.14366897295857653, 
                "n": 91.0
            }, 
            {
                "y": 0.16279069767441862, 
                "x": 0.24176896211848614, 
                "n": 43.0
            }, 
            {
                "y": 0.375, 
                "x": 0.34879796218857145, 
                "n": 24.0
            }, 
            {
                "y": 0.34615384615384615, 
                "x": 0.4534790544485221, 
                "n": 26.0
            }, 
            {
                "y": 0.6129032258064516, 
                "x": 0.5526742462573004, 
                "n": 31.0
            }, 
            {
                "y": 0.75, 
                "x": 0.6513341295744208, 
                "n": 40.0
            }, 
            {
                "y": 0.8679245283018868, 
                "x": 0.7542107839717085, 
                "n": 53.0
            }, 
            {
                "y": 0.9627329192546584, 
                "x": 0.8597291347263376, 
                "n": 161.0
            }, 
            {
                "y": 0.9671361502347418, 
                "x": 0.9601433917015284, 
                "n": 426.0
            }, 
            {
                "y": 1, 
                "x": 1, 
                "n": 0
            }
        ], 
        "GALAXY": [
            {
                "y": 0, 
                "x": 0, 
                "n": 0
            }, 
            {
                "y": 0.024539877300613498, 
                "x": 0.03183299686167563, 
                "n": 652.0
            }, 
            {
                "y": 0.05263157894736842, 
                "x": 0.13857119695742118, 
                "n": 133.0
            }, 
            {
                "y": 0.09615384615384616, 
                "x": 0.24699118028971226, 
                "n": 52.0
            }, 
            {
                "y": 0.3235294117647059, 
                "x": 0.34584143369791503, 
                "n": 34.0
            }, 
            {
                "y": 0.36363636363636365, 
                "x": 0.44012004899290447, 
                "n": 22.0
            }, 
            {
                "y": 0.6086956521739131, 
                "x": 0.5380817207342001, 
                "n": 23.0
            }, 
            {
                "y": 0.64, 
                "x": 0.6515297568628935, 
                "n": 25.0
            }, 
            {
                "y": 0.775, 
                "x": 0.7544090967526907, 
                "n": 40.0
            }, 
            {
                "y": 0.9574468085106383, 
                "x": 0.8553513325395167, 
                "n": 94.0
            }, 
            {
                "y": 0.9889655172413793, 
                "x": 0.9718814807632254, 
                "n": 725.0
            }, 
            {
                "y": 1, 
                "x": 1, 
                "n": 0
            }
        ]
    }, 
    "oneVsAllCalibrationLoss": {
        "QUASAR": 0.010517084475654498, 
        "STAR": 0.03421963976220105, 
        "GALAXY": 0.028438208894618133
    }, 
    "densityData": {
        "QUASAR": {
            "incorrect": [
                17.596365956529613, 
                18.31121082243454, 
                14.692275272273896, 
                9.451971423812358, 
                5.2138406443034695, 
                2.7373154024740742, 
                1.5442266885396736, 
                1.0041676827004093, 
                0.7401895095625518, 
                0.5825410347223221, 
                0.46133209849682616, 
                0.3558940839506495, 
                0.27056721275050816, 
                0.2118267871976849, 
                0.1740816462371246, 
                0.14319945865549938, 
                0.11164758738625748, 
                0.08466655247926312, 
                0.06915390193977697, 
                0.06240891040661943, 
                0.05636563567763717, 
                0.04902551317206843, 
                0.04543538672274295, 
                0.049165487995373736, 
                0.05897642746825867, 
                0.07117155737453737, 
                0.0801010676791903, 
                0.0803842433300521, 
                0.07161926242715065, 
                0.05837178145951553, 
                0.0462232363851409, 
                0.03869670038476985, 
                0.03588235159348236, 
                0.035354939347677805, 
                0.03498150766415742, 
                0.03487515662019055, 
                0.03611807594766239, 
                0.037955679926344806, 
                0.03845218179849878, 
                0.03773548353926596, 
                0.03766988917591769, 
                0.038639064040555955, 
                0.0388633620620846, 
                0.03652519306330927, 
                0.03157399704988144, 
                0.02585112753441218, 
                0.02153810354559005, 
                0.018732051403986136, 
                0.015368474580654108, 
                0.010470830364550682, 
                0.00578154916163206, 
                0.003644062629094821, 
                0.005012390296529643, 
                0.009047044359679526, 
                0.013007429831570109, 
                0.01367380528193874, 
                0.010413375773035614, 
                0.005740067107889448, 
                0.002293672035842055, 
                0.0006957684901432686, 
                0.00035027690464571907, 
                0.0009564491352907721, 
                0.0029889671397380214, 
                0.006914025105811462, 
                0.011670924789525632, 
                0.01466712006857618, 
                0.014703098106522384, 
                0.013863786694189367, 
                0.014410758004482556, 
                0.01527047904894018, 
                0.014254267869384777, 
                0.012257196391117088, 
                0.012129207478492839, 
                0.014137991836448422, 
                0.015627164741500384, 
                0.015339449422487446, 
                0.014982906911873832, 
                0.015445877583570305, 
                0.014701485013157786, 
                0.011166450889130819, 
                0.006331393359153994, 
                0.0026238429716083796, 
                0.0008095377341862142, 
                0.0003158348208709068, 
                0.000712796550239573, 
                0.0023586073067383586, 
                0.00585521370004246, 
                0.010532055615791338, 
                0.013710831005050732, 
                0.01292099351178895, 
                0.008846494454090168, 
                0.004608851319590129, 
                0.0028118563194174267, 
                0.004794072561874168, 
                0.0112950684448253, 
                0.02119947768838559, 
                0.03014890157679106, 
                0.03343696533966371, 
                0.03034059359252875, 
                0.02344820792809143
            ], 
            "incorrectMedian": 0.005122887006523752, 
            "correct": [
                0.24856776531851643, 
                0.25242251433713403, 
                0.25425445826877935, 
                0.2541198842925962, 
                0.25213896731237073, 
                0.24848892059342456, 
                0.24339429976590884, 
                0.23711517305354882, 
                0.22993400679804837, 
                0.22214217439903441, 
                0.21402697541380508, 
                0.20585995502288676, 
                0.19788715531587128, 
                0.19032172778210507, 
                0.18333911345470766, 
                0.17707477665405413, 
                0.1716242816837934, 
                0.16704534649515443, 
                0.1633614047993965, 
                0.16056616324482909, 
                0.15862865125508693, 
                0.15749832018468882, 
                0.1571098432829084, 
                0.1573873835361918, 
                0.15824821699381508, 
                0.15960571000884455, 
                0.16137173798999505, 
                0.16345869263007093, 
                0.16578125042148537, 
                0.1682580682673176, 
                0.17081353673794278, 
                0.17337966561394186, 
                0.17589810925995794, 
                0.17832227115719348, 
                0.18061936704493584, 
                0.18277228241369603, 
                0.18478103800188914, 
                0.18666367911925147, 
                0.18845643081330665, 
                0.19021300821784826, 
                0.19200303481775421, 
                0.19390959427840107, 
                0.19602601663034755, 
                0.1984520697155233, 
                0.20128978537689643, 
                0.20463919172212705, 
                0.20859424446990715, 
                0.21323925042376965, 
                0.2186460550412437, 
                0.22487222624305486, 
                0.23196041190731334, 
                0.23993898381654358, 
                0.24882401153294656, 
                0.25862254098904575, 
                0.2693370889945512, 
                0.28097120966264894, 
                0.2935359436904579, 
                0.30705692655001293, 
                0.3215819054375375, 
                0.33718839451951704, 
                0.3539911801181118, 
                0.37214936847223523, 
                0.3918726457718424, 
                0.4134263918748416, 
                0.43713525603790304, 
                0.46338476801805717, 
                0.4926205263420955, 
                0.5253444849070643, 
                0.562107858564027, 
                0.6035001980520409, 
                0.650134254605009, 
                0.7026263735346973, 
                0.7615723304274994, 
                0.8275187559207213, 
                0.9009305831378605, 
                0.982155287708383, 
                1.071385059261854, 
                1.1686184238955266, 
                1.2736232013117819, 
                1.3859029944772319, 
                1.504669636432983, 
                1.6288241200329476, 
                1.7569484763840708, 
                1.8873108181264941, 
                2.0178853075695478, 
                2.1463881462088086, 
                2.270329829832829, 
                2.387082912147884, 
                2.493963430505458, 
                2.588323049008296, 
                2.6676479587515862, 
                2.729659738685521, 
                2.772412815014009, 
                2.7943829381782943, 
                2.7945412749714738, 
                2.7724093065164404, 
                2.7280907098640874, 
                2.6622777220284592, 
                2.5762310453638055, 
                2.4717340301556123
            ], 
            "correctMedian": 0.9307478799440843
        }, 
        "STAR": {
            "incorrect": [
                6.04403330670451, 
                6.4094422266367905, 
                6.517732522536876, 
                6.36723788977745, 
                5.989409479105672, 
                5.44062269484394, 
                4.78963254923401, 
                4.1044161336571765, 
                3.441735681451934, 
                2.8413287712760256, 
                2.324901024991881, 
                1.8987478803955338, 
                1.5582328874758786, 
                1.2924781000086154, 
                1.0881907400376924, 
                0.9322107794006523, 
                0.8128656309683668, 
                0.7204672317941329, 
                0.6473185045521481, 
                0.5875058285746119, 
                0.5366347373977441, 
                0.4915742920644713, 
                0.45022731038764807, 
                0.41132770841541644, 
                0.3742634981478393, 
                0.3389215148003662, 
                0.3055455272870074, 
                0.2745977382366854, 
                0.24661912507323863, 
                0.22209547262350135, 
                0.20134688007760781, 
                0.18446166013850487, 
                0.1712875860627777, 
                0.161477273481567, 
                0.15456755615002934, 
                0.1500630242182535, 
                0.1474960176381071, 
                0.1464484111140249, 
                0.14653862931942854, 
                0.1473923161709381, 
                0.14862018774910363, 
                0.14981979929438805, 
                0.1506032632145532, 
                0.15063861842281617, 
                0.14968658603443302, 
                0.14761975611079858, 
                0.14442352402284583, 
                0.14018837756700173, 
                0.1351038978930224, 
                0.12945555188880303, 
                0.12361338328985319, 
                0.11799736223171015, 
                0.1130130815009797, 
                0.10896989398680111, 
                0.10600997695042395, 
                0.10407943290740694, 
                0.10295746894286632, 
                0.10233396738646411, 
                0.10190334174038576, 
                0.10143590116735736, 
                0.10080056259000575, 
                0.09993756915225889, 
                0.09880375525802794, 
                0.09732417642302285, 
                0.0953782473054312, 
                0.09283005683012044, 
                0.08959068676011521, 
                0.08568481981657916, 
                0.08129058464814612, 
                0.07673101691954864, 
                0.0724136218436468, 
                0.06873443337229959, 
                0.06597733967652179, 
                0.06424278756067747, 
                0.06343059658568967, 
                0.06328258276334432, 
                0.06346912503629941, 
                0.0636882647660965, 
                0.06374280251260285, 
                0.06357138766480898, 
                0.06322911761693002, 
                0.06283315614869751, 
                0.06250092357880051, 
                0.06230802179008332, 
                0.06228147932403819, 
                0.06242703554617898, 
                0.06277442665927806, 
                0.0634174569050169, 
                0.06452763279537331, 
                0.06632930306841121, 
                0.0690368179425927, 
                0.07276663430576552, 
                0.07744703811276579, 
                0.08275336333485654, 
                0.08809533350594034, 
                0.09267371683917938, 
                0.0956059205009403, 
                0.09609806422254599, 
                0.09362181091731006, 
                0.08804635869480763
            ], 
            "incorrectMedian": 0.02039772942221299, 
            "correct": [
                0.07782144291764101, 
                0.07882215015327211, 
                0.07704084206725846, 
                0.07282811282236534, 
                0.06683429811612653, 
                0.059901640898874585, 
                0.05292840512180557, 
                0.04673522455597103, 
                0.04196047435712929, 
                0.039001443083037796, 
                0.038005237161868266, 
                0.038901579341222424, 
                0.04146187665222813, 
                0.045366430330602184, 
                0.05026414284598466, 
                0.05581505286895571, 
                0.06171334768215191, 
                0.0676949129597626, 
                0.07353717372946038, 
                0.07905907533738449, 
                0.08412588045803275, 
                0.08865849201868564, 
                0.09264238105533301, 
                0.09612890883538056, 
                0.09922299394855276, 
                0.10205544878112567, 
                0.10474436276472865, 
                0.10735535374858249, 
                0.10987312274046455, 
                0.11219519549249884, 
                0.11415310623093239, 
                0.1155581581680037, 
                0.11626090221967632, 
                0.1162083871452359, 
                0.11548296866019361, 
                0.11431130866579364, 
                0.11304062428038186, 
                0.11208846008516742, 
                0.11187923867663391, 
                0.11278348976347484, 
                0.11507348557018784, 
                0.11890317439869252, 
                0.12431297918567254, 
                0.1312535231134416, 
                0.1396183658540143, 
                0.14927513646256113, 
                0.1600868571137509, 
                0.17191986603576698, 
                0.18464016995796645, 
                0.19810462289569347, 
                0.21215545052035673, 
                0.22662530427535113, 
                0.24135533286404745, 
                0.2562221783113268, 
                0.27116391942515083, 
                0.28619259105615225, 
                0.30138379641254187, 
                0.31684188718305006, 
                0.33264971825574496, 
                0.3488210284369448, 
                0.36527693481184814, 
                0.38186341662697654, 
                0.39841450058669103, 
                0.41484976920649713, 
                0.43128050079419034, 
                0.4480919849013278, 
                0.4659739031642495, 
                0.48588579994418457, 
                0.5089660461775791, 
                0.5364128708634655, 
                0.5693772831390621, 
                0.6089051094898699, 
                0.6559489971953868, 
                0.7114464586021948, 
                0.7764356093620729, 
                0.8521649035276383, 
                0.9401521176255339, 
                1.0421609408317247, 
                1.1600857646375609, 
                1.2957591632233754, 
                1.450715157043655, 
                1.6259501638536318, 
                1.821720842172112, 
                2.037404153142825, 
                2.271421881995387, 
                2.521203960121184, 
                2.7831404205958212, 
                3.0524628268406797, 
                3.3230153437752024, 
                3.5869299091483904, 
                3.8343017717993373, 
                4.053045396652798, 
                4.229157054971337, 
                4.347580441496889, 
                4.393746721460056, 
                4.355658372767693, 
                4.226164414374921, 
                4.0049143009301496, 
                3.6994531533817305, 
                3.325065705487024
            ], 
            "correctMedian": 0.9206551216000208
        }, 
        "GALAXY": {
            "incorrect": [
                4.663194373734411, 
                5.076721194681115, 
                5.333717275251107, 
                5.42113737432553, 
                5.345625811505161, 
                5.130359684788907, 
                4.8090879568302425, 
                4.419228791385258, 
                3.995828479183423, 
                3.5675610691796753, 
                3.1550932757998806, 
                2.771409015794596, 
                2.423301893643489, 
                2.1132294613697287, 
                1.8409585717994952, 
                1.6047430545944774, 
                1.4020266189986645, 
                1.2297975342838443, 
                1.084749759153899, 
                0.9633738898761596, 
                0.8620538648399083, 
                0.7772040937833812, 
                0.7054498056545804, 
                0.6438274412836038, 
                0.5899622116426383, 
                0.5421726292553903, 
                0.49946316354038295, 
                0.4613955786355671, 
                0.42786718233865717, 
                0.39885510106428784, 
                0.3741968565452419, 
                0.3534641881963414, 
                0.3359544184552416, 
                0.3207842184460039, 
                0.30703913681485223, 
                0.2939201026106518, 
                0.28083900106258053, 
                0.26744360589190763, 
                0.2535844760926312, 
                0.23925804064968476, 
                0.22456165704972963, 
                0.20967896320002402, 
                0.19488818904269495, 
                0.1805669269335395, 
                0.16716466773413755, 
                0.1551301148730897, 
                0.14480536684921877, 
                0.1363205790137698, 
                0.12953005183259003, 
                0.12402029885841319, 
                0.11919696033877732, 
                0.11443019314127952, 
                0.10921794573095597, 
                0.10332045519205589, 
                0.09682866962433571, 
                0.09014963721238131, 
                0.08391535288664355, 
                0.07884035620826867, 
                0.07556288111872023, 
                0.0745041789200468, 
                0.0757735624596645, 
                0.07913633107954611, 
                0.08405031917688187, 
                0.08976490868811277, 
                0.09546403047848599, 
                0.10042336911806501, 
                0.10414515428373601, 
                0.10643581266269976, 
                0.10740465754078805, 
                0.10738365053193283, 
                0.1067923900641992, 
                0.10598996159819277, 
                0.10515903777767507, 
                0.10425584054158452, 
                0.10303674990474371, 
                0.10114721505298484, 
                0.09824031225022527, 
                0.09408652808991964, 
                0.08864359299393766, 
                0.08207126340892941, 
                0.07469437837864133, 
                0.06693225147472139, 
                0.059219739273663655, 
                0.05194421068880248, 
                0.045414527631134016, 
                0.0398658979500116, 
                0.03549158221155798, 
                0.032482447014171724, 
                0.03105123485825076, 
                0.0314219744403504, 
                0.033776160814176316, 
                0.03816381523538677, 
                0.044404553269106285, 
                0.052015137832634575, 
                0.06019992781456532, 
                0.06792647033658288, 
                0.07408277335899127, 
                0.07768363346266244, 
                0.07807199838388397, 
                0.07505737356981641
            ], 
            "incorrectMedian": 0.044706941311897334, 
            "correct": [
                0.12091702177882378, 
                0.1270825780437567, 
                0.1298026936190503, 
                0.12928814554368426, 
                0.12611999888589226, 
                0.12112097125394097, 
                0.11518543144009792, 
                0.1091093457976957, 
                0.10345927310736547, 
                0.09850705956208927, 
                0.09423853546027139, 
                0.09042575203505028, 
                0.0867380447294183, 
                0.08286064539878762, 
                0.07859159847842853, 
                0.0738970283510991, 
                0.06891822323750717, 
                0.06393744405350074, 
                0.05931891502066598, 
                0.05544459218570064, 
                0.05266079508497241, 
                0.05124373643979449, 
                0.05138300518349966, 
                0.053175775019981046, 
                0.05662309313078108, 
                0.061622965663385355, 
                0.06796096947629043, 
                0.07530468258737491, 
                0.0832106609970926, 
                0.09115083232030768, 
                0.09855973889181924, 
                0.10489720800260365, 
                0.10971541725675586, 
                0.1127170625478275, 
                0.11379320084116125, 
                0.11303454342219842, 
                0.1107165207437082, 
                0.10726392566980598, 
                0.10320353557909237, 
                0.09911232532545786, 
                0.09556578804739718, 
                0.09308762752454597, 
                0.09210082828636638, 
                0.0928818316867694, 
                0.09552338722392158, 
                0.09991517637720214, 
                0.10575171779127024, 
                0.11257275661427454, 
                0.11983301704380607, 
                0.12698880691512146, 
                0.1335824348792089, 
                0.13930476173009787, 
                0.14402209572813848, 
                0.1477639996797156, 
                0.15067965159065688, 
                0.15297844832584356, 
                0.1548733161787331, 
                0.15654252013189165, 
                0.15811913757466467, 
                0.15970901740003637, 
                0.1614301289899766, 
                0.16346037644306916, 
                0.16607833587907475, 
                0.1696825728581314, 
                0.17478017638738957, 
                0.1819430300433786, 
                0.19173937595105642, 
                0.20465608207261674, 
                0.22103139643381, 
                0.24101730107960734, 
                0.2645846006870783, 
                0.2915738775749147, 
                0.3217840905408593, 
                0.3550813752241359, 
                0.39150684582110057, 
                0.431365908459227, 
                0.4752924924624626, 
                0.5242967805726735, 
                0.5798194694711855, 
                0.6438234283918534, 
                0.7189494846067477, 
                0.8087433185923678, 
                0.9179242039552377, 
                1.052616652008116, 
                1.2204117152329084, 
                1.4300819836459704, 
                1.6907666393370768, 
                2.010496556224963, 
                2.3940631157811536, 
                2.840445004653303, 
                3.3402567207105283, 
                3.8738951323615063, 
                4.411138108565073, 
                4.912806057040423, 
                5.334703857787104, 
                5.633479013043921, 
                5.773417648454061, 
                5.73276192910228, 
                5.508055408410325, 
                5.1153858126271
            ], 
            "correctMedian": 0.9702070988815823
        }
    }, 
    "confusion": {
        "totalRows": 1800, 
        "perActual": {
            "QUASAR": {
                "perPredicted": {
                    "QUASAR": 172, 
                    "STAR": 4, 
                    "GALAXY": 12
                }, 
                "actualClassCount": 188.0
            }, 
            "STAR": {
                "perPredicted": {
                    "QUASAR": 17, 
                    "STAR": 661, 
                    "GALAXY": 19
                }, 
                "actualClassCount": 697.0
            }, 
            "GALAXY": {
                "perPredicted": {
                    "QUASAR": 6, 
                    "STAR": 55, 
                    "GALAXY": 854
                }, 
                "actualClassCount": 915.0
            }
        }
    }, 
    "metrics": {
        "f1": 0.9266727213180851, 
        "mcalibrationLoss": 0.024391644377491226, 
        "recall": 0.9321923406968738, 
        "precision": 0.9216928630064224, 
        "logLoss": 0.2836145247549213, 
        "mrocAUC": 0.9737746091940084, 
        "hammingLoss": 0.06277777777777778, 
        "accuracy": 0.9372222222222222
    }, 
    "oneVsAllRocAUC": {
        "QUASAR": 0.9707149833694102, 
        "STAR": 0.9767192904183322, 
        "GALAXY": 0.9754487357599333
    }, 
    "classes": [
        "GALAXY", 
        "STAR", 
        "QUASAR"
    ], 
    "globalMetrics": {
        "predictionAvg": [
            0.5096263669602262, 
            0.3858508231130576, 
            0.10452280992671623
        ], 
        "predictionStd": [
            0.43593705910574665, 
            0.4181186465326528, 
            0.26763901736953005
        ], 
        "targetStd": [
            0.5000694782189138, 
            0.4872505197420979, 
            0.30592122464608923
        ], 
        "targetAvg": [
            0.5083333333333333, 
            0.38722222222222225, 
            0.10444444444444445
        ], 
        "testWeight": 1800
    }, 
    "oneVsAllRocCurves": {
        "QUASAR": [
            {
                "y": 0.0, 
                "x": 0.0, 
                "p": 1.9999998689885747
            }, 
            {
                "y": 0.24468085106382978, 
                "x": 0.0006203473945409429, 
                "p": 0.9763969716740529
            }, 
            {
                "y": 0.6276595744680851, 
                "x": 0.0018610421836228288, 
                "p": 0.8953334278202506
            }, 
            {
                "y": 0.7712765957446809, 
                "x": 0.0024813895781637717, 
                "p": 0.8004799794050694
            }, 
            {
                "y": 0.8404255319148937, 
                "x": 0.004342431761786601, 
                "p": 0.6576439763816451
            }, 
            {
                "y": 0.8882978723404256, 
                "x": 0.008064516129032258, 
                "p": 0.4187347695987876
            }, 
            {
                "y": 0.9308510638297872, 
                "x": 0.017369727047146403, 
                "p": 0.21224515516216605
            }, 
            {
                "y": 0.9414893617021277, 
                "x": 0.16811414392059554, 
                "p": 0.022297591998136072
            }, 
            {
                "y": 0.9468085106382979, 
                "x": 0.23573200992555832, 
                "p": 0.015975285293643463
            }, 
            {
                "y": 0.9574468085106383, 
                "x": 0.2859801488833747, 
                "p": 0.012491090615902525
            }, 
            {
                "y": 0.9627659574468085, 
                "x": 0.3436724565756824, 
                "p": 0.009840369443532719
            }, 
            {
                "y": 0.973404255319149, 
                "x": 0.5099255583126551, 
                "p": 0.00497303240353734
            }, 
            {
                "y": 0.9787234042553191, 
                "x": 0.565136476426799, 
                "p": 0.004086278963194934
            }, 
            {
                "y": 0.9840425531914894, 
                "x": 0.6191066997518611, 
                "p": 0.0032184500201061653
            }, 
            {
                "y": 0.9893617021276596, 
                "x": 0.7741935483870968, 
                "p": 0.0014653414233907957
            }, 
            {
                "y": 0.9946808510638298, 
                "x": 0.9323821339950372, 
                "p": 0.0003705755438440159
            }, 
            {
                "y": 1.0, 
                "x": 1.0, 
                "p": 5.0539488891889526e-08
            }
        ], 
        "STAR": [
            {
                "y": 0.0, 
                "x": 0.0, 
                "p": 1.999999949460491
            }, 
            {
                "y": 0.21377331420373027, 
                "x": 0.005439709882139619, 
                "p": 0.9773586967637697
            }, 
            {
                "y": 0.2611190817790531, 
                "x": 0.008159564823209429, 
                "p": 0.9699059488041994
            }, 
            {
                "y": 0.46915351506456243, 
                "x": 0.009972801450589302, 
                "p": 0.9319939406782081
            }, 
            {
                "y": 0.5423242467718795, 
                "x": 0.011786038077969175, 
                "p": 0.9119246055409882
            }, 
            {
                "y": 0.6556671449067432, 
                "x": 0.012692656391659111, 
                "p": 0.8830244476215561
            }, 
            {
                "y": 0.7087517934002869, 
                "x": 0.014505893019038985, 
                "p": 0.8618001579536864
            }, 
            {
                "y": 0.7661406025824964, 
                "x": 0.016319129646418858, 
                "p": 0.8352476412677228
            }, 
            {
                "y": 0.8206599713055954, 
                "x": 0.01813236627379873, 
                "p": 0.7886111479344006
            }, 
            {
                "y": 0.8794835007173601, 
                "x": 0.02357207615593835, 
                "p": 0.7012409251589794
            }, 
            {
                "y": 0.9239598278335724, 
                "x": 0.033544877606527655, 
                "p": 0.5978981659244209
            }, 
            {
                "y": 0.9569583931133429, 
                "x": 0.051677243880326386, 
                "p": 0.44861315756428716
            }, 
            {
                "y": 0.9784791965566715, 
                "x": 0.08522212148685404, 
                "p": 0.2509493174227773
            }, 
            {
                "y": 0.9870875179340028, 
                "x": 0.14052583862194015, 
                "p": 0.14865301061063896
            }, 
            {
                "y": 0.9899569583931134, 
                "x": 0.42339075249320035, 
                "p": 0.027927935466443756
            }, 
            {
                "y": 0.9913916786226685, 
                "x": 0.5249320036264733, 
                "p": 0.01817295700996342
            }, 
            {
                "y": 0.9928263988522238, 
                "x": 0.8540344514959202, 
                "p": 0.0032904389743639347
            }, 
            {
                "y": 0.9956958393113343, 
                "x": 0.9728014505893019, 
                "p": 0.00039643188770659295
            }, 
            {
                "y": 1.0, 
                "x": 1.0, 
                "p": 4.365427430975897e-08
            }
        ], 
        "GALAXY": [
            {
                "y": 0.0, 
                "x": 0.0, 
                "p": 1.9995738031161598
            }, 
            {
                "y": 0.060109289617486336, 
                "x": 0.0022598870056497176, 
                "p": 0.9951949975421712
            }, 
            {
                "y": 0.15300546448087432, 
                "x": 0.003389830508474576, 
                "p": 0.9914267009884371
            }, 
            {
                "y": 0.2786885245901639, 
                "x": 0.004519774011299435, 
                "p": 0.9846546069235755
            }, 
            {
                "y": 0.34207650273224044, 
                "x": 0.005649717514124294, 
                "p": 0.9812642588176439
            }, 
            {
                "y": 0.4459016393442623, 
                "x": 0.006779661016949152, 
                "p": 0.9741470398943747
            }, 
            {
                "y": 0.8043715846994536, 
                "x": 0.00903954802259887, 
                "p": 0.8842895137246465
            }, 
            {
                "y": 0.8699453551912568, 
                "x": 0.011299435028248588, 
                "p": 0.8128312740870329
            }, 
            {
                "y": 0.912568306010929, 
                "x": 0.021468926553672316, 
                "p": 0.7302922893304754
            }, 
            {
                "y": 0.9431693989071038, 
                "x": 0.04293785310734463, 
                "p": 0.5159020254830952
            }, 
            {
                "y": 0.9628415300546448, 
                "x": 0.0768361581920904, 
                "p": 0.3422551427014615
            }, 
            {
                "y": 0.9726775956284153, 
                "x": 0.1310734463276836, 
                "p": 0.21598233408981146
            }, 
            {
                "y": 0.9748633879781421, 
                "x": 0.18983050847457628, 
                "p": 0.15158795441959758
            }, 
            {
                "y": 0.980327868852459, 
                "x": 0.23954802259887006, 
                "p": 0.1175841868502957
            }, 
            {
                "y": 0.9825136612021858, 
                "x": 0.3288135593220339, 
                "p": 0.08647296753423081
            }, 
            {
                "y": 0.9836065573770492, 
                "x": 0.39661016949152544, 
                "p": 0.06767123821388717
            }, 
            {
                "y": 0.985792349726776, 
                "x": 0.6067796610169491, 
                "p": 0.02825905438068162
            }, 
            {
                "y": 0.9890710382513661, 
                "x": 0.6836158192090396, 
                "p": 0.01898249257076398
            }, 
            {
                "y": 0.9901639344262295, 
                "x": 0.7367231638418079, 
                "p": 0.013600645283592328
            }, 
            {
                "y": 0.9923497267759562, 
                "x": 0.7864406779661017, 
                "p": 0.008770391905571901
            }, 
            {
                "y": 0.9934426229508196, 
                "x": 0.984180790960452, 
                "p": 1.2954889694263306e-06
            }, 
            {
                "y": 1.0, 
                "x": 1.0, 
                "p": 2.0237828163452475e-14
            }
        ]
    }, 
    "processed_feature_names": [
        "A", 
        "B", 
        "C", 
        "D", 
        "E", 
        "F", 
        "G", 
        "H", 
        "I", 
        "J", 
        "camcol", 
        "dec", 
        "field", 
        "g", 
        "i", 
        "r", 
        "ra", 
        "run", 
        "u", 
        "z"
    ]
}