{
    "oneVsAllCalibrationCurves": {
        "QUASAR": [
            {
                "y": 0, 
                "x": 0, 
                "n": 0
            }, 
            {
                "y": 0.00853018372703412, 
                "x": 0.02330069719216215, 
                "n": 1524.0
            }, 
            {
                "y": 0.05454545454545454, 
                "x": 0.1446482584549226, 
                "n": 55.0
            }, 
            {
                "y": 0.18518518518518517, 
                "x": 0.24126668564994638, 
                "n": 27.0
            }, 
            {
                "y": 0.4666666666666667, 
                "x": 0.346031178974726, 
                "n": 15.0
            }, 
            {
                "y": 0.25, 
                "x": 0.45404437182239454, 
                "n": 8.0
            }, 
            {
                "y": 0.6666666666666666, 
                "x": 0.5710275352447273, 
                "n": 9.0
            }, 
            {
                "y": 0.75, 
                "x": 0.6616900906524259, 
                "n": 8.0
            }, 
            {
                "y": 0.8571428571428571, 
                "x": 0.7610346013748315, 
                "n": 14.0
            }, 
            {
                "y": 0.8461538461538461, 
                "x": 0.8566602961147703, 
                "n": 26.0
            }, 
            {
                "y": 0.9736842105263158, 
                "x": 0.9657203866114623, 
                "n": 114.0
            }, 
            {
                "y": 1, 
                "x": 1, 
                "n": 0
            }
        ], 
        "STAR": [
            {
                "y": 0, 
                "x": 0, 
                "n": 0
            }, 
            {
                "y": 0.007858546168958742, 
                "x": 0.05700516189321203, 
                "n": 509.0
            }, 
            {
                "y": 0.028469750889679714, 
                "x": 0.14147632676969799, 
                "n": 281.0
            }, 
            {
                "y": 0.10204081632653061, 
                "x": 0.24901775503860094, 
                "n": 147.0
            }, 
            {
                "y": 0.3, 
                "x": 0.3435205531057135, 
                "n": 130.0
            }, 
            {
                "y": 0.49333333333333335, 
                "x": 0.4499383521715651, 
                "n": 75.0
            }, 
            {
                "y": 0.5581395348837209, 
                "x": 0.5459567853243459, 
                "n": 86.0
            }, 
            {
                "y": 0.7767857142857143, 
                "x": 0.6528492556342868, 
                "n": 112.0
            }, 
            {
                "y": 0.8828125, 
                "x": 0.7514130357320297, 
                "n": 128.0
            }, 
            {
                "y": 0.9760765550239234, 
                "x": 0.8522234546915468, 
                "n": 209.0
            }, 
            {
                "y": 1.0, 
                "x": 0.9353679321446999, 
                "n": 123.0
            }, 
            {
                "y": 1, 
                "x": 1, 
                "n": 0
            }
        ], 
        "GALAXY": [
            {
                "y": 0, 
                "x": 0, 
                "n": 0
            }, 
            {
                "y": 0.01092896174863388, 
                "x": 0.03918352365765891, 
                "n": 366.0
            }, 
            {
                "y": 0.0582010582010582, 
                "x": 0.14441962480667017, 
                "n": 189.0
            }, 
            {
                "y": 0.17164179104477612, 
                "x": 0.24564177900210102, 
                "n": 134.0
            }, 
            {
                "y": 0.2755102040816326, 
                "x": 0.3485928276660484, 
                "n": 98.0
            }, 
            {
                "y": 0.4606741573033708, 
                "x": 0.4506352494602268, 
                "n": 89.0
            }, 
            {
                "y": 0.5517241379310345, 
                "x": 0.5504144217396761, 
                "n": 87.0
            }, 
            {
                "y": 0.7226890756302521, 
                "x": 0.6530797227471767, 
                "n": 119.0
            }, 
            {
                "y": 0.8985507246376812, 
                "x": 0.7539739366820198, 
                "n": 138.0
            }, 
            {
                "y": 0.9785276073619632, 
                "x": 0.8621381775388398, 
                "n": 326.0
            }, 
            {
                "y": 0.9921259842519685, 
                "x": 0.9252718626500435, 
                "n": 254.0
            }, 
            {
                "y": 1, 
                "x": 1, 
                "n": 0
            }
        ]
    }, 
    "oneVsAllCalibrationLoss": {
        "QUASAR": 0.02028655288999467, 
        "STAR": 0.08492841904473039, 
        "GALAXY": 0.07104499616200029
    }, 
    "densityData": {
        "QUASAR": {
            "incorrect": [
                10.718231122890524, 
                13.397817293077726, 
                14.096951903392952, 
                12.652661990549918, 
                9.874670908871304, 
                6.891043526842289, 
                4.47217037667776, 
                2.8346439005680377, 
                1.8398464781220234, 
                1.2550129202733569, 
                0.8950285060930508, 
                0.6521994223448176, 
                0.47741980052140187, 
                0.35393922817625784, 
                0.2770215536771281, 
                0.24120583440365376, 
                0.2354212965913823, 
                0.24466762263545294, 
                0.25468745942547166, 
                0.256350085901325, 
                0.24722158804486136, 
                0.2290607085465584, 
                0.2043489064072525, 
                0.17616767917518375, 
                0.14951537834188347, 
                0.12911605238071755, 
                0.11523598865625272, 
                0.10372723063443233, 
                0.09110840801718506, 
                0.07848689338405011, 
                0.0696041414034672, 
                0.06571371675036908, 
                0.06372695523958163, 
                0.05961975643427426, 
                0.0525122011178268, 
                0.04476121123731437, 
                0.0389810123269956, 
                0.03597656112820041, 
                0.035229361739324845, 
                0.03629643498010557, 
                0.03902840896338471, 
                0.04250755227983932, 
                0.04465096498598862, 
                0.04378970600276521, 
                0.04049934468435318, 
                0.03703290070812467, 
                0.03475593940291848, 
                0.032641457326526825, 
                0.028631439429464077, 
                0.022312404876765623, 
                0.015797123337029064, 
                0.011829448975949114, 
                0.01134125080069022, 
                0.013026063295724652, 
                0.015080820463849549, 
                0.017030936086656265, 
                0.01952847395056798, 
                0.022478014344910025, 
                0.02421047116143877, 
                0.02320740427110445, 
                0.020306277536036477, 
                0.018373718338574988, 
                0.01945064347232783, 
                0.0224305913225643, 
                0.02390189896587964, 
                0.021386323184557767, 
                0.015517910758178937, 
                0.009032923103182862, 
                0.004204371038607406, 
                0.0015643785728685663, 
                0.0004750820001982894, 
                0.00017584313713650331, 
                0.00032718630826207167, 
                0.0011375357223869565, 
                0.0033611297153352602, 
                0.008014364386284091, 
                0.015536686733275322, 
                0.024878638822047782, 
                0.033676158733216735, 
                0.0396431555282113, 
                0.041673695411983826, 
                0.03973300216098302, 
                0.034425687551255524, 
                0.027009873171589635, 
                0.01941575126258188, 
                0.013736254123024752, 
                0.011226993764513095, 
                0.011406345637986905, 
                0.01223467702989303, 
                0.01166531149516309, 
                0.009295331609182904, 
                0.006552716172840915, 
                0.005539689997669607, 
                0.00783794264412536, 
                0.013753845245018612, 
                0.02175619245929485, 
                0.02867067201387081, 
                0.0313360742547988, 
                0.028654212818642735, 
                0.022092614767819586
            ], 
            "incorrectMedian": 0.020171101731104864, 
            "correct": [
                0.2612775767928236, 
                0.27308272368436154, 
                0.2836195707075176, 
                0.292780254129816, 
                0.30049509553771986, 
                0.30673463695919356, 
                0.31150987787400597, 
                0.3148707056043184, 
                0.3169026171666649, 
                0.31772192957024337, 
                0.3174697596204736, 
                0.3163051178052186, 
                0.31439749997773525, 
                0.3119193736493026, 
                0.309038943315789, 
                0.30591354392862635, 
                0.3026839575687676, 
                0.299469880873548, 
                0.2963666955800396, 
                0.29344361737056013, 
                0.29074322411483566, 
                0.28828229768908686, 
                0.2860538566994694, 
                0.2840302122821542, 
                0.28216684619725424, 
                0.28040688928029833, 
                0.27868596796559286, 
                0.27693718576801757, 
                0.27509601400840933, 
                0.27310488057790316, 
                0.2709172663115572, 
                0.268501144985119, 
                0.26584163460677024, 
                0.2629427640707603, 
                0.2598282996886177, 
                0.25654161957000843, 
                0.2531446687865942, 
                0.24971607275310986, 
                0.24634852796258896, 
                0.24314562558715203, 
                0.24021829202421108, 
                0.23768104908161142, 
                0.2356483036013888, 
                0.23423087118286462, 
                0.2335329214969867, 
                0.23364950468730739, 
                0.2346647816425278, 
                0.23665103834521162, 
                0.23966851936082717, 
                0.2437660712857964, 
                0.24898254688156682, 
                0.25534888742289447, 
                0.26289077642499253, 
                0.27163174333506024, 
                0.28159659083163036, 
                0.2928150228317829, 
                0.30532535994466437, 
                0.31917824194619865, 
                0.3344402294340289, 
                0.35119722559860855, 
                0.3695576407616663, 
                0.3896552144460436, 
                0.41165139081726376, 
                0.43573711338491644, 
                0.4621338655657132, 
                0.49109373858934774, 
                0.5228982625385666, 
                0.5578556968684911, 
                0.5962964514910949, 
                0.6385663069068562, 
                0.6850171301249369, 
                0.7359948492665325, 
                0.7918245586576105, 
                0.8527927796088363, 
                0.9191270976695755, 
                0.9909736280109479, 
                1.0683730148904034, 
                1.1512359322490133, 
                1.2393192996463043, 
                1.3322046372938752, 
                1.42928013108305, 
                1.529728039385169, 
                1.632519027655719, 
                1.7364148500894416, 
                1.8399805036469963, 
                1.9416065627573194, 
                2.0395418782089485, 
                2.131936217875436, 
                2.216891777036377, 
                2.2925218373928513, 
                2.3570142565470786, 
                2.408696974579171, 
                2.4461023783412923, 
                2.468027205525816, 
                2.4735847248993683, 
                2.462246205634859, 
                2.43386917867337, 
                2.388710669495353, 
                2.3274244009184137, 
                2.251041869577395
            ], 
            "correctMedian": 0.9320933350203727
        }, 
        "STAR": {
            "incorrect": [
                1.912717378226568, 
                2.3390387658569125, 
                2.7696432713201897, 
                3.1794021343136825, 
                3.5426838812111523, 
                3.836388478948671, 
                4.0427809502620535, 
                4.1516258875835454, 
                4.161235432187357, 
                4.078250696547479, 
                3.9162378307400414, 
                3.693427573803135, 
                3.430089232483741, 
                3.1460578914242405, 
                2.8588235625764806, 
                2.5823876598319573, 
                2.3268707569268905, 
                2.098690047988894, 
                1.9010584061622247, 
                1.7345877271724204, 
                1.5978680994301093, 
                1.4879875317788593, 
                1.4010125762837873, 
                1.3324548303024306, 
                1.2777176588190102, 
                1.2324825375645208, 
                1.1929823437427574, 
                1.1561290007460723, 
                1.1195042298973306, 
                1.081262689554542, 
                1.0400167786201275, 
                0.9947644000649096, 
                0.9448912762628052, 
                0.8902420336206746, 
                0.8312230051390677, 
                0.7688828936105278, 
                0.7049175321410638, 
                0.6415607015021131, 
                0.5813511135726742, 
                0.5268009152036658, 
                0.4800248972375916, 
                0.44241091819950423, 
                0.41441086666240046, 
                0.3955043356419832, 
                0.3843409508071075, 
                0.37901803441502746, 
                0.377416598098915, 
                0.37751278632289065, 
                0.37760366429234765, 
                0.3764235663047808, 
                0.373162914525907, 
                0.36742222050850876, 
                0.35913637108683594, 
                0.34849414318374844, 
                0.33586499353754995, 
                0.32173679540708444, 
                0.30666565166455034, 
                0.29123869873849195, 
                0.2760487232805291, 
                0.26167437929959475, 
                0.2486548823843909, 
                0.23744814161180153, 
                0.2283691463582986, 
                0.22151895131394234, 
                0.2167271440306755, 
                0.21353454664352328, 
                0.21123409105207713, 
                0.20896896627653863, 
                0.20586671969066073, 
                0.20117576978821816, 
                0.1943723097770368, 
                0.18521902656857997, 
                0.17377450896533778, 
                0.1603646142304265, 
                0.14552968178875383, 
                0.1299564002296353, 
                0.114397128054066, 
                0.09957888963156834, 
                0.0861104109530344, 
                0.07440374668919249, 
                0.06463005101352007, 
                0.05672243040491798, 
                0.050424429624022826, 
                0.045367736990093145, 
                0.04115501817954635, 
                0.0374268307976666, 
                0.03390239072754302, 
                0.030395654705148194, 
                0.026814682433987703, 
                0.023151935094503612, 
                0.019469016584081074, 
                0.015875940314414298, 
                0.012505015711096449, 
                0.009482266462700086, 
                0.006902116609218101, 
                0.004811381758858254, 
                0.00320587497845026, 
                0.002038710142368715, 
                0.0012358981667253, 
                0.0007135605487872823
            ], 
            "incorrectMedian": 0.1131101149346793, 
            "correct": [
                0.02843139106233701, 
                0.03305743479228686, 
                0.03783151736943835, 
                0.04272587751797769, 
                0.047756889010168814, 
                0.052991169068129264, 
                0.05854339477414057, 
                0.06456516245297769, 
                0.07122579062318836, 
                0.07868746833635272, 
                0.08707833999398448, 
                0.09646782675932067, 
                0.10684862702577658, 
                0.11812938130294355, 
                0.13014091809555758, 
                0.14265731762085368, 
                0.1554307893427981, 
                0.16823672721633542, 
                0.18092264144430192, 
                0.1934525259763707, 
                0.20593727919124305, 
                0.21864264840638364, 
                0.23196909747629588, 
                0.246402761719223, 
                0.26244243315417626, 
                0.28051304094329077, 
                0.30087996022921265, 
                0.32357958854251073, 
                0.3483795153593521, 
                0.37477664680923595, 
                0.40203494529543354, 
                0.4292575343191587, 
                0.45548230825951525, 
                0.4797869432391843, 
                0.501388714810072, 
                0.5197264875250757, 
                0.5345158594085361, 
                0.545772756863927, 
                0.5538049475128032, 
                0.5591744503618493, 
                0.5626364989033744, 
                0.5650626138950522, 
                0.5673565931073185, 
                0.5703728615243535, 
                0.5748465292559007, 
                0.5813434472423107, 
                0.5902363259157656, 
                0.6017095689129209, 
                0.6157911672992413, 
                0.632405443099611, 
                0.6514365260546278, 
                0.6727901484582924, 
                0.6964413841604917, 
                0.7224585975018756, 
                0.7509987362506026, 
                0.7822752242470511, 
                0.8165057182221672, 
                0.8538514878727033, 
                0.8943621105753414, 
                0.9379381374014715, 
                0.9843207180291551, 
                1.0331118102151964, 
                1.083822799905491, 
                1.1359443379582697, 
                1.1890268429809054, 
                1.2427598145279661, 
                1.29703872458616, 
                1.352010288862748, 
                1.408089644374358, 
                1.4659456933304973, 
                1.526453189243946, 
                1.5906120135466026, 
                1.6594358917858814, 
                1.7338151131153898, 
                1.8143611095877263, 
                1.9012450027151027, 
                1.9940467126959052, 
                2.091634606416237, 
                2.192096373148785, 
                2.292738693183998, 
                2.390166090650764, 
                2.480439135105286, 
                2.5593008928444183, 
                2.622450669830958, 
                2.66583773763215, 
                2.6859460250227585, 
                2.6800435845900403, 
                2.6463768253766657, 
                2.584297273721966, 
                2.4943162272384827, 
                2.3780888293975013, 
                2.2383332617759097, 
                2.078693070064911, 
                1.903551737933422, 
                1.7178093242049202, 
                1.5266320089304963, 
                1.3351871364944266, 
                1.1483786890162788, 
                0.9706004470097443, 
                0.8055254015739345
            ], 
            "correctMedian": 0.7926274259239272
        }, 
        "GALAXY": {
            "incorrect": [
                2.284896495644671, 
                2.4987974902681978, 
                2.675976886274403, 
                2.811117313243694, 
                2.9022333649625294, 
                2.9504439847808004, 
                2.959357225100317, 
                2.9342402542617694, 
                2.8811631035663123, 
                2.806270386253545, 
                2.7152691548622347, 
                2.6131483815731857, 
                2.5040888292189023, 
                2.3914940357719394, 
                2.2780742044296547, 
                2.1659357007916715, 
                2.05665617159978, 
                1.9513472249080916, 
                1.8507168035911965, 
                1.7551417827523346, 
                1.664752463554038, 
                1.5795207249476748, 
                1.499337737918573, 
                1.424067706664791, 
                1.3535704347593438, 
                1.287694812001988, 
                1.2262539758930842, 
                1.1689978711449003, 
                1.1155986482234086, 
                1.0656590713604441, 
                1.0187456972102962, 
                0.9744397905697567, 
                0.9323925241982972, 
                0.8923688876015665, 
                0.8542674348109149, 
                0.8181095719862176, 
                0.7840004388858061, 
                0.7520710733892303, 
                0.7224163377065445, 
                0.6950438816924625, 
                0.6698462947948486, 
                0.6466026749254854, 
                0.6250088259943375, 
                0.6047289206474982, 
                0.5854570472573153, 
                0.5669752788903498, 
                0.5491958088402913, 
                0.5321778750929416, 
                0.5161149481998889, 
                0.5012931516222533, 
                0.48802723776351326, 
                0.47658478584632785, 
                0.467111852375188, 
                0.4595735642519784, 
                0.45372095883275315, 
                0.4490910802403169, 
                0.4450417187071326, 
                0.4408162951117091, 
                0.4356293483794536, 
                0.42875976902841173, 
                0.41963784310053287, 
                0.407913388790043, 
                0.39349544567468214, 
                0.37655848476506804, 
                0.35751516059325467, 
                0.33696041875515403, 
                0.3155956080149935, 
                0.29414364339588267, 
                0.2732670108545867, 
                0.25349953184660307, 
                0.2352005319508616, 
                0.21853668905570353, 
                0.20349273269367146, 
                0.1899077659895723, 
                0.17752986380525923, 
                0.16607849122735982, 
                0.15530294229188057, 
                0.14502596198231707, 
                0.13516503356069742, 
                0.12572888003598345, 
                0.11679235343610055, 
                0.10845762470761999, 
                0.10081220635093953, 
                0.09389422400570531, 
                0.087672690654938, 
                0.08204621674804657, 
                0.07685887226225739, 
                0.07192802912427748, 
                0.06707681262120842, 
                0.062163596566214396, 
                0.057102570249104374, 
                0.05187216436904027, 
                0.04651122952230031, 
                0.041105519167138956, 
                0.03576866016591538, 
                0.030622160391949895, 
                0.025778235539489696, 
                0.0213277551517503, 
                0.01733395458394102, 
                0.01383121624708434
            ], 
            "incorrectMedian": 0.13172455206425498, 
            "correct": [
                0.03193513441073424, 
                0.036029878867286994, 
                0.04012526425440881, 
                0.04425928322920852, 
                0.048490964591845515, 
                0.052878728784439, 
                0.05746107038151875, 
                0.062246938010236307, 
                0.06722027321060804, 
                0.07235848472556884, 
                0.07765978304636739, 
                0.08317095965746385, 
                0.08900643820493953, 
                0.09535133375365887, 
                0.10244501475721932, 
                0.11054603965814237, 
                0.11988327660829927, 
                0.13060096639696786, 
                0.14270736121776187, 
                0.15603736162040352, 
                0.1702390314114764, 
                0.18479148711946833, 
                0.19905703981585693, 
                0.21236385658731236, 
                0.22410799419435343, 
                0.2338573852235355, 
                0.24143728682944557, 
                0.24697820374043686, 
                0.2509134883758959, 
                0.2539234929314067, 
                0.2568341546600305, 
                0.26048776865793294, 
                0.2656102308906631, 
                0.27270066470599547, 
                0.28196543102856586, 
                0.2933095047146619, 
                0.30638570409905563, 
                0.32068900443176157, 
                0.33567249114931197, 
                0.35085651909994614, 
                0.3659051476527377, 
                0.38065360230875606, 
                0.3950847539670365, 
                0.40926717864738976, 
                0.42327780722482466, 
                0.4371353825599862, 
                0.4507662486174785, 
                0.46401336278455263, 
                0.4766865760169417, 
                0.4886411582210098, 
                0.4998650402480921, 
                0.5105540735361258, 
                0.521157730917372, 
                0.5323832040689321, 
                0.5451522325925675, 
                0.5605116579342063, 
                0.5795058710214526, 
                0.6030271796949461, 
                0.6316677807551435, 
                0.6656022147364273, 
                0.7045289303745242, 
                0.747691693672654, 
                0.7939862074740761, 
                0.8421377381747365, 
                0.8909175045644705, 
                0.9393552658142318, 
                0.9869070998034938, 
                1.0335509723732526, 
                1.0798041797197946, 
                1.1266789150182057, 
                1.1756074601140307, 
                1.228371532703555, 
                1.2870599282488757, 
                1.3540579453510768, 
                1.4320475103167722, 
                1.5239759343255956, 
                1.6329405286668661, 
                1.7619402903323897, 
                1.9134659904776337, 
                2.088934496329285, 
                2.288017104348531, 
                2.5079571706991306, 
                2.743009223458264, 
                2.9841490841130613, 
                3.219193025952525, 
                3.4334189381713025, 
                3.6107061950943975, 
                3.7351139527253863, 
                3.7927176439689685, 
                3.773442516002274, 
                3.6725928515054025, 
                3.4917920641345113, 
                3.2391273006523944, 
                2.928423126232024, 
                2.577727934253916, 
                2.2072486227694466, 
                1.8370762995662764, 
                1.485079778253418, 
                1.1652947079438873, 
                0.8870177577198021
            ], 
            "correctMedian": 0.8522823273870783
        }
    }, 
    "confusion": {
        "totalRows": 1800, 
        "perActual": {
            "QUASAR": {
                "perPredicted": {
                    "QUASAR": 160, 
                    "STAR": 12, 
                    "GALAXY": 15
                }, 
                "actualClassCount": 187.0
            }, 
            "STAR": {
                "perPredicted": {
                    "QUASAR": 9, 
                    "STAR": 581, 
                    "GALAXY": 88
                }, 
                "actualClassCount": 678.0
            }, 
            "GALAXY": {
                "perPredicted": {
                    "QUASAR": 8, 
                    "STAR": 81, 
                    "GALAXY": 846
                }, 
                "actualClassCount": 935.0
            }
        }
    }, 
    "metrics": {
        "f1": 0.878892502238901, 
        "mcalibrationLoss": 0.05875332269890845, 
        "recall": 0.8724533202929871, 
        "precision": 0.8858124353660225, 
        "logLoss": 0.3557513854387417, 
        "mrocAUC": 0.9674992259614239, 
        "hammingLoss": 0.11833333333333333, 
        "accuracy": 0.8816666666666667
    }, 
    "oneVsAllRocAUC": {
        "QUASAR": 0.9718861788078812, 
        "STAR": 0.9620475972636306, 
        "GALAXY": 0.9586794844054279
    }, 
    "classes": [
        "GALAXY", 
        "STAR", 
        "QUASAR"
    ], 
    "globalMetrics": {
        "predictionAvg": [
            0.49697119744324203, 
            0.38510908886676637, 
            0.11791971368999155
        ], 
        "predictionStd": [
            0.34538194767711905, 
            0.32177582788279724, 
            0.2610727910922289
        ], 
        "targetStd": [
            0.499760612201233, 
            0.48468484571573034, 
            0.3052011408837844
        ], 
        "targetAvg": [
            0.5194444444444445, 
            0.37666666666666665, 
            0.10388888888888889
        ], 
        "testWeight": 1800
    }, 
    "oneVsAllRocCurves": {
        "QUASAR": [
            {
                "y": 0.0, 
                "x": 0.0, 
                "p": 1.9954037824954867
            }, 
            {
                "y": 0.31016042780748665, 
                "x": 0.0006199628022318661, 
                "p": 0.9758158261614482
            }, 
            {
                "y": 0.6042780748663101, 
                "x": 0.0018598884066955983, 
                "p": 0.8946420923169246
            }, 
            {
                "y": 0.6844919786096256, 
                "x": 0.0024798512089274642, 
                "p": 0.8407662886186063
            }, 
            {
                "y": 0.8021390374331551, 
                "x": 0.005579665220086794, 
                "p": 0.6624147134767137
            }, 
            {
                "y": 0.8502673796791443, 
                "x": 0.009919404835709857, 
                "p": 0.4592340531147876
            }, 
            {
                "y": 0.893048128342246, 
                "x": 0.01735895846249225, 
                "p": 0.29605726353713774
            }, 
            {
                "y": 0.9251336898395722, 
                "x": 0.05145691258524489, 
                "p": 0.12273097477072092
            }, 
            {
                "y": 0.9411764705882353, 
                "x": 0.08617482951022938, 
                "p": 0.08005799104259202
            }, 
            {
                "y": 0.9518716577540107, 
                "x": 0.15251084934903905, 
                "p": 0.05005868843422791
            }, 
            {
                "y": 0.9572192513368984, 
                "x": 0.20768753874767515, 
                "p": 0.03974073973687364
            }, 
            {
                "y": 0.9625668449197861, 
                "x": 0.33168009919404834, 
                "p": 0.0276876091513776
            }, 
            {
                "y": 0.9732620320855615, 
                "x": 0.38561686298822073, 
                "p": 0.024431760397337254
            }, 
            {
                "y": 0.9786096256684492, 
                "x": 0.47799132052076876, 
                "p": 0.02090582918606203
            }, 
            {
                "y": 0.983957219251337, 
                "x": 0.634221946683199, 
                "p": 0.015409829213261667
            }, 
            {
                "y": 0.9893048128342246, 
                "x": 0.7420954742715437, 
                "p": 0.010750658139799134
            }, 
            {
                "y": 0.9893048128342246, 
                "x": 0.7997520148791073, 
                "p": 0.008973561095051843
            }, 
            {
                "y": 0.9946524064171123, 
                "x": 0.8505889646621203, 
                "p": 0.0066087735078148805
            }, 
            {
                "y": 1.0, 
                "x": 0.9150650960942344, 
                "p": 0.0027582807519399887
            }, 
            {
                "y": 1.0, 
                "x": 0.9702417854928704, 
                "p": 0.0007340114626518396
            }, 
            {
                "y": 1.0, 
                "x": 1.0, 
                "p": 0.0
            }
        ], 
        "STAR": [
            {
                "y": 0.0, 
                "x": 0.0, 
                "p": 1.99
            }, 
            {
                "y": 0.19911504424778761, 
                "x": 0.0, 
                "p": 0.8949087082164777
            }, 
            {
                "y": 0.39085545722713866, 
                "x": 0.0017825311942959, 
                "p": 0.8336778919131186
            }, 
            {
                "y": 0.5383480825958702, 
                "x": 0.004456327985739751, 
                "p": 0.770625913292368
            }, 
            {
                "y": 0.5855457227138643, 
                "x": 0.008912655971479501, 
                "p": 0.745117654680341
            }, 
            {
                "y": 0.6297935103244838, 
                "x": 0.015151515151515152, 
                "p": 0.7146263400575564
            }, 
            {
                "y": 0.6740412979351033, 
                "x": 0.022281639928698752, 
                "p": 0.6841969276585168
            }, 
            {
                "y": 0.7300884955752213, 
                "x": 0.029411764705882353, 
                "p": 0.6456072703368576
            }, 
            {
                "y": 0.7728613569321534, 
                "x": 0.0392156862745098, 
                "p": 0.6049082614405463
            }, 
            {
                "y": 0.8082595870206489, 
                "x": 0.054367201426024955, 
                "p": 0.5481808400446669
            }, 
            {
                "y": 0.8421828908554573, 
                "x": 0.07130124777183601, 
                "p": 0.5079172842562634
            }, 
            {
                "y": 0.8731563421828908, 
                "x": 0.09090909090909091, 
                "p": 0.45613534066042455
            }, 
            {
                "y": 0.9056047197640118, 
                "x": 0.11051693404634581, 
                "p": 0.3893552086188798
            }, 
            {
                "y": 0.9321533923303835, 
                "x": 0.13458110516934046, 
                "p": 0.3532978706768812
            }, 
            {
                "y": 0.9469026548672567, 
                "x": 0.17023172905525846, 
                "p": 0.31867058302876583
            }, 
            {
                "y": 0.9631268436578171, 
                "x": 0.21568627450980393, 
                "p": 0.27704432193381906
            }, 
            {
                "y": 0.9705014749262537, 
                "x": 0.2736185383244207, 
                "p": 0.22951651484386254
            }, 
            {
                "y": 0.9823008849557522, 
                "x": 0.3253119429590018, 
                "p": 0.18771687594838565
            }, 
            {
                "y": 0.9882005899705014, 
                "x": 0.38324420677361853, 
                "p": 0.1542327948678375
            }, 
            {
                "y": 0.9926253687315634, 
                "x": 0.4590017825311943, 
                "p": 0.12569092961830944
            }, 
            {
                "y": 0.9941002949852508, 
                "x": 0.6016042780748663, 
                "p": 0.09015982394897051
            }, 
            {
                "y": 0.995575221238938, 
                "x": 0.732620320855615, 
                "p": 0.06716802557266069
            }, 
            {
                "y": 0.9970501474926253, 
                "x": 0.9010695187165776, 
                "p": 0.03642906925202716
            }, 
            {
                "y": 1.0, 
                "x": 1.0, 
                "p": 0.003182078172144866
            }
        ], 
        "GALAXY": [
            {
                "y": 0.0, 
                "x": 0.0, 
                "p": 1.9876061371750287
            }, 
            {
                "y": 0.21711229946524063, 
                "x": 0.0011560693641618498, 
                "p": 0.9112232356382018
            }, 
            {
                "y": 0.28449197860962566, 
                "x": 0.0023121387283236996, 
                "p": 0.8974232676424699
            }, 
            {
                "y": 0.4727272727272727, 
                "x": 0.005780346820809248, 
                "p": 0.8618863104753344
            }, 
            {
                "y": 0.5240641711229946, 
                "x": 0.006936416184971098, 
                "p": 0.8429040071161162
            }, 
            {
                "y": 0.6406417112299465, 
                "x": 0.010404624277456647, 
                "p": 0.781012469532693
            }, 
            {
                "y": 0.6898395721925134, 
                "x": 0.019653179190751446, 
                "p": 0.7487294785957529
            }, 
            {
                "y": 0.7368983957219252, 
                "x": 0.025433526011560695, 
                "p": 0.7116347125137428
            }, 
            {
                "y": 0.7786096256684492, 
                "x": 0.03468208092485549, 
                "p": 0.6701821503939829
            }, 
            {
                "y": 0.8160427807486631, 
                "x": 0.047398843930635835, 
                "p": 0.6341840966552885
            }, 
            {
                "y": 0.8427807486631016, 
                "x": 0.07167630057803469, 
                "p": 0.5844724032597326
            }, 
            {
                "y": 0.8748663101604278, 
                "x": 0.09479768786127167, 
                "p": 0.5258445770177226
            }, 
            {
                "y": 0.9016042780748663, 
                "x": 0.11907514450867052, 
                "p": 0.4787884564136833
            }, 
            {
                "y": 0.9219251336898395, 
                "x": 0.14913294797687862, 
                "p": 0.42667880536244246
            }, 
            {
                "y": 0.9411764705882353, 
                "x": 0.18034682080924855, 
                "p": 0.37544945845027944
            }, 
            {
                "y": 0.9518716577540107, 
                "x": 0.21965317919075145, 
                "p": 0.32673248209562755
            }, 
            {
                "y": 0.9614973262032086, 
                "x": 0.26011560693641617, 
                "p": 0.288642079775384
            }, 
            {
                "y": 0.9732620320855615, 
                "x": 0.30057803468208094, 
                "p": 0.2509365853263159
            }, 
            {
                "y": 0.9828877005347594, 
                "x": 0.353757225433526, 
                "p": 0.21329038248679474
            }, 
            {
                "y": 0.986096256684492, 
                "x": 0.40115606936416187, 
                "p": 0.18196084474863528
            }, 
            {
                "y": 0.9893048128342246, 
                "x": 0.45202312138728323, 
                "p": 0.15655919801994678
            }, 
            {
                "y": 0.9903743315508021, 
                "x": 0.5364161849710982, 
                "p": 0.11697708672347096
            }, 
            {
                "y": 0.9957219251336898, 
                "x": 0.6959537572254335, 
                "p": 0.064186586234671
            }, 
            {
                "y": 0.9967914438502674, 
                "x": 0.7861271676300579, 
                "p": 0.03490276342030878
            }, 
            {
                "y": 0.9978609625668449, 
                "x": 0.8913294797687862, 
                "p": 0.010011196620541311
            }, 
            {
                "y": 0.9989304812834224, 
                "x": 0.9907514450867052, 
                "p": 0.0011484014308799993
            }, 
            {
                "y": 1.0, 
                "x": 1.0, 
                "p": 0.0
            }
        ]
    }, 
    "processed_feature_names": [
        "A", 
        "B", 
        "C", 
        "D", 
        "E", 
        "F", 
        "G", 
        "H", 
        "I", 
        "J", 
        "camcol", 
        "dec", 
        "field", 
        "g", 
        "i", 
        "r", 
        "ra", 
        "run", 
        "u", 
        "z"
    ]
}