{
    "oneVsAllCalibrationCurves": {
        "QUASAR": [
            {
                "y": 0, 
                "x": 0, 
                "n": 0
            }, 
            {
                "y": 0.006957621758380772, 
                "x": 0.011357014769877707, 
                "n": 1581.0
            }, 
            {
                "y": 0.13636363636363635, 
                "x": 0.12947904881685826, 
                "n": 22.0
            }, 
            {
                "y": 0.25, 
                "x": 0.22496589785021537, 
                "n": 8.0
            }, 
            {
                "y": 0.6, 
                "x": 0.3440798113844826, 
                "n": 5.0
            }, 
            {
                "y": 0.75, 
                "x": 0.4425847248981653, 
                "n": 8.0
            }, 
            {
                "y": 0.75, 
                "x": 0.5404364074425795, 
                "n": 8.0
            }, 
            {
                "y": 1.0, 
                "x": 0.6601627304536007, 
                "n": 5.0
            }, 
            {
                "y": 0.8, 
                "x": 0.7524631900915522, 
                "n": 15.0
            }, 
            {
                "y": 0.9130434782608695, 
                "x": 0.8472677883676437, 
                "n": 23.0
            }, 
            {
                "y": 0.984, 
                "x": 0.9662628510700957, 
                "n": 125.0
            }, 
            {
                "y": 1, 
                "x": 1, 
                "n": 0
            }
        ], 
        "STAR": [
            {
                "y": 0, 
                "x": 0, 
                "n": 0
            }, 
            {
                "y": 0.011013215859030838, 
                "x": 0.022281061006060983, 
                "n": 908.0
            }, 
            {
                "y": 0.09411764705882353, 
                "x": 0.14747721038630063, 
                "n": 85.0
            }, 
            {
                "y": 0.14285714285714285, 
                "x": 0.24239603915874802, 
                "n": 42.0
            }, 
            {
                "y": 0.1724137931034483, 
                "x": 0.3571847384394099, 
                "n": 29.0
            }, 
            {
                "y": 0.3870967741935484, 
                "x": 0.44631708894452676, 
                "n": 31.0
            }, 
            {
                "y": 0.5, 
                "x": 0.5514453056791188, 
                "n": 22.0
            }, 
            {
                "y": 0.75, 
                "x": 0.661175066456438, 
                "n": 36.0
            }, 
            {
                "y": 0.9090909090909091, 
                "x": 0.7539696588735039, 
                "n": 55.0
            }, 
            {
                "y": 0.9568345323741008, 
                "x": 0.8605241058010141, 
                "n": 139.0
            }, 
            {
                "y": 0.9735099337748344, 
                "x": 0.9574241556497726, 
                "n": 453.0
            }, 
            {
                "y": 1, 
                "x": 1, 
                "n": 0
            }
        ], 
        "GALAXY": [
            {
                "y": 0, 
                "x": 0, 
                "n": 0
            }, 
            {
                "y": 0.022388059701492536, 
                "x": 0.03264312391887519, 
                "n": 670.0
            }, 
            {
                "y": 0.0423728813559322, 
                "x": 0.13854256046266716, 
                "n": 118.0
            }, 
            {
                "y": 0.057692307692307696, 
                "x": 0.23854026317184648, 
                "n": 52.0
            }, 
            {
                "y": 0.28125, 
                "x": 0.33971263290556936, 
                "n": 32.0
            }, 
            {
                "y": 0.42857142857142855, 
                "x": 0.4440432009144005, 
                "n": 21.0
            }, 
            {
                "y": 0.6666666666666666, 
                "x": 0.5569083926075362, 
                "n": 24.0
            }, 
            {
                "y": 0.68, 
                "x": 0.6488957914944384, 
                "n": 25.0
            }, 
            {
                "y": 0.7857142857142857, 
                "x": 0.7592244609174956, 
                "n": 42.0
            }, 
            {
                "y": 0.881578947368421, 
                "x": 0.8563986733511266, 
                "n": 76.0
            }, 
            {
                "y": 0.9878378378378379, 
                "x": 0.9698693169349876, 
                "n": 740.0
            }, 
            {
                "y": 1, 
                "x": 1, 
                "n": 0
            }
        ]
    }, 
    "oneVsAllCalibrationLoss": {
        "QUASAR": 0.010480460532720344, 
        "STAR": 0.03315375387322653, 
        "GALAXY": 0.027529723912391495
    }, 
    "densityData": {
        "QUASAR": {
            "incorrect": [
                19.192285870488828, 
                20.58907101631468, 
                16.042803185660144, 
                9.67300500531619, 
                5.012384078073168, 
                2.5406857932869475, 
                1.3757134013992012, 
                0.8152272447113166, 
                0.5384419679088773, 
                0.40310106327341927, 
                0.3250545887457665, 
                0.25971790079709833, 
                0.20249789797263226, 
                0.15611456953324937, 
                0.11340308901721163, 
                0.07633042889737915, 
                0.056171519430629646, 
                0.052595749521769035, 
                0.05518394589110162, 
                0.0571471005924548, 
                0.05562635319619641, 
                0.051049556645179205, 
                0.04798090052720266, 
                0.04856515106769218, 
                0.048947124589048166, 
                0.043211823986830586, 
                0.030119426035078844, 
                0.016495382192005612, 
                0.010326370226959758, 
                0.012218692936193175, 
                0.015679428999397484, 
                0.01442592952523126, 
                0.00898066471102013, 
                0.004461831948052296, 
                0.004344129708894463, 
                0.008730475001767244, 
                0.014462340455753973, 
                0.016927295350362533, 
                0.016061324000924228, 
                0.0169717153507013, 
                0.021610811217763346, 
                0.025785960788758226, 
                0.025055584393791235, 
                0.01887619730519567, 
                0.010539136634046688, 
                0.004399342521290199, 
                0.0026381702035452145, 
                0.00597756288069244, 
                0.014788292754334327, 
                0.025652502141633716, 
                0.030386384093158022, 
                0.024567887514565446, 
                0.013541114298717547, 
                0.005072514296337775, 
                0.0012860256696053314, 
                0.0002196498053764217, 
                2.5162566322135384e-05, 
                1.926018101013817e-06, 
                9.81963410849351e-08, 
                3.3266755668532786e-09, 
                7.482359146624571e-11, 
                7.309208780266573e-12, 
                3.497937587574738e-10, 
                1.3036027157337927e-08, 
                3.207713913154702e-07, 
                5.211396934436298e-06, 
                5.590342924231389e-05, 
                0.00039601921640176706, 
                0.0018537361656937232, 
                0.005746873704111231, 
                0.011903058185932134, 
                0.017005362290737656, 
                0.018544319174330883, 
                0.01902008802911324, 
                0.021130156124783812, 
                0.023559735606913705, 
                0.024929441352144137, 
                0.025419819357010688, 
                0.02484301947710932, 
                0.022175573188570486, 
                0.016554083192646202, 
                0.0102106716899061, 
                0.007796946971631129, 
                0.010880878036379802, 
                0.015216867978884703, 
                0.015000474082925356, 
                0.009839442471168065, 
                0.004265069106760097, 
                0.001220753503958765, 
                0.0002306950795275028, 
                2.881007304591804e-05, 
                2.9750952168524367e-06, 
                9.366350561841242e-06, 
                9.425574807692534e-05, 
                0.000644195435824333, 
                0.0029651233183438227, 
                0.00924791118809383, 
                0.01966929892501962, 
                0.028683980079738814, 
                0.028772601222016036
            ], 
            "incorrectMedian": 0.006360079619678658, 
            "correct": [
                0.24361614419535885, 
                0.2521240170343409, 
                0.2589045753178849, 
                0.2638734582076506, 
                0.2669972479338421, 
                0.2682933148391654, 
                0.26782730680301164, 
                0.26570855110402686, 
                0.2620837726663472, 
                0.257129628128649, 
                0.2510446029258707, 
                0.24404081648634743, 
                0.23633623192905062, 
                0.22814767920924975, 
                0.21968498598735703, 
                0.2111463821282661, 
                0.20271521561665767, 
                0.19455790253162153, 
                0.18682294174853137, 
                0.17964076293957842, 
                0.1731241470293723, 
                0.1673689604963561, 
                0.16245497445094853, 
                0.15844658947720036, 
                0.15539334961988358, 
                0.1533301951721986, 
                0.1522774663240324, 
                0.15224072201906422, 
                0.15321047628806686, 
                0.1551619758038506, 
                0.15805514744335883, 
                0.16183483498288326, 
                0.1664314226729347, 
                0.17176191400284918, 
                0.17773150028148976, 
                0.18423561923680234, 
                0.19116247156319266, 
                0.19839593532589903, 
                0.20581879565656017, 
                0.2133161908040042, 
                0.22077916532121356, 
                0.22810821655988012, 
                0.23521672107251426, 
                0.2420341322731154, 
                0.2485088490833651, 
                0.2546106666693309, 
                0.26033273423054776, 
                0.26569296072259085, 
                0.270734827067224, 
                0.2755275826284321, 
                0.2801658244072879, 
                0.2847684795141921, 
                0.28947723502697204, 
                0.2944544842964999, 
                0.2998808848885394, 
                0.30595265006337696, 
                0.3128787218579161, 
                0.32087799759355107, 
                0.33017680030109064, 
                0.3410067936072569, 
                0.3536035388476447, 
                0.36820587196704124, 
                0.38505623568525565, 
                0.4044020348100062, 
                0.4264979874601188, 
                0.4516093228015469, 
                0.48001553046764794, 
                0.5120142058294429, 
                0.5479243706392743, 
                0.5880884963504447, 
                0.6328723371206204, 
                0.6826616127950543, 
                0.7378545909288245, 
                0.7988497208007687, 
                0.8660276859640436, 
                0.9397275716780858, 
                1.020217285285831, 
                1.107658904054281, 
                1.2020702250702922, 
                1.303284410842934, 
                1.410910206284902, 
                1.5242956842600148, 
                1.6424987926166335, 
                1.7642680654268277, 
                1.888036677593291, 
                2.0119325377627795, 
                2.13380632864304, 
                2.2512783458203445, 
                2.361803716956004, 
                2.4627541927087058, 
                2.55151330150276, 
                2.625580378024882, 
                2.682677936581859, 
                2.7208561789568524, 
                2.738588189903387, 
                2.73484963228307, 
                2.7091775132635214, 
                2.6617038098402555, 
                2.593161327136757, 
                2.5048609890723044
            ], 
            "correctMedian": 0.9406067016681077
        }, 
        "STAR": {
            "incorrect": [
                6.256565379455366, 
                6.638571631002833, 
                6.734197823168177, 
                6.543317481773622, 
                6.104483528199032, 
                5.4845182019603005, 
                4.763090380458927, 
                4.01707053822349, 
                3.3087049227720193, 
                2.6796584479204744, 
                2.1507637120143324, 
                1.7257592843098066, 
                1.3967772066290807, 
                1.1496973287967291, 
                0.9682839762160113, 
                0.8368143485389146, 
                0.7414325660079993, 
                0.6706640684931016, 
                0.6154885817730343, 
                0.5692266678665894, 
                0.5273501614616074, 
                0.48723406138498965, 
                0.4478349398894871, 
                0.40929167592368915, 
                0.3724744261967413, 
                0.33853651579477506, 
                0.3085369873003652, 
                0.28319163133296726, 
                0.2627785509967305, 
                0.2471809825000931, 
                0.23601206516836068, 
                0.22874992766415134, 
                0.2248242987461402, 
                0.22363167863623115, 
                0.22449763089317057, 
                0.22663232820640014, 
                0.22912711965054003, 
                0.23101692991456374, 
                0.23139893307191783, 
                0.22956973935271366, 
                0.2251341771532787, 
                0.21805091820113287, 
                0.2086054241365753, 
                0.19732574910086237, 
                0.18487091263119865, 
                0.17192174417804398, 
                0.15909467273079694, 
                0.14688728886738017, 
                0.13565578895156294, 
                0.12561923017770305, 
                0.11688179138958119, 
                0.10946090597491051, 
                0.10330820708116599, 
                0.0983150119423349, 
                0.09430517552886225, 
                0.0910308346653503, 
                0.08819240642694277, 
                0.08549649124646846, 
                0.08274466896158311, 
                0.0799220011616233, 
                0.07724039805579037, 
                0.0750996745592078, 
                0.07395883123768422, 
                0.07415069888538683, 
                0.07570602831987097, 
                0.07826108905677398, 
                0.08109852892509371, 
                0.08332188850244183, 
                0.08410960368881128, 
                0.08295871842699817, 
                0.07982905885987254, 
                0.0751366236133879, 
                0.06960429583715766, 
                0.06403235703493508, 
                0.059076984090565964, 
                0.05511247920256464, 
                0.05221120874140511, 
                0.05022553188385065, 
                0.04892074128291628, 
                0.04809960527647865, 
                0.04767562107922389, 
                0.0476811314296789, 
                0.0482233405718235, 
                0.0494164549466569, 
                0.05131989358388358, 
                0.05390446039383816, 
                0.0570555614211482, 
                0.06060872331931549, 
                0.06440048385232007, 
                0.06831024756890178, 
                0.07226966149474154, 
                0.07622777865360146, 
                0.08008059392006227, 
                0.08359467059475736, 
                0.08636570158017462, 
                0.0878457631362225, 
                0.08744766520207171, 
                0.08470094153727627, 
                0.0794073147200965, 
                0.0717375874822157
            ], 
            "incorrectMedian": 0.019563329431500527, 
            "correct": [
                0.07788503760199075, 
                0.08718887062038537, 
                0.09559746680015938, 
                0.10289587550129153, 
                0.10898035492466676, 
                0.11384751113425687, 
                0.11756663015738836, 
                0.12024452933893834, 
                0.12199358476764532, 
                0.1229114315922152, 
                0.12307598809625821, 
                0.12255369544939487, 
                0.12141427444166025, 
                0.11974348253553596, 
                0.11764684112987342, 
                0.11524138720475408, 
                0.11263756032030328, 
                0.10991748056473885, 
                0.10711767406155945, 
                0.10422325930865896, 
                0.10117722709702098, 
                0.09790394409483602, 
                0.09434180896835412, 
                0.0904772514023162, 
                0.08637160825602753, 
                0.08217386570852718, 
                0.0781153703259899, 
                0.07448662582553511, 
                0.0716003027297943, 
                0.0697476997226837, 
                0.06915738021150966, 
                0.06996417499342972, 
                0.07219427865587529, 
                0.0757683737987743, 
                0.08052058659109489, 
                0.08622772237247539, 
                0.09264153729990407, 
                0.09951714018022798, 
                0.10663272295948784, 
                0.1137989039186981, 
                0.12085902731291388, 
                0.12768392479463567, 
                0.13416543875310533, 
                0.14021245401242244, 
                0.14575168535698016, 
                0.15073360625609578, 
                0.15514223686073594, 
                0.15900643740705847, 
                0.16241006166464655, 
                0.16549877023341392, 
                0.16848222705302157, 
                0.17163139270050898, 
                0.17527125622116535, 
                0.17976936595361415, 
                0.18552003800105282, 
                0.19292363244789362, 
                0.20236047390316755, 
                0.21416034517118668, 
                0.22857091446341501, 
                0.24573114067347368, 
                0.2656572844566994, 
                0.28824832360802, 
                0.31331376308958325, 
                0.34062072931619986, 
                0.36995080063924185, 
                0.40115288786204817, 
                0.4341789116167399, 
                0.46909482182323886, 
                0.5060693101256454, 
                0.5453530367559462, 
                0.5872681022524172, 
                0.6322274160512557, 
                0.6807954888223106, 
                0.733787996595077, 
                0.7923916640204676, 
                0.8582737500018728, 
                0.9336455498937338, 
                1.021248049691577, 
                1.124238639142252, 
                1.245972464305213, 
                1.389687386471617, 
                1.5581154417588594, 
                1.7530550346454379, 
                1.9749459988813145, 
                2.2224928504423445, 
                2.4923785589229954, 
                2.779101560123551, 
                3.074954701839452, 
                3.37015151887177, 
                3.653099010786992, 
                3.9108206828161514, 
                4.129546206951256, 
                4.2954939608416, 
                4.395864544236962, 
                4.420024800625274, 
                4.360792510047517, 
                4.215648720578495, 
                3.9876393984823655, 
                3.68571600918749, 
                3.32432863359638
            ], 
            "correctMedian": 0.9241068968419581
        }, 
        "GALAXY": {
            "incorrect": [
                4.595011826464935, 
                4.989448415683281, 
                5.24362083926109, 
                5.34452621851939, 
                5.295076915163109, 
                5.112029586771898, 
                4.821824706868042, 
                4.455583093196648, 
                4.044475560975919, 
                3.616296519832, 
                3.193541603828928, 
                2.7928291259088724, 
                2.4252471318219, 
                2.0971688899365515, 
                1.81118982319279, 
                1.5669990458828984, 
                1.362131320533651, 
                1.1926170952955912, 
                1.0535644886366937, 
                0.9396913689575045, 
                0.8458017061206381, 
                0.7671827210389058, 
                0.6998934001493797, 
                0.6409206265578108, 
                0.588194164447496, 
                0.540472391794156, 
                0.49713207465382836, 
                0.45791185421451647, 
                0.42266538951109484, 
                0.39117369760509746, 
                0.36304825029877763, 
                0.3377314073041092, 
                0.31457551947767043, 
                0.2929634092440574, 
                0.2724259516421514, 
                0.2527187354059011, 
                0.23383678416785278, 
                0.21596807928673642, 
                0.19940562819746482, 
                0.18444780449262008, 
                0.17131515801306363, 
                0.1601010982654219, 
                0.1507595412323375, 
                0.14312113835820908, 
                0.13692500899970414, 
                0.13185493819094243, 
                0.1275744901582792, 
                0.12376023906593213, 
                0.12013372039714922, 
                0.11649085934977227, 
                0.1127246983833637, 
                0.10883571352775605, 
                0.10492513811578366, 
                0.10117008051856849, 
                0.09778340439707293, 
                0.09496498459664723, 
                0.09285338765411841, 
                0.09148807004864547, 
                0.09079156001386843, 
                0.09057817463460746, 
                0.09059018890027877, 
                0.09055470393554212, 
                0.09024706116096565, 
                0.08954278860841182, 
                0.08844230200385632, 
                0.08706102751446657, 
                0.0855893561924574, 
                0.08423709472975696, 
                0.08318149611069413, 
                0.08253481592028315, 
                0.08233836591986834, 
                0.08257942618213668, 
                0.08321967049308249, 
                0.08422169938053188, 
                0.0855637459323467, 
                0.08723909880823018, 
                0.08924293864006214, 
                0.09155276295451875, 
                0.09410902973194633, 
                0.09680140280234661, 
                0.09946467942353865, 
                0.10188769502002741, 
                0.10383732878903144, 
                0.10509672868622535, 
                0.10551163968548526, 
                0.10503291591689484, 
                0.10374013591212743, 
                0.10183362360202404, 
                0.0995906757577989, 
                0.09729383532834017, 
                0.09514992075267399, 
                0.09322363572390902, 
                0.09140665983400618, 
                0.08943312458209933, 
                0.08693888913739857, 
                0.08354957163260664, 
                0.07897460171214103, 
                0.0730835115291482, 
                0.0659460659013886, 
                0.0578277570766787
            ], 
            "incorrectMedian": 0.04554361997478513, 
            "correct": [
                0.10450026228023626, 
                0.11284454760598042, 
                0.11780396510550174, 
                0.11918275079666259, 
                0.11720254346662146, 
                0.11243606132596998, 
                0.1056849065028586, 
                0.09783691735878366, 
                0.08973682834640721, 
                0.08209183325169506, 
                0.0754178484165685, 
                0.07002008023083674, 
                0.0659970600701919, 
                0.06326014256951489, 
                0.061566445216842854, 
                0.06056725868446782, 
                0.05987288967940833, 
                0.05912895287194156, 
                0.05809156528671447, 
                0.05668405454199887, 
                0.055018786877014496, 
                0.053374991059904835, 
                0.05213476772373312, 
                0.051691129386076916, 
                0.052350301378972654, 
                0.05425320250513397, 
                0.057337144199973364, 
                0.061348945386090925, 
                0.06590686015074751, 
                0.07059433034505064, 
                0.07505797796656216, 
                0.07907964962630831, 
                0.08259990954152453, 
                0.0856866777204568, 
                0.08846233942220426, 
                0.09101807412601107, 
                0.09334890874057192, 
                0.09533481769380359, 
                0.09677526956267116, 
                0.09746430485224174, 
                0.09727871829532102, 
                0.09624862229737081, 
                0.09458800681623093, 
                0.09267848488881905, 
                0.09101528828646113, 
                0.09013448866022623, 
                0.09054138993624858, 
                0.09265332730923048, 
                0.09676021167924263, 
                0.10299844233714033, 
                0.11133191685092952, 
                0.1215380565346274, 
                0.13320393117072346, 
                0.14574288562205068, 
                0.15844152209147433, 
                0.1705394227784259, 
                0.18133225559792893, 
                0.19027809780325503, 
                0.19708219934146207, 
                0.20173967113381025, 
                0.20452743382948052, 
                0.2059515281076153, 
                0.20666775835656168, 
                0.2073983523124774, 
                0.20886387588296537, 
                0.21174033330696626, 
                0.21664033325952742, 
                0.2241084585685961, 
                0.23461713441950052, 
                0.24855108420222194, 
                0.2661751062610061, 
                0.28758962809436417, 
                0.31268894061119956, 
                0.3411455045361422, 
                0.37244759125434734, 
                0.40601468766305837, 
                0.44140477976642445, 
                0.4786109994305821, 
                0.5184254758741578, 
                0.5628303477711792, 
                0.6153642238205242, 
                0.6814085193592352, 
                0.768338661783379, 
                0.8854821205900129, 
                1.0438102652970092, 
                1.2552635777592265, 
                1.5315849367740446, 
                1.8825467039906079, 
                2.3135457666574317, 
                2.8227341599308042, 
                3.398136498251117, 
                4.015501872712348, 
                4.637813750156997, 
                5.217290264903829, 
                5.700261459745598, 
                6.034552048237621, 
                6.178129608828689, 
                6.107112709931419, 
                5.821077901007055, 
                5.344111598097423
            ], 
            "correctMedian": 0.9694757494197079
        }
    }, 
    "confusion": {
        "totalRows": 1800, 
        "perActual": {
            "QUASAR": {
                "perPredicted": {
                    "QUASAR": 176, 
                    "STAR": 6, 
                    "GALAXY": 10
                }, 
                "actualClassCount": 192.0
            }, 
            "STAR": {
                "perPredicted": {
                    "QUASAR": 9, 
                    "STAR": 669, 
                    "GALAXY": 25
                }, 
                "actualClassCount": 703.0
            }, 
            "GALAXY": {
                "perPredicted": {
                    "QUASAR": 5, 
                    "STAR": 44, 
                    "GALAXY": 856
                }, 
                "actualClassCount": 905.0
            }
        }
    }, 
    "metrics": {
        "f1": 0.9385412124307596, 
        "mcalibrationLoss": 0.023721312772779456, 
        "recall": 0.9380529555435051, 
        "precision": 0.9391643514393598, 
        "logLoss": 0.2199977521458386, 
        "mrocAUC": 0.9805097660906036, 
        "hammingLoss": 0.055, 
        "accuracy": 0.945
    }, 
    "oneVsAllRocAUC": {
        "QUASAR": 0.9827554933665008, 
        "STAR": 0.9806442243231572, 
        "GALAXY": 0.9806105126701441
    }, 
    "classes": [
        "GALAXY", 
        "STAR", 
        "QUASAR"
    ], 
    "globalMetrics": {
        "predictionAvg": [
            0.5083799653291171, 
            0.3877055614800736, 
            0.10391447319080928
        ], 
        "predictionStd": [
            0.437067987928829, 
            0.4198233213628567, 
            0.2691987823506848
        ], 
        "targetStd": [
            0.5001312285328859, 
            0.48801047271659004, 
            0.3087747667588671
        ], 
        "targetAvg": [
            0.5027777777777778, 
            0.39055555555555554, 
            0.10666666666666667
        ], 
        "testWeight": 1800
    }, 
    "oneVsAllRocCurves": {
        "QUASAR": [
            {
                "y": 0.0, 
                "x": 0.0, 
                "p": 1.9999999977426672
            }, 
            {
                "y": 0.16145833333333334, 
                "x": 0.0006218905472636816, 
                "p": 0.9905426248846035
            }, 
            {
                "y": 0.6822916666666666, 
                "x": 0.0012437810945273632, 
                "p": 0.8643548606398264
            }, 
            {
                "y": 0.75, 
                "x": 0.0018656716417910447, 
                "p": 0.8023641461619178
            }, 
            {
                "y": 0.8020833333333334, 
                "x": 0.0037313432835820895, 
                "p": 0.7313275083415625
            }, 
            {
                "y": 0.8645833333333334, 
                "x": 0.004353233830845771, 
                "p": 0.5180214686215828
            }, 
            {
                "y": 0.9166666666666666, 
                "x": 0.007462686567164179, 
                "p": 0.3167176430626212
            }, 
            {
                "y": 0.9479166666666666, 
                "x": 0.02736318407960199, 
                "p": 0.08752209782677323
            }, 
            {
                "y": 0.953125, 
                "x": 0.10820895522388059, 
                "p": 0.03188331164066631
            }, 
            {
                "y": 0.96875, 
                "x": 0.16106965174129353, 
                "p": 0.02298049608920679
            }, 
            {
                "y": 0.9739583333333334, 
                "x": 0.35074626865671643, 
                "p": 0.010429944595814766
            }, 
            {
                "y": 0.984375, 
                "x": 0.47139303482587064, 
                "p": 0.007149303992971456
            }, 
            {
                "y": 0.9947916666666666, 
                "x": 0.638681592039801, 
                "p": 0.0038523994072630044
            }, 
            {
                "y": 1.0, 
                "x": 1.0, 
                "p": 5.1308451872660684e-08
            }
        ], 
        "STAR": [
            {
                "y": 0.0, 
                "x": 0.0, 
                "p": 1.9999999486915276
            }, 
            {
                "y": 0.12375533428165007, 
                "x": 0.0009115770282588879, 
                "p": 0.9908896376445226
            }, 
            {
                "y": 0.1763869132290185, 
                "x": 0.0036463081130355514, 
                "p": 0.984232146879089
            }, 
            {
                "y": 0.24182076813655762, 
                "x": 0.0054694621695533276, 
                "p": 0.9726012316452192
            }, 
            {
                "y": 0.3015647226173542, 
                "x": 0.006381039197812215, 
                "p": 0.9631196096957709
            }, 
            {
                "y": 0.4566145092460882, 
                "x": 0.008204193254329991, 
                "p": 0.9334814009775816
            }, 
            {
                "y": 0.5320056899004267, 
                "x": 0.009115770282588878, 
                "p": 0.9186396102810447
            }, 
            {
                "y": 0.6187766714082503, 
                "x": 0.010027347310847767, 
                "p": 0.9021455100626304
            }, 
            {
                "y": 0.6884779516358464, 
                "x": 0.01276207839562443, 
                "p": 0.8782405241347341
            }, 
            {
                "y": 0.7581792318634424, 
                "x": 0.013673655423883319, 
                "p": 0.847347908078357
            }, 
            {
                "y": 0.8165007112375533, 
                "x": 0.015496809480401094, 
                "p": 0.8029376588667961
            }, 
            {
                "y": 0.8862019914651493, 
                "x": 0.019143117593436645, 
                "p": 0.7027519403900008
            }, 
            {
                "y": 0.9260312944523471, 
                "x": 0.0300820419325433, 
                "p": 0.5956786765027666
            }, 
            {
                "y": 0.9559032716927454, 
                "x": 0.05104831358249772, 
                "p": 0.4197635037165673
            }, 
            {
                "y": 0.9672830725462305, 
                "x": 0.0902461257976299, 
                "p": 0.252833886202907
            }, 
            {
                "y": 0.9772403982930299, 
                "x": 0.14767547857793983, 
                "p": 0.14612336470891835
            }, 
            {
                "y": 0.9871977240398293, 
                "x": 0.18778486782133091, 
                "p": 0.0966788064159473
            }, 
            {
                "y": 0.9900426742532006, 
                "x": 0.31267092069279856, 
                "p": 0.04586675538813045
            }, 
            {
                "y": 0.9943100995732574, 
                "x": 0.43026435733819507, 
                "p": 0.025274270824013872
            }, 
            {
                "y": 0.9957325746799431, 
                "x": 0.6545123062898814, 
                "p": 0.009547861283605298
            }, 
            {
                "y": 0.9985775248933144, 
                "x": 0.7028258887876025, 
                "p": 0.007562216221052203
            }, 
            {
                "y": 0.9985775248933144, 
                "x": 1.0, 
                "p": 1.6797402039177234e-07
            }, 
            {
                "y": 1.0, 
                "x": 1.0, 
                "p": 7.791814469998284e-10
            }
        ], 
        "GALAXY": [
            {
                "y": 0.0, 
                "x": 0.0, 
                "p": 1.9992423546919893
            }, 
            {
                "y": 0.1569060773480663, 
                "x": 0.0, 
                "p": 0.9903961993024497
            }, 
            {
                "y": 0.22320441988950276, 
                "x": 0.0011173184357541898, 
                "p": 0.987701979736922
            }, 
            {
                "y": 0.4276243093922652, 
                "x": 0.0033519553072625698, 
                "p": 0.974604550325832
            }, 
            {
                "y": 0.6088397790055249, 
                "x": 0.004469273743016759, 
                "p": 0.9565703875003385
            }, 
            {
                "y": 0.6839779005524862, 
                "x": 0.00558659217877095, 
                "p": 0.9449324056882317
            }, 
            {
                "y": 0.7988950276243094, 
                "x": 0.008938547486033519, 
                "p": 0.9071518597299535
            }, 
            {
                "y": 0.8475138121546961, 
                "x": 0.012290502793296089, 
                "p": 0.8652195932861083
            }, 
            {
                "y": 0.887292817679558, 
                "x": 0.02346368715083799, 
                "p": 0.7913001059691974
            }, 
            {
                "y": 0.9281767955801105, 
                "x": 0.0335195530726257, 
                "p": 0.6473643265789917
            }, 
            {
                "y": 0.958011049723757, 
                "x": 0.054748603351955305, 
                "p": 0.45171811019968705
            }, 
            {
                "y": 0.9756906077348066, 
                "x": 0.08715083798882682, 
                "p": 0.2984062093604062
            }, 
            {
                "y": 0.9767955801104973, 
                "x": 0.13966480446927373, 
                "p": 0.20246086985530531
            }, 
            {
                "y": 0.9823204419889503, 
                "x": 0.22681564245810057, 
                "p": 0.11767607424610103
            }, 
            {
                "y": 0.9834254143646409, 
                "x": 0.27932960893854747, 
                "p": 0.09359591814844083
            }, 
            {
                "y": 0.9856353591160221, 
                "x": 0.39329608938547483, 
                "p": 0.06946908877405741
            }, 
            {
                "y": 0.9867403314917127, 
                "x": 0.4670391061452514, 
                "p": 0.051364791154831634
            }, 
            {
                "y": 0.988950276243094, 
                "x": 0.5832402234636872, 
                "p": 0.03309015764422733
            }, 
            {
                "y": 0.9900552486187846, 
                "x": 0.6346368715083799, 
                "p": 0.024499102330145628
            }, 
            {
                "y": 0.9911602209944751, 
                "x": 0.6893854748603352, 
                "p": 0.016498464811281106
            }, 
            {
                "y": 0.994475138121547, 
                "x": 0.7553072625698324, 
                "p": 0.011079853760764853
            }, 
            {
                "y": 0.9966850828729282, 
                "x": 0.8256983240223463, 
                "p": 0.0060937070953360276
            }, 
            {
                "y": 0.9988950276243094, 
                "x": 0.9854748603351955, 
                "p": 8.221677895067846e-07
            }, 
            {
                "y": 1.0, 
                "x": 1.0, 
                "p": 2.0569975303239942e-14
            }
        ]
    }, 
    "processed_feature_names": [
        "A", 
        "B", 
        "C", 
        "D", 
        "E", 
        "F", 
        "G", 
        "H", 
        "I", 
        "J", 
        "camcol", 
        "dec", 
        "field", 
        "g", 
        "i", 
        "r", 
        "ra", 
        "run", 
        "u", 
        "z"
    ]
}