{
    "oneVsAllCalibrationCurves": {
        "QUASAR": [
            {
                "y": 0, 
                "x": 0, 
                "n": 0
            }, 
            {
                "y": 0.002585649644473174, 
                "x": 0.012720084391842934, 
                "n": 1547.0
            }, 
            {
                "y": 0.1724137931034483, 
                "x": 0.14541020367460963, 
                "n": 29.0
            }, 
            {
                "y": 0.3333333333333333, 
                "x": 0.25202891762459423, 
                "n": 9.0
            }, 
            {
                "y": 0.25, 
                "x": 0.34274881509418276, 
                "n": 8.0
            }, 
            {
                "y": 1.0, 
                "x": 0.4570796448392141, 
                "n": 3.0
            }, 
            {
                "y": 0.7, 
                "x": 0.5405360564107021, 
                "n": 10.0
            }, 
            {
                "y": 0.7692307692307693, 
                "x": 0.6418008044724914, 
                "n": 13.0
            }, 
            {
                "y": 0.8125, 
                "x": 0.7590934871715342, 
                "n": 16.0
            }, 
            {
                "y": 0.9333333333333333, 
                "x": 0.8606807381134227, 
                "n": 30.0
            }, 
            {
                "y": 0.9703703703703703, 
                "x": 0.9643904068789985, 
                "n": 135.0
            }, 
            {
                "y": 1, 
                "x": 1, 
                "n": 0
            }
        ], 
        "STAR": [
            {
                "y": 0, 
                "x": 0, 
                "n": 0
            }, 
            {
                "y": 0.007276507276507277, 
                "x": 0.023899433824167766, 
                "n": 962.0
            }, 
            {
                "y": 0.08, 
                "x": 0.1492254535501036, 
                "n": 100.0
            }, 
            {
                "y": 0.125, 
                "x": 0.2450373791476978, 
                "n": 40.0
            }, 
            {
                "y": 0.17857142857142858, 
                "x": 0.34555271000867716, 
                "n": 28.0
            }, 
            {
                "y": 0.391304347826087, 
                "x": 0.4542590883566545, 
                "n": 23.0
            }, 
            {
                "y": 0.6578947368421053, 
                "x": 0.5495591107182992, 
                "n": 38.0
            }, 
            {
                "y": 0.6341463414634146, 
                "x": 0.6503529689494515, 
                "n": 41.0
            }, 
            {
                "y": 0.8076923076923077, 
                "x": 0.7599468633982613, 
                "n": 52.0
            }, 
            {
                "y": 0.9435483870967742, 
                "x": 0.8565652434102856, 
                "n": 124.0
            }, 
            {
                "y": 0.9744897959183674, 
                "x": 0.9590773167123652, 
                "n": 392.0
            }, 
            {
                "y": 1, 
                "x": 1, 
                "n": 0
            }
        ], 
        "GALAXY": [
            {
                "y": 0, 
                "x": 0, 
                "n": 0
            }, 
            {
                "y": 0.02711323763955343, 
                "x": 0.029858009966492863, 
                "n": 627.0
            }, 
            {
                "y": 0.08181818181818182, 
                "x": 0.13863347243786123, 
                "n": 110.0
            }, 
            {
                "y": 0.2708333333333333, 
                "x": 0.24523425244952754, 
                "n": 48.0
            }, 
            {
                "y": 0.325, 
                "x": 0.34847035709488294, 
                "n": 40.0
            }, 
            {
                "y": 0.2777777777777778, 
                "x": 0.4513724285887478, 
                "n": 36.0
            }, 
            {
                "y": 0.6666666666666666, 
                "x": 0.5464122078047073, 
                "n": 18.0
            }, 
            {
                "y": 0.7727272727272727, 
                "x": 0.6565652459081666, 
                "n": 22.0
            }, 
            {
                "y": 0.8205128205128205, 
                "x": 0.7614652906549911, 
                "n": 39.0
            }, 
            {
                "y": 0.8979591836734694, 
                "x": 0.8541454857886958, 
                "n": 98.0
            }, 
            {
                "y": 0.9934383202099738, 
                "x": 0.9673579880026354, 
                "n": 762.0
            }, 
            {
                "y": 1, 
                "x": 1, 
                "n": 0
            }
        ]
    }, 
    "oneVsAllCalibrationLoss": {
        "QUASAR": 0.014808984492316875, 
        "STAR": 0.032183511700563154, 
        "GALAXY": 0.02643199214514406
    }, 
    "densityData": {
        "QUASAR": {
            "incorrect": [
                15.668616492848209, 
                16.897711914586285, 
                14.699309674000983, 
                10.588119220399584, 
                6.581314254990543, 
                3.7438151949785468, 
                2.0879154727633127, 
                1.211660756631668, 
                0.757380979126092, 
                0.5147424744338953, 
                0.3775823996334424, 
                0.2953146848806577, 
                0.24334910739001722, 
                0.20642878655046748, 
                0.17464721171015363, 
                0.1460348541681458, 
                0.1236195698755176, 
                0.1080904538624805, 
                0.09612041477504563, 
                0.08427868806438468, 
                0.07134425940969842, 
                0.057428654517501364, 
                0.04332271046513015, 
                0.031437882348081786, 
                0.02574534369343857, 
                0.028728987555025544, 
                0.038116682472276196, 
                0.04774062450940259, 
                0.05238671954681167, 
                0.05165817354600951, 
                0.04910253189551324, 
                0.04841238500311887, 
                0.05072043669661439, 
                0.054179419827680014, 
                0.055053694207601984, 
                0.0501015276227016, 
                0.039179795731271796, 
                0.025618545360046666, 
                0.013732718694882283, 
                0.005940451399181341, 
                0.0020469362509011146, 
                0.0005560178030866877, 
                0.0001181141499537328, 
                1.953550707303896e-05, 
                2.8686497297151675e-06, 
                3.7730409228983294e-06, 
                2.549480002409072e-05, 
                0.00014194422485603892, 
                0.0006132350305692542, 
                0.002070565979507348, 
                0.005524379182064748, 
                0.011806489458884833, 
                0.020491001034970695, 
                0.029160927000236377, 
                0.034115845439131126, 
                0.03279480958705486, 
                0.026370316140098066, 
                0.019578100404413892, 
                0.017010744316506846, 
                0.019316415164936207, 
                0.02301762355628572, 
                0.02379168775055286, 
                0.02000463184613009, 
                0.013525334104192963, 
                0.007690696582693493, 
                0.004975792593899399, 
                0.006345732956102069, 
                0.011478778909065637, 
                0.018466469052091275, 
                0.023927829299532716, 
                0.025137633295938905, 
                0.022618590466607854, 
                0.019697399055984912, 
                0.0190435920172267, 
                0.020341778291568312, 
                0.02138250061649766, 
                0.020310229619330683, 
                0.01670786838922, 
                0.011731356420999312, 
                0.007588832443883751, 
                0.006224400753342063, 
                0.007972303580780361, 
                0.011149786396501792, 
                0.013131588351784618, 
                0.012642493939823288, 
                0.011211328122863804, 
                0.011782159424467961, 
                0.015653164063761035, 
                0.02090904547506544, 
                0.02392229567508628, 
                0.022616377062641895, 
                0.018562877702926275, 
                0.0158751732512269, 
                0.017644414910733534, 
                0.02300596189303555, 
                0.02785264877306567, 
                0.028837265369394648, 
                0.026104568043287944, 
                0.021650369458060887, 
                0.016572851032695173
            ], 
            "incorrectMedian": 0.007769395043511905, 
            "correct": [
                0.10689203230679357, 
                0.11590806689267186, 
                0.12468771756759538, 
                0.13315015879630465, 
                0.14122962394332028, 
                0.14887396847736095, 
                0.15604178688630518, 
                0.16269859502054312, 
                0.16881270091656336, 
                0.1743514091829792, 
                0.17927813733974646, 
                0.1835508813417368, 
                0.18712227645175314, 
                0.18994128857638973, 
                0.191956370008746, 
                0.19311974728361833, 
                0.19339239449770482, 
                0.1927491904783374, 
                0.19118376115302546, 
                0.1887125609398575, 
                0.18537783624679796, 
                0.1812492260822361, 
                0.17642387602162046, 
                0.17102506128474484, 
                0.1651994241234393, 
                0.15911302418433243, 
                0.15294647373691322, 
                0.1468894792456008, 
                0.14113513371906514, 
                0.13587429811482732, 
                0.13129037360185206, 
                0.12755470093597107, 
                0.12482273354931846, 
                0.12323102671068283, 
                0.12289498023937723, 
                0.12390718377671228, 
                0.12633615892523853, 
                0.13022528572771994, 
                0.13559174880699143, 
                0.14242543745422784, 
                0.1506878687070413, 
                0.16031134714179074, 
                0.17119869739521087, 
                0.18322397296380738, 
                0.19623453275611508, 
                0.21005477481649604, 
                0.22449163317442739, 
                0.23934170691091358, 
                0.2543996435363802, 
                0.26946719176164746, 
                0.28436221771557996, 
                0.2989269744296151, 
                0.31303503420782947, 
                0.32659651765497033, 
                0.3395615380105611, 
                0.3519220664274705, 
                0.36371265251307916, 
                0.37501055685533324, 
                0.38593584474500375, 
                0.39665185991275287, 
                0.4073662804989448, 
                0.41833271450357895, 
                0.4298525835063339, 
                0.44227692694586196, 
                0.456007765814803, 
                0.4714987914141808, 
                0.48925535313983776, 
                0.5098339412472288, 
                0.533841512947858, 
                0.5619350129201306, 
                0.5948212345868277, 
                0.633256737104808, 
                0.6780469044175642, 
                0.7300424872403498, 
                0.7901312311621234, 
                0.8592216189876455, 
                0.9382155076564725, 
                1.0279666698681547, 
                1.1292230683963622, 
                1.24255214348779, 
                1.3682504431622402, 
                1.506241438035496, 
                1.6559681019219046, 
                1.8162894827381146, 
                1.9853926469562995, 
                2.160732644615387, 
                2.339013133776701, 
                2.516218744448122, 
                2.68770703612013, 
                2.8483631093800077, 
                2.992813914018424, 
                3.1156926346375187, 
                3.2119370001409266, 
                3.2770998250701138, 
                3.3076463953612345, 
                3.3012121464509154, 
                3.2567958488439817, 
                3.1748682363197487, 
                3.0573832881428538, 
                2.907688424885256
            ], 
            "correctMedian": 0.940903773111198
        }, 
        "STAR": {
            "incorrect": [
                6.136552828672532, 
                6.548381826333643, 
                6.67834087740332, 
                6.523173413669948, 
                6.118735566244609, 
                5.529824127954186, 
                4.834804241913681, 
                4.1099278626351206, 
                3.4174383137521143, 
                2.799491312033358, 
                2.2776862740947457, 
                1.8564971671971704, 
                1.5284534482301735, 
                1.2793279610606367, 
                1.092352338833272, 
                0.9511677944525642, 
                0.8416240266269006, 
                0.7526741084132426, 
                0.6765984984283637, 
                0.6087416960216729, 
                0.5469171929309632, 
                0.4906330180992121, 
                0.44029024546908535, 
                0.39649108530654825, 
                0.3595546331594607, 
                0.3292818905320033, 
                0.30495022107526004, 
                0.2854675818305462, 
                0.2695932927702124, 
                0.25614072255075315, 
                0.24411123081603237, 
                0.23275076916510226, 
                0.22155176521696943, 
                0.21023252672946968, 
                0.1987163689518159, 
                0.18711437880863965, 
                0.17570188722862767, 
                0.16487624150102692, 
                0.15509136010893285, 
                0.1467765833845706, 
                0.1402565128173969, 
                0.1356905173993238, 
                0.13304496536034213, 
                0.13210103079535368, 
                0.1324909205312789, 
                0.13374986977702003, 
                0.13537197509377, 
                0.1368631476153309, 
                0.13779013924226668, 
                0.1378268937090801, 
                0.13679710134431342, 
                0.13470659226184642, 
                0.1317546529809085, 
                0.1283127562207069, 
                0.12486410331351733, 
                0.12190731561762497, 
                0.11984026254222378, 
                0.1188514182117299, 
                0.11885124528956087, 
                0.11947050682658183, 
                0.12013512861272332, 
                0.12020284163918499, 
                0.11912467260410402, 
                0.11658433522691, 
                0.11257569462135938, 
                0.10739965569052855, 
                0.10158751866408991, 
                0.09577746343906218, 
                0.09057838759423217, 
                0.08645166156460882, 
                0.08363186672497731, 
                0.08209765016482366, 
                0.08159554590318976, 
                0.08171175369659016, 
                0.08197767240371108, 
                0.08198513987483975, 
                0.08148077123672033, 
                0.08041068614838202, 
                0.07890013955702761, 
                0.07717479583606225, 
                0.07545373384086441, 
                0.07385811652228312, 
                0.07237550928379508, 
                0.07089711472973798, 
                0.06931206217618226, 
                0.06761418690093339, 
                0.06596682791747167, 
                0.06468637618838897, 
                0.06413999493223448, 
                0.06459184150699766, 
                0.06605764999307157, 
                0.06822813842401708, 
                0.07049705060019766, 
                0.07209034389695441, 
                0.07225555864870437, 
                0.07044974844114565, 
                0.06646773644707249, 
                0.060476712520603756, 
                0.05295684524756915, 
                0.044576682541060134
            ], 
            "incorrectMedian": 0.021582627085841147, 
            "correct": [
                0.06606697380753385, 
                0.07249496778647109, 
                0.07829872950794584, 
                0.08346281373051258, 
                0.08802165919032467, 
                0.09202936041545118, 
                0.09553131174646814, 
                0.09854690964762042, 
                0.10106829052422424, 
                0.10307410724224894, 
                0.10455178404018653, 
                0.10551859474894217, 
                0.10603243472200534, 
                0.10618710397858042, 
                0.10609281422290065, 
                0.10584828767252367, 
                0.10551415307152509, 
                0.10509716582789917, 
                0.10455119122342506, 
                0.10379522970488889, 
                0.10274307178938241, 
                0.10133542259317767, 
                0.09956473666085279, 
                0.09748560343631907, 
                0.09520828277576159, 
                0.09287822571841117, 
                0.09064843123957754, 
                0.08865313488945734, 
                0.08699030324610062, 
                0.08571726246047717, 
                0.08485963250745172, 
                0.08442985753047548, 
                0.08444909751487353, 
                0.08496568658122712, 
                0.08606479591550005, 
                0.08786685171447116, 
                0.09051575849407069, 
                0.09416103261171238, 
                0.09893965080196605, 
                0.10496321990050769, 
                0.11231396571460253, 
                0.12104959407375844, 
                0.13121335342684864, 
                0.1428429110348506, 
                0.15597107218795464, 
                0.17061347790494477, 
                0.18674288402884454, 
                0.2042552018356512, 
                0.22293729716072042, 
                0.24244871928027095, 
                0.2623278752524779, 
                0.2820277154768998, 
                0.30097811743600295, 
                0.3186641551461803, 
                0.3347038236506546, 
                0.34890742086181165, 
                0.3613043117231886, 
                0.37213043504921955, 
                0.3817797154658184, 
                0.3907319457053451, 
                0.39947619033919063, 
                0.40845048547287016, 
                0.41801486445760383, 
                0.42846619365597916, 
                0.44009192726892604, 
                0.453248569482246, 
                0.46844247522026716, 
                0.4863881333601373, 
                0.5080234119371784, 
                0.5344717728908426, 
                0.5669558042268373, 
                0.6066809539693909, 
                0.6547190983043941, 
                0.7119251976048386, 
                0.7789150250671827, 
                0.8561182222674687, 
                0.9439014814155603, 
                1.0427360202915104, 
                1.1533669638310684, 
                1.2769343041587833, 
                1.4149981975505883, 
                1.569434987620882, 
                1.7421912912768391, 
                1.9349069252849322, 
                2.1484387122739252, 
                2.3823333890365994, 
                2.634308602530349, 
                2.899808003989918, 
                3.171701735949078, 
                3.4402072567406194, 
                3.693104092555286, 
                3.9163030360792606, 
                4.094797882842657, 
                4.213971714081553, 
                4.261153615626542, 
                4.227239682086777, 
                4.10812731309758, 
                3.9056899993566163, 
                3.628059991532753, 
                3.2890912355445776
            ], 
            "correctMedian": 0.9259255775823604
        }, 
        "GALAXY": {
            "incorrect": [
                4.808563287306036, 
                5.1683990059826135, 
                5.368357603480029, 
                5.400259855730924, 
                5.274425817950335, 
                5.01621963030096, 
                4.660232271052882, 
                4.243791161014364, 
                3.8013804345815596, 
                3.3609817178803993, 
                2.9425911356077137, 
                2.5585330877505155, 
                2.214858718876582, 
                1.9131080569858774, 
                1.6519240452919632, 
                1.4282829004582607, 
                1.238327176571374, 
                1.0779020492732938, 
                0.9429111755691495, 
                0.8295690681643939, 
                0.7345771718525194, 
                0.655218737338981, 
                0.5893608951716126, 
                0.5353649186392516, 
                0.4919261160844957, 
                0.4578825180611929, 
                0.43203955916875536, 
                0.41305362265776235, 
                0.3994019056818618, 
                0.38944390537658014, 
                0.38155681826649723, 
                0.3743090071511807, 
                0.36662652419278596, 
                0.3579092588348852, 
                0.3480649956278356, 
                0.3374488112869977, 
                0.3267174499417731, 
                0.3166283433367746, 
                0.30782590380349856, 
                0.3006605408052028, 
                0.29507823978537195, 
                0.2906028591371935, 
                0.2864134727838302, 
                0.28149926615695303, 
                0.2748582917381995, 
                0.26569679756600945, 
                0.2535852573983916, 
                0.2385368930407252, 
                0.22099329772350437, 
                0.2017254520373225, 
                0.18168003337466396, 
                0.1618132302462108, 
                0.14295298739292467, 
                0.12571663274885372, 
                0.11049011811088554, 
                0.09745590647151246, 
                0.08664561131278625, 
                0.07799323994074747, 
                0.07137298101172582, 
                0.06661680518264775, 
                0.0635167387997679, 
                0.06182174364645297, 
                0.06123947052668572, 
                0.0614500834757304, 
                0.062134485074368306, 
                0.06301387493196775, 
                0.06389270361130336, 
                0.06469394209031344, 
                0.06547541731995396, 
                0.06641943116024723, 
                0.06779438936003326, 
                0.06989477067171072, 
                0.0729718665549431, 
                0.077170225013027, 
                0.0824829734020152, 
                0.08873413472553685, 
                0.09558969320193048, 
                0.10259357290898787, 
                0.10922114054675992, 
                0.11494147211803384, 
                0.11927972379516075, 
                0.12187164094207521, 
                0.12250314640988531, 
                0.1211294095929457, 
                0.11787046800234068, 
                0.11298455017198639, 
                0.10682489801388458, 
                0.0997893988941895, 
                0.0922730510802301, 
                0.08463071253067546, 
                0.077152925706979, 
                0.07005321446869321, 
                0.06346324613121787, 
                0.05743326457498542, 
                0.051937956079461015, 
                0.04689004969937146, 
                0.042163539674817646, 
                0.03762518668449744, 
                0.03316854691328746, 
                0.028741788048596027
            ], 
            "incorrectMedian": 0.03831997464098817, 
            "correct": [
                0.09761188688482239, 
                0.10761230331196114, 
                0.1159669449725155, 
                0.12246462231670474, 
                0.12708660602107608, 
                0.12998133212465457, 
                0.1314104893921931, 
                0.13168160771424672, 
                0.13108531625379963, 
                0.12985323042663133, 
                0.12814555000413294, 
                0.12606792910782272, 
                0.12370789758037012, 
                0.12117497412036914, 
                0.11862763224128711, 
                0.11627490121954577, 
                0.11434923224035744, 
                0.11305750297467246, 
                0.11252527270208268, 
                0.11275282002959751, 
                0.11359886270273087, 
                0.11479997413269802, 
                0.11602312605485399, 
                0.11693889368185595, 
                0.11729671079924286, 
                0.11698287445814054, 
                0.11604670114865705, 
                0.11468866896367202, 
                0.11321399189345314, 
                0.11196328876734737, 
                0.11123694135733513, 
                0.11123052928391208, 
                0.11199555002324811, 
                0.11343343090789547, 
                0.11532306006710111, 
                0.11737438730103021, 
                0.1192947585361467, 
                0.12085194635243403, 
                0.12191907831135387, 
                0.1224916348300529, 
                0.12267411757290696, 
                0.12264181627615935, 
                0.12258909974793755, 
                0.12267819098260241, 
                0.12300097859639435, 
                0.12356185648838641, 
                0.12428354400567966, 
                0.12503219557239328, 
                0.12565428336713727, 
                0.12601633440205895, 
                0.12603942783517322, 
                0.12572269340405406, 
                0.1251530116802569, 
                0.12450091007167398, 
                0.12400471847252777, 
                0.12394613743414287, 
                0.12462055543308927, 
                0.12630512502184382, 
                0.1292273543507547, 
                0.13353729053343885, 
                0.13928734938971646, 
                0.14642495405181857, 
                0.15480335970618883, 
                0.16421431386603524, 
                0.1744420899868685, 
                0.18533257342110884, 
                0.196865189222982, 
                0.2092117891520136, 
                0.22276704294662025, 
                0.2381400803913561, 
                0.2561061800330336, 
                0.27752792732261367, 
                0.3032646493445432, 
                0.3340946847976445, 
                0.37067593799193405, 
                0.4135663036891725, 
                0.46331796332060154, 
                0.5206494242457669, 
                0.5866871548233201, 
                0.6632546727240414, 
                0.7531705726008042, 
                0.8604984337714878, 
                0.9906726677494639, 
                1.1504093819528602, 
                1.3473070566130763, 
                1.5890570107144335, 
                1.8822272310024282, 
                2.2306610977096444, 
                2.6336430291316772, 
                3.0841112184745403, 
                3.5673123981284767, 
                4.060350351050871, 
                4.5330318868364206, 
                4.950231443000988, 
                5.275686739555752, 
                5.476762021532252, 
                5.52937562036968, 
                5.422103370084027, 
                5.158528501113933, 
                4.757231134855649
            ], 
            "correctMedian": 0.966002222228048
        }
    }, 
    "confusion": {
        "totalRows": 1800, 
        "perActual": {
            "QUASAR": {
                "perPredicted": {
                    "QUASAR": 194, 
                    "STAR": 4, 
                    "GALAXY": 8
                }, 
                "actualClassCount": 206.0
            }, 
            "STAR": {
                "perPredicted": {
                    "QUASAR": 10, 
                    "STAR": 595, 
                    "GALAXY": 21
                }, 
                "actualClassCount": 626.0
            }, 
            "GALAXY": {
                "perPredicted": {
                    "QUASAR": 12, 
                    "STAR": 57, 
                    "GALAXY": 899
                }, 
                "actualClassCount": 968.0
            }
        }
    }, 
    "metrics": {
        "f1": 0.9319935484643174, 
        "mcalibrationLoss": 0.02447482944600803, 
        "recall": 0.9403152714356113, 
        "precision": 0.9246367810900331, 
        "logLoss": 0.21506292464416396, 
        "mrocAUC": 0.9857279090303251, 
        "hammingLoss": 0.06222222222222222, 
        "accuracy": 0.9377777777777778
    }, 
    "oneVsAllRocAUC": {
        "QUASAR": 0.9925874943660085, 
        "STAR": 0.9819777283093218, 
        "GALAXY": 0.9804985497457088
    }, 
    "classes": [
        "GALAXY", 
        "STAR", 
        "QUASAR"
    ], 
    "globalMetrics": {
        "predictionAvg": [
            0.5281889811105738, 
            0.3539311577429271, 
            0.11787986114649923
        ], 
        "predictionStd": [
            0.4339167508667499, 
            0.40788267061011857, 
            0.2827005641483991
        ], 
        "targetStd": [
            0.49870934650433296, 
            0.4763973980664064, 
            0.31843876761227397
        ], 
        "targetAvg": [
            0.5377777777777778, 
            0.3477777777777778, 
            0.11444444444444445
        ], 
        "testWeight": 1800
    }, 
    "oneVsAllRocCurves": {
        "QUASAR": [
            {
                "y": 0.0, 
                "x": 0.0, 
                "p": 1.9999994171080298
            }, 
            {
                "y": 0.3640776699029126, 
                "x": 0.0006273525721455458, 
                "p": 0.965389814567104
            }, 
            {
                "y": 0.6213592233009708, 
                "x": 0.0018820577164366374, 
                "p": 0.9086776893767573
            }, 
            {
                "y": 0.7330097087378641, 
                "x": 0.003136762860727729, 
                "p": 0.8457203135496767
            }, 
            {
                "y": 0.8009708737864077, 
                "x": 0.0037641154328732747, 
                "p": 0.7739058257430819
            }, 
            {
                "y": 0.8737864077669902, 
                "x": 0.006273525721455458, 
                "p": 0.6214420879498823
            }, 
            {
                "y": 0.9368932038834952, 
                "x": 0.009410288582183186, 
                "p": 0.39988991242358596
            }, 
            {
                "y": 0.970873786407767, 
                "x": 0.028230865746549563, 
                "p": 0.12308262295611555
            }, 
            {
                "y": 0.9854368932038835, 
                "x": 0.16122961104140526, 
                "p": 0.02680495139144733
            }, 
            {
                "y": 0.9951456310679612, 
                "x": 0.5119196988707654, 
                "p": 0.007509930493452233
            }, 
            {
                "y": 1.0, 
                "x": 1.0, 
                "p": 6.9351527301797586e-06
            }
        ], 
        "STAR": [
            {
                "y": 0.0, 
                "x": 0.0, 
                "p": 1.9999930369126777
            }, 
            {
                "y": 0.1869009584664537, 
                "x": 0.0008517887563884157, 
                "p": 0.9822793309554669
            }, 
            {
                "y": 0.25878594249201275, 
                "x": 0.0017035775127768314, 
                "p": 0.9701460456884081
            }, 
            {
                "y": 0.3706070287539936, 
                "x": 0.002555366269165247, 
                "p": 0.9536645754468339
            }, 
            {
                "y": 0.4712460063897764, 
                "x": 0.0068143100511073255, 
                "p": 0.9322792480336253
            }, 
            {
                "y": 0.6054313099041534, 
                "x": 0.007666098807495741, 
                "p": 0.9026291154346555
            }, 
            {
                "y": 0.6884984025559105, 
                "x": 0.008517887563884156, 
                "p": 0.8685378260736244
            }, 
            {
                "y": 0.7507987220447284, 
                "x": 0.012776831345826235, 
                "p": 0.8330030792495495
            }, 
            {
                "y": 0.8099041533546326, 
                "x": 0.014480408858603067, 
                "p": 0.788236429922628
            }, 
            {
                "y": 0.8578274760383386, 
                "x": 0.02129471890971039, 
                "p": 0.7197275011523293
            }, 
            {
                "y": 0.902555910543131, 
                "x": 0.030664395229982964, 
                "p": 0.618819835413071
            }, 
            {
                "y": 0.9408945686900958, 
                "x": 0.04258943781942078, 
                "p": 0.5210100865287772
            }, 
            {
                "y": 0.963258785942492, 
                "x": 0.07155025553662692, 
                "p": 0.33209678566904244
            }, 
            {
                "y": 0.9760383386581469, 
                "x": 0.11073253833049404, 
                "p": 0.1971399539966691
            }, 
            {
                "y": 0.9824281150159745, 
                "x": 0.16269165247018738, 
                "p": 0.13530752839780139
            }, 
            {
                "y": 0.9904153354632588, 
                "x": 0.2061328790459966, 
                "p": 0.08942315657076914
            }, 
            {
                "y": 0.9920127795527156, 
                "x": 0.3023850085178876, 
                "p": 0.05460789599757342
            }, 
            {
                "y": 0.9936102236421726, 
                "x": 0.6013628620102215, 
                "p": 0.01349260053839824
            }, 
            {
                "y": 0.9952076677316294, 
                "x": 0.6686541737649063, 
                "p": 0.009798208337052548
            }, 
            {
                "y": 0.9968051118210862, 
                "x": 0.7487223168654173, 
                "p": 0.006739709924614219
            }, 
            {
                "y": 0.9984025559105432, 
                "x": 0.9982964224872232, 
                "p": 6.420153615177798e-06
            }, 
            {
                "y": 1.0, 
                "x": 1.0, 
                "p": 2.0194890999224668e-07
            }
        ], 
        "GALAXY": [
            {
                "y": 0.0, 
                "x": 0.0, 
                "p": 1.9997294598728326
            }, 
            {
                "y": 0.11776859504132231, 
                "x": 0.0, 
                "p": 0.990963028708103
            }, 
            {
                "y": 0.2334710743801653, 
                "x": 0.001201923076923077, 
                "p": 0.9841483802918028
            }, 
            {
                "y": 0.6621900826446281, 
                "x": 0.002403846153846154, 
                "p": 0.9400338454330049
            }, 
            {
                "y": 0.7407024793388429, 
                "x": 0.003605769230769231, 
                "p": 0.9178916717271076
            }, 
            {
                "y": 0.7964876033057852, 
                "x": 0.006009615384615385, 
                "p": 0.8892202814410585
            }, 
            {
                "y": 0.8429752066115702, 
                "x": 0.01201923076923077, 
                "p": 0.8397859805701516
            }, 
            {
                "y": 0.8863636363636364, 
                "x": 0.021634615384615384, 
                "p": 0.7766311644513403
            }, 
            {
                "y": 0.9245867768595041, 
                "x": 0.03365384615384615, 
                "p": 0.5916129731981347
            }, 
            {
                "y": 0.9462809917355371, 
                "x": 0.06370192307692307, 
                "p": 0.421956843030279
            }, 
            {
                "y": 0.9586776859504132, 
                "x": 0.10216346153846154, 
                "p": 0.3053270347899801
            }, 
            {
                "y": 0.9710743801652892, 
                "x": 0.14182692307692307, 
                "p": 0.2104635596751725
            }, 
            {
                "y": 0.9741735537190083, 
                "x": 0.19230769230769232, 
                "p": 0.14652557548355435
            }, 
            {
                "y": 0.9824380165289256, 
                "x": 0.2800480769230769, 
                "p": 0.095935576943679
            }, 
            {
                "y": 0.9855371900826446, 
                "x": 0.35216346153846156, 
                "p": 0.07466523080040492
            }, 
            {
                "y": 0.9865702479338843, 
                "x": 0.4014423076923077, 
                "p": 0.060320593757399496
            }, 
            {
                "y": 0.9886363636363636, 
                "x": 0.46033653846153844, 
                "p": 0.04585560103582201
            }, 
            {
                "y": 0.9917355371900827, 
                "x": 0.5973557692307693, 
                "p": 0.02243773674771339
            }, 
            {
                "y": 0.9948347107438017, 
                "x": 0.7391826923076923, 
                "p": 0.010593691855408099
            }, 
            {
                "y": 0.996900826446281, 
                "x": 0.9158653846153846, 
                "p": 0.0018177829602889443
            }, 
            {
                "y": 0.9989669421487604, 
                "x": 0.9783653846153846, 
                "p": 1.203902350189525e-06
            }, 
            {
                "y": 1.0, 
                "x": 1.0, 
                "p": 2.542279984568315e-08
            }
        ]
    }, 
    "processed_feature_names": [
        "A", 
        "B", 
        "C", 
        "D", 
        "E", 
        "F", 
        "G", 
        "H", 
        "I", 
        "J", 
        "camcol", 
        "dec", 
        "field", 
        "g", 
        "i", 
        "r", 
        "ra", 
        "run", 
        "u", 
        "z"
    ]
}