[
    {
        "fit_time": 2709, 
        "best_iteration": null, 
        "test_score": 0.8116666666666666, 
        "time": 3431, 
        "split_id": 0, 
        "parameters": {
            "max_features": "auto", 
            "n_estimators": 100, 
            "min_samples_split": 3, 
            "max_depth": 6, 
            "min_samples_leaf": 1
        }, 
        "num_samples": 1800, 
        "score_time": 722, 
        "train_score": 0.8169753086419753, 
        "done_at": 1635183922747, 
        "test_score_gib": 0.8116666666666666
    }, 
    {
        "fit_time": 2603, 
        "best_iteration": null, 
        "test_score": 0.805, 
        "time": 2880, 
        "split_id": 1, 
        "parameters": {
            "max_features": "auto", 
            "n_estimators": 100, 
            "min_samples_split": 3, 
            "max_depth": 6, 
            "min_samples_leaf": 1
        }, 
        "num_samples": 1800, 
        "score_time": 277, 
        "train_score": 0.8162962962962963, 
        "done_at": 1635183922200, 
        "test_score_gib": 0.805
    }, 
    {
        "fit_time": 2622, 
        "best_iteration": null, 
        "test_score": 0.8055555555555556, 
        "time": 2925, 
        "split_id": 2, 
        "parameters": {
            "max_features": "auto", 
            "n_estimators": 100, 
            "min_samples_split": 3, 
            "max_depth": 6, 
            "min_samples_leaf": 1
        }, 
        "num_samples": 1800, 
        "score_time": 303, 
        "train_score": 0.8216666666666667, 
        "done_at": 1635183922254, 
        "test_score_gib": 0.8055555555555556
    }, 
    {
        "fit_time": 2666, 
        "best_iteration": null, 
        "test_score": 0.8266666666666667, 
        "time": 2911, 
        "split_id": 3, 
        "parameters": {
            "max_features": "auto", 
            "n_estimators": 100, 
            "min_samples_split": 3, 
            "max_depth": 6, 
            "min_samples_leaf": 1
        }, 
        "num_samples": 1800, 
        "score_time": 245, 
        "train_score": 0.8159876543209876, 
        "done_at": 1635183922238, 
        "test_score_gib": 0.8266666666666667
    }, 
    {
        "fit_time": 2696, 
        "best_iteration": null, 
        "test_score": 0.7988888888888889, 
        "time": 3128, 
        "split_id": 4, 
        "parameters": {
            "max_features": "auto", 
            "n_estimators": 100, 
            "min_samples_split": 3, 
            "max_depth": 6, 
            "min_samples_leaf": 1
        }, 
        "num_samples": 1800, 
        "score_time": 432, 
        "train_score": 0.8185185185185185, 
        "done_at": 1635183925333, 
        "test_score_gib": 0.7988888888888889
    }, 
    {
        "fit_time": 2610, 
        "best_iteration": null, 
        "test_score": 0.8177777777777778, 
        "time": 3043, 
        "split_id": 5, 
        "parameters": {
            "max_features": "auto", 
            "n_estimators": 100, 
            "min_samples_split": 3, 
            "max_depth": 6, 
            "min_samples_leaf": 1
        }, 
        "num_samples": 1800, 
        "score_time": 433, 
        "train_score": 0.8238888888888889, 
        "done_at": 1635183925296, 
        "test_score_gib": 0.8177777777777778
    }, 
    {
        "fit_time": 2814, 
        "best_iteration": null, 
        "test_score": 0.805, 
        "time": 3438, 
        "split_id": 6, 
        "parameters": {
            "max_features": "auto", 
            "n_estimators": 100, 
            "min_samples_split": 3, 
            "max_depth": 6, 
            "min_samples_leaf": 1
        }, 
        "num_samples": 1800, 
        "score_time": 624, 
        "train_score": 0.8184567901234568, 
        "done_at": 1635183925714, 
        "test_score_gib": 0.805
    }, 
    {
        "fit_time": 2593, 
        "best_iteration": null, 
        "test_score": 0.8005555555555556, 
        "time": 3866, 
        "split_id": 7, 
        "parameters": {
            "max_features": "auto", 
            "n_estimators": 100, 
            "min_samples_split": 3, 
            "max_depth": 6, 
            "min_samples_leaf": 1
        }, 
        "num_samples": 1800, 
        "score_time": 1273, 
        "train_score": 0.8149382716049383, 
        "done_at": 1635183926624, 
        "test_score_gib": 0.8005555555555556
    }, 
    {
        "fit_time": 2716, 
        "best_iteration": null, 
        "test_score": 0.8183333333333334, 
        "time": 3102, 
        "split_id": 8, 
        "parameters": {
            "max_features": "auto", 
            "n_estimators": 100, 
            "min_samples_split": 3, 
            "max_depth": 6, 
            "min_samples_leaf": 1
        }, 
        "num_samples": 1800, 
        "score_time": 386, 
        "train_score": 0.8191975308641976, 
        "done_at": 1635183928400, 
        "test_score_gib": 0.8183333333333334
    }, 
    {
        "fit_time": 2673, 
        "best_iteration": null, 
        "test_score": 0.7944444444444444, 
        "time": 3068, 
        "split_id": 9, 
        "parameters": {
            "max_features": "auto", 
            "n_estimators": 100, 
            "min_samples_split": 3, 
            "max_depth": 6, 
            "min_samples_leaf": 1
        }, 
        "num_samples": 1800, 
        "score_time": 395, 
        "train_score": 0.8208024691358025, 
        "done_at": 1635183928408, 
        "test_score_gib": 0.7944444444444444
    }, 
    {
        "fit_time": 4328, 
        "best_iteration": null, 
        "test_score": 0.8788888888888889, 
        "time": 5030, 
        "split_id": 0, 
        "parameters": {
            "max_features": "auto", 
            "n_estimators": 100, 
            "min_samples_split": 3, 
            "max_depth": 14, 
            "min_samples_leaf": 1
        }, 
        "num_samples": 1800, 
        "score_time": 702, 
        "train_score": 0.9452469135802469, 
        "done_at": 1635183930770, 
        "test_score_gib": 0.8788888888888889
    }, 
    {
        "fit_time": 4226, 
        "best_iteration": null, 
        "test_score": 0.8972222222222223, 
        "time": 4926, 
        "split_id": 1, 
        "parameters": {
            "max_features": "auto", 
            "n_estimators": 100, 
            "min_samples_split": 3, 
            "max_depth": 14, 
            "min_samples_leaf": 1
        }, 
        "num_samples": 1800, 
        "score_time": 700, 
        "train_score": 0.9465432098765432, 
        "done_at": 1635183931594, 
        "test_score_gib": 0.8972222222222223
    }, 
    {
        "fit_time": 3684, 
        "best_iteration": null, 
        "test_score": 0.8722222222222222, 
        "time": 4391, 
        "split_id": 2, 
        "parameters": {
            "max_features": "auto", 
            "n_estimators": 100, 
            "min_samples_split": 3, 
            "max_depth": 14, 
            "min_samples_leaf": 1
        }, 
        "num_samples": 1800, 
        "score_time": 707, 
        "train_score": 0.9464197530864198, 
        "done_at": 1635183932806, 
        "test_score_gib": 0.8722222222222222
    }, 
    {
        "fit_time": 3746, 
        "best_iteration": null, 
        "test_score": 0.8938888888888888, 
        "time": 4467, 
        "split_id": 3, 
        "parameters": {
            "max_features": "auto", 
            "n_estimators": 100, 
            "min_samples_split": 3, 
            "max_depth": 14, 
            "min_samples_leaf": 1
        }, 
        "num_samples": 1800, 
        "score_time": 721, 
        "train_score": 0.9499382716049383, 
        "done_at": 1635183932909, 
        "test_score_gib": 0.8938888888888888
    }, 
    {
        "fit_time": 3420, 
        "best_iteration": null, 
        "test_score": 0.8777777777777778, 
        "time": 4072, 
        "split_id": 4, 
        "parameters": {
            "max_features": "auto", 
            "n_estimators": 100, 
            "min_samples_split": 3, 
            "max_depth": 14, 
            "min_samples_leaf": 1
        }, 
        "num_samples": 1800, 
        "score_time": 652, 
        "train_score": 0.947962962962963, 
        "done_at": 1635183934853, 
        "test_score_gib": 0.8777777777777778
    }, 
    {
        "fit_time": 3496, 
        "best_iteration": null, 
        "test_score": 0.8822222222222222, 
        "time": 4313, 
        "split_id": 5, 
        "parameters": {
            "max_features": "auto", 
            "n_estimators": 100, 
            "min_samples_split": 3, 
            "max_depth": 14, 
            "min_samples_leaf": 1
        }, 
        "num_samples": 1800, 
        "score_time": 817, 
        "train_score": 0.950925925925926, 
        "done_at": 1635183935922, 
        "test_score_gib": 0.8822222222222222
    }, 
    {
        "fit_time": 3771, 
        "best_iteration": null, 
        "test_score": 0.8811111111111111, 
        "time": 4520, 
        "split_id": 6, 
        "parameters": {
            "max_features": "auto", 
            "n_estimators": 100, 
            "min_samples_split": 3, 
            "max_depth": 14, 
            "min_samples_leaf": 1
        }, 
        "num_samples": 1800, 
        "score_time": 749, 
        "train_score": 0.946358024691358, 
        "done_at": 1635183937337, 
        "test_score_gib": 0.8811111111111111
    }, 
    {
        "fit_time": 3784, 
        "best_iteration": null, 
        "test_score": 0.8777777777777778, 
        "time": 4438, 
        "split_id": 7, 
        "parameters": {
            "max_features": "auto", 
            "n_estimators": 100, 
            "min_samples_split": 3, 
            "max_depth": 14, 
            "min_samples_leaf": 1
        }, 
        "num_samples": 1800, 
        "score_time": 654, 
        "train_score": 0.9485185185185185, 
        "done_at": 1635183937361, 
        "test_score_gib": 0.8777777777777778
    }, 
    {
        "fit_time": 3266, 
        "best_iteration": null, 
        "test_score": 0.885, 
        "time": 3648, 
        "split_id": 8, 
        "parameters": {
            "max_features": "auto", 
            "n_estimators": 100, 
            "min_samples_split": 3, 
            "max_depth": 14, 
            "min_samples_leaf": 1
        }, 
        "num_samples": 1800, 
        "score_time": 382, 
        "train_score": 0.9481481481481482, 
        "done_at": 1635183938513, 
        "test_score_gib": 0.885
    }, 
    {
        "fit_time": 2799, 
        "best_iteration": null, 
        "test_score": 0.8611111111111112, 
        "time": 3255, 
        "split_id": 9, 
        "parameters": {
            "max_features": "auto", 
            "n_estimators": 100, 
            "min_samples_split": 3, 
            "max_depth": 14, 
            "min_samples_leaf": 1
        }, 
        "num_samples": 1800, 
        "score_time": 456, 
        "train_score": 0.9491358024691358, 
        "done_at": 1635183939195, 
        "test_score_gib": 0.8611111111111112
    }
]