{
    "gridSize": 2, 
    "nThreads": 4, 
    "metric": "ACCURACY", 
    "gridPoints": [
        {
            "scoreTimeMean": 509.0, 
            "best_iteration": null, 
            "time": 31792, 
            "trainScoreMean": 0.8186728395061728, 
            "finishedAt": 1635183928408, 
            "fitTimeStd": 64.33941249343205, 
            "testScoreStd": 0.009533728300546546, 
            "scoreTimeStd": 291.21744453243184, 
            "parameters": {
                "max_features": "auto", 
                "n_estimators": 100, 
                "min_samples_split": 3, 
                "max_depth": 6, 
                "min_samples_leaf": 1
            }, 
            "testScoreMean": 0.8083888888888889, 
            "score": 0.8083888888888889, 
            "trainScoreStd": 0.0026596630136994995, 
            "testScoreGibMean": 0.8083888888888889, 
            "fitTimeMean": 2670.2
        }, 
        {
            "scoreTimeMean": 654.0, 
            "best_iteration": null, 
            "time": 43060, 
            "trainScoreMean": 0.9479197530864197, 
            "finishedAt": 1635183939195, 
            "fitTimeStd": 422.21582158891204, 
            "testScoreStd": 0.009715235584849992, 
            "scoreTimeStd": 126.69017325743934, 
            "parameters": {
                "max_features": "auto", 
                "n_estimators": 100, 
                "min_samples_split": 3, 
                "max_depth": 14, 
                "min_samples_leaf": 1
            }, 
            "testScoreMean": 0.8807222222222222, 
            "score": 0.8807222222222222, 
            "trainScoreStd": 0.001695014970626448, 
            "testScoreGibMean": 0.8807222222222222, 
            "fitTimeMean": 3652.0
        }
    ], 
    "timeout": null, 
    "startedAt": 1635183919313, 
    "nSplits": 10
}