{
    "usedGridSearch": true, 
    "probaAware": true, 
    "gridSize": 2, 
    "rawImportance": {
        "variables": [
            "A", 
            "B", 
            "C", 
            "D", 
            "E", 
            "F", 
            "G", 
            "H", 
            "I", 
            "J", 
            "camcol", 
            "dec", 
            "field", 
            "g", 
            "i", 
            "r", 
            "ra", 
            "run", 
            "u", 
            "z"
        ], 
        "importances": [
            0.0013303636381076709, 
            0.001997118854635138, 
            0.004978366103502191, 
            0.0010714062154667846, 
            0.002435939576948742, 
            0.0008819139199890858, 
            0.0015105240210514887, 
            0.0028183720264835154, 
            0.001726864436172999, 
            0.004990102553855274, 
            0.007928750010654491, 
            0.026842016050961207, 
            0.018678461759726324, 
            0.1514426589133636, 
            0.21091991114530798, 
            0.17044858939030316, 
            0.04804936199179735, 
            0.028789713859680283, 
            0.13481535373444278, 
            0.17834421179754997
        ]
    }, 
    "modelInputNRows": 18000, 
    "modelInputNCols": 20, 
    "modelInputMemory": 2880000, 
    "gridCells": [
        {
            "scoreTimeStd": 0.29121744453243187, 
            "scoreTime": 0.509, 
            "fitTime": 2.6702, 
            "score": 0.8083888888888889, 
            "params": {
                "max_features": "auto", 
                "n_estimators": 100, 
                "min_samples_split": 3, 
                "max_depth": 6, 
                "min_samples_leaf": 1
            }, 
            "fitTimeStd": 0.06433941249343204, 
            "scoreStd": 0.009533728300546546
        }, 
        {
            "scoreTimeStd": 0.12669017325743934, 
            "scoreTime": 0.654, 
            "fitTime": 3.652, 
            "score": 0.8807222222222222, 
            "params": {
                "max_features": "auto", 
                "n_estimators": 100, 
                "min_samples_split": 3, 
                "max_depth": 14, 
                "min_samples_leaf": 1
            }, 
            "fitTimeStd": 0.422215821588912, 
            "scoreStd": 0.009715235584849992
        }
    ], 
    "gridBestScore": 0.8807222222222222, 
    "modelInputIsSparse": false
}