{
  "state": "DONE",
  "preSearchDescription": {
    "gridLength": 2,
    "searchStrategy": "GRID",
    "importantParams": [
      {
        "name": "trees",
        "vals": [
          "100"
        ]
      },
      {
        "name": "depth",
        "vals": [
          "6",
          "14"
        ]
      },
      {
        "name": "min_samples",
        "vals": [
          "1"
        ]
      }
    ]
  },
  "postSearchDescription": {
    "importantParams": [
      {
        "name": "trees",
        "val": "100"
      },
      {
        "name": "depth",
        "val": "14"
      },
      {
        "name": "min_samples",
        "val": "1"
      }
    ]
  },
  "resumed": false,
  "timeOrderingEnabled": false,
  "sampleWeightsEnabled": false,
  "modelId": "m1",
  "progress": {
    "top_level_todo": [],
    "stack": [],
    "top_level_done": [
      {
        "name": "Loading source dataset",
        "time": 80
      },
      {
        "name": "Collecting statistics",
        "time": 32
      },
      {
        "name": "Preprocessing input",
        "time": 104
      },
      {
        "name": "Fitting global model",
        "time": 21765
      },
      {
        "name": "Saving model",
        "time": 227
      },
      {
        "name": "Computing global stats",
        "time": 2818
      },
      {
        "name": "Fitting folds",
        "time": 22075
      }
    ]
  },
  "startTime": 1635183919059,
  "endTime": 1635183967538,
  "preprocessingTime": 217,
  "trainingTime": 48262,
  "hyperparamsSearchTime": 0
}