{
  "params": {
    "ttPolicy": "SPLIT_SINGLE_DATASET",
    "ssdSplitMode": "RANDOM",
    "splitBeforePrepare": true,
    "ssdSelection": {
      "useMemTable": false,
      "filter": {
        "distinct": false,
        "enabled": false
      },
      "partitionSelectionMethod": "ALL",
      "latestPartitionsN": 1,
      "ordering": {
        "enabled": false,
        "rules": []
      },
      "samplingMethod": "FULL",
      "maxRecords": 100000,
      "targetRatio": 0.02,
      "withinFirstN": -1,
      "maxReadUncompressedBytes": -1
    },
    "ssdTrainingRatio": 0.8,
    "ssdSeed": 1337,
    "testOnLargerValues": true,
    "kfold": true,
    "nFolds": 10,
    "instanceIdRefresher": 0,
    "subSamplingSeed": 1337
  },
  "generationDate": 1635183915603,
  "policyId": "type\u003dSPLIT_SINGLE_DATASET,split\u003dRANDOM_KFOLD,splitBeforePrepare\u003dtrue,ds\u003dtrain_sky_position_joined_prepared,sel\u003d(method\u003dfull),r\u003d0.8,s\u003d1337",
  "instanceId": "3fdb1eecdd781e3cf7c5cafe195119d8-0",
  "format": "csv1",
  "schema": {
    "columns": [
      {"name":"id","type":"bigint"},
      {"name":"ra","type":"double"},
      {"name":"dec","type":"double"},
      {"name":"F","type":"bigint"},
      {"name":"J","type":"bigint"},
      {"name":"A","type":"bigint"},
      {"name":"C","type":"bigint"},
      {"name":"G","type":"bigint"},
      {"name":"D","type":"bigint"},
      {"name":"E","type":"bigint"},
      {"name":"B","type":"bigint"},
      {"name":"H","type":"bigint"},
      {"name":"I","type":"bigint"},
      {"name":"object_type","type":"string"},
      {"name":"u","type":"double"},
      {"name":"g","type":"double"},
      {"name":"r","type":"double"},
      {"name":"i","type":"double"},
      {"name":"z","type":"double"},
      {"name":"run","type":"bigint"},
      {"name":"camcol","type":"bigint"},
      {"name":"field","type":"bigint"}
    ],
    "userModified": false
  },
  "fullPath": "full-3fdb1eecdd781e3cf7c5cafe195119d8-0.csv.gz",
  "trainRows": 0,
  "testRows": 0,
  "fullRows": 18000
}