{
    "A": {
        "distribution": [
            0.0, 
            0.0, 
            0.0, 
            0.0, 
            0.0, 
            0.0, 
            0.0, 
            0.0, 
            0.0, 
            1.0
        ], 
        "scale": [
            1.0, 
            1.0, 
            1.0, 
            1.0, 
            1.0, 
            1.0, 
            1.0, 
            1.0, 
            1.0, 
            1.0
        ]
    }, 
    "C": {
        "distribution": [
            0.0, 
            0.0, 
            0.0, 
            0.0, 
            0.0, 
            0.0, 
            0.0, 
            0.0, 
            0.0, 
            1.0
        ], 
        "scale": [
            1.0, 
            1.0, 
            1.0, 
            1.0, 
            1.0, 
            1.0, 
            1.0, 
            1.0, 
            1.0, 
            1.0
        ]
    }, 
    "B": {
        "distribution": [
            0.0, 
            0.0, 
            0.0, 
            0.0, 
            0.0, 
            0.0, 
            0.0, 
            0.0, 
            0.0, 
            1.0
        ], 
        "scale": [
            1.0, 
            1.0, 
            1.0, 
            1.0, 
            1.0, 
            1.0, 
            1.0, 
            1.0, 
            1.0, 
            1.0
        ]
    }, 
    "run": {
        "distribution": [
            0.10529344073647871, 
            0.0981012658227848, 
            0.11248561565017261, 
            0.10184119677790564, 
            0.10874568469505179, 
            0.10558112773302647, 
            0.09838895281933256, 
            0.1119102416570771, 
            0.10299194476409666, 
            0.05466052934407365
        ], 
        "scale": [
            1741.0, 
            2534.5, 
            3132.0, 
            3637.0, 
            3985.0, 
            4362.540000000004, 
            4826.040000000004, 
            5350.660000000001, 
            6676.160000000001, 
            7937.0
        ]
    }, 
    "D": {
        "distribution": [
            0.0, 
            0.0, 
            0.0, 
            0.0, 
            0.0, 
            0.0, 
            0.0, 
            0.0, 
            0.0, 
            1.0
        ], 
        "scale": [
            1.0, 
            1.0, 
            1.0, 
            1.0, 
            1.0, 
            1.0, 
            1.0, 
            1.0, 
            1.0, 
            1.0
        ]
    }, 
    "G": {
        "distribution": [
            0.0, 
            0.0, 
            0.0, 
            0.0, 
            0.0, 
            0.0, 
            0.0, 
            0.0, 
            0.0, 
            1.0
        ], 
        "scale": [
            1.0, 
            1.0, 
            1.0, 
            1.0, 
            1.0, 
            1.0, 
            1.0, 
            1.0, 
            1.0, 
            1.0
        ]
    }, 
    "F": {
        "distribution": [
            0.0, 
            0.0, 
            0.0, 
            0.0, 
            0.0, 
            0.0, 
            0.0, 
            0.0, 
            0.0, 
            1.0
        ], 
        "scale": [
            1.0, 
            1.0, 
            1.0, 
            1.0, 
            1.0, 
            1.0, 
            1.0, 
            1.0, 
            1.0, 
            1.0
        ]
    }, 
    "I": {
        "distribution": [
            0.0, 
            0.0, 
            0.0, 
            0.0, 
            0.0, 
            0.0, 
            0.0, 
            0.0, 
            0.0, 
            1.0
        ], 
        "scale": [
            1.0, 
            1.0, 
            1.0, 
            1.0, 
            1.0, 
            1.0, 
            1.0, 
            1.0, 
            1.0, 
            1.0
        ]
    }, 
    "H": {
        "distribution": [
            0.0, 
            0.0, 
            0.0, 
            0.0, 
            0.0, 
            0.0, 
            0.0, 
            0.0, 
            0.0, 
            1.0
        ], 
        "scale": [
            1.0, 
            1.0, 
            1.0, 
            1.0, 
            1.0, 
            1.0, 
            1.0, 
            1.0, 
            1.0, 
            1.0
        ]
    }, 
    "J": {
        "distribution": [
            0.0, 
            0.0, 
            0.0, 
            0.0, 
            0.0, 
            0.0, 
            0.0, 
            0.0, 
            0.0, 
            1.0
        ], 
        "scale": [
            1.0, 
            1.0, 
            1.0, 
            1.0, 
            1.0, 
            1.0, 
            1.0, 
            1.0, 
            1.0, 
            1.0
        ]
    }, 
    "i": {
        "distribution": [
            0.1053244108233925, 
            0.10503345941227815, 
            0.1053244108233925, 
            0.1053244108233925, 
            0.1053244108233925, 
            0.1053244108233925, 
            0.1053244108233925, 
            0.10503345941227815, 
            0.1053244108233925, 
            0.05266220541169625
        ], 
        "scale": [
            15.0447697, 
            15.6246078, 
            15.972552250000001, 
            16.27271245, 
            16.55820475, 
            16.844311000000005, 
            17.1408257, 
            17.533191700000003, 
            18.229411550000002, 
            21.4706026
        ]
    }, 
    "field": {
        "distribution": [
            0.10353753235547886, 
            0.10727638769053782, 
            0.10497555363819384, 
            0.10612597066436583, 
            0.10497555363819384, 
            0.10526315789473684, 
            0.10468794938165085, 
            0.10555076215127984, 
            0.10468794938165085, 
            0.05291918320391142
        ], 
        "scale": [
            46.5, 
            73.5, 
            99.0, 
            125.62000000000012, 
            154.50000000000034, 
            187.02000000000055, 
            227.64000000000033, 
            280.66000000000054, 
            389.66000000000054, 
            642.0
        ]
    }, 
    "r": {
        "distribution": [
            0.1053244108233925, 
            0.10503345941227815, 
            0.1053244108233925, 
            0.1053244108233925, 
            0.1053244108233925, 
            0.1053244108233925, 
            0.1053244108233925, 
            0.10503345941227815, 
            0.1053244108233925, 
            0.05266220541169625
        ], 
        "scale": [
            15.3843478, 
            15.96799755, 
            16.317966050000003, 
            16.59743975, 
            16.8571883, 
            17.121438249999997, 
            17.4008794, 
            17.725497, 
            18.340302100000002, 
            19.5934156
        ]
    }, 
    "g": {
        "distribution": [
            0.1053244108233925, 
            0.10503345941227815, 
            0.1053244108233925, 
            0.1053244108233925, 
            0.1053244108233925, 
            0.1053244108233925, 
            0.1053244108233925, 
            0.10503345941227815, 
            0.1053244108233925, 
            0.05266220541169625
        ], 
        "scale": [
            16.002367049999997, 
            16.6267849, 
            16.9942268, 
            17.260294350000002, 
            17.48705245, 
            17.6979714, 
            17.91517275, 
            18.1525189, 
            18.575059950000007, 
            19.383253800000006
        ]
    }, 
    "ra": {
        "distribution": [
            0.1053743961352657, 
            0.10507246376811594, 
            0.1053743961352657, 
            0.1053743961352657, 
            0.10507246376811594, 
            0.1053743961352657, 
            0.1053743961352657, 
            0.10507246376811594, 
            0.1053743961352657, 
            0.05253623188405797
        ], 
        "scale": [
            69.9898481016795, 
            129.731695502298, 
            147.56508112475302, 
            164.4076135950835, 
            182.712750355673, 
            201.92607070280653, 
            218.95584510588654, 
            234.85656668138202, 
            287.62645794014804, 
            345.9843937143561
        ]
    }, 
    "camcol": {
        "distribution": [
            0.19699042407660738, 
            0.18549931600547195, 
            0.17127222982216142, 
            0.18057455540355677, 
            0.16388508891928866, 
            0.10177838577291382
        ], 
        "scale": [
            1.0, 
            2.0, 
            3.0, 
            4.0, 
            5.0, 
            6.0
        ]
    }, 
    "E": {
        "distribution": [
            0.0, 
            0.0, 
            0.0, 
            0.0, 
            0.0, 
            0.0, 
            0.0, 
            0.0, 
            0.0, 
            1.0
        ], 
        "scale": [
            1.0, 
            1.0, 
            1.0, 
            1.0, 
            1.0, 
            1.0, 
            1.0, 
            1.0, 
            1.0, 
            1.0
        ]
    }, 
    "z": {
        "distribution": [
            0.1053244108233925, 
            0.10503345941227815, 
            0.1053244108233925, 
            0.1053244108233925, 
            0.1053244108233925, 
            0.1053244108233925, 
            0.1053244108233925, 
            0.10503345941227815, 
            0.1053244108233925, 
            0.05266220541169625
        ], 
        "scale": [
            14.83681065, 
            15.400572, 
            15.7365789, 
            16.05727255, 
            16.38439945, 
            16.70175605, 
            17.014458750000003, 
            17.445921500000004, 
            18.209789450000002, 
            19.979489450000003
        ]
    }, 
    "dec": {
        "distribution": [
            0.10512672811059907, 
            0.1054147465437788, 
            0.10512672811059907, 
            0.1054147465437788, 
            0.10512672811059907, 
            0.1054147465437788, 
            0.10512672811059907, 
            0.1054147465437788, 
            0.10512672811059907, 
            0.0527073732718894
        ], 
        "scale": [
            -0.48321748800399966, 
            4.025218884520002, 
            10.377930472110004, 
            16.967896466740005, 
            23.777405084744004, 
            31.029980162158026, 
            37.58899237062403, 
            46.01470038703002, 
            55.63812141360002, 
            71.65726854670001
        ]
    }, 
    "u": {
        "distribution": [
            0.1053244108233925, 
            0.10503345941227815, 
            0.1053244108233925, 
            0.1053244108233925, 
            0.1053244108233925, 
            0.1053244108233925, 
            0.1053244108233925, 
            0.10503345941227815, 
            0.1053244108233925, 
            0.05266220541169625
        ], 
        "scale": [
            17.36561215, 
            17.99095955, 
            18.3572762, 
            18.629784750000002, 
            18.850440050000003, 
            19.0380922, 
            19.2019922, 
            19.3422947, 
            19.47332715, 
            19.570657949999998
        ]
    }
}