{
    "oneVsAllCalibrationCurves": {
        "QUASAR": [
            {
                "y": 0, 
                "x": 0, 
                "n": 0
            }, 
            {
                "y": 0.0068006182380216385, 
                "x": 0.009017823715860082, 
                "n": 3235.0
            }, 
            {
                "y": 0.1891891891891892, 
                "x": 0.14112831365607006, 
                "n": 37.0
            }, 
            {
                "y": 0.17647058823529413, 
                "x": 0.24568817648211533, 
                "n": 17.0
            }, 
            {
                "y": 0.5333333333333333, 
                "x": 0.3580573862608149, 
                "n": 15.0
            }, 
            {
                "y": 0.35714285714285715, 
                "x": 0.4446582757690872, 
                "n": 14.0
            }, 
            {
                "y": 0.4166666666666667, 
                "x": 0.548681665821382, 
                "n": 12.0
            }, 
            {
                "y": 0.7727272727272727, 
                "x": 0.6486213791339562, 
                "n": 22.0
            }, 
            {
                "y": 0.7931034482758621, 
                "x": 0.7562352610462142, 
                "n": 29.0
            }, 
            {
                "y": 0.8620689655172413, 
                "x": 0.8603066661011255, 
                "n": 58.0
            }, 
            {
                "y": 0.9490740740740741, 
                "x": 0.965461935294025, 
                "n": 216.0
            }, 
            {
                "y": 1, 
                "x": 1, 
                "n": 0
            }
        ], 
        "STAR": [
            {
                "y": 0, 
                "x": 0, 
                "n": 0
            }, 
            {
                "y": 0.015661252900232018, 
                "x": 0.024815451553535584, 
                "n": 1724.0
            }, 
            {
                "y": 0.10084033613445378, 
                "x": 0.1427856220971266, 
                "n": 238.0
            }, 
            {
                "y": 0.24324324324324326, 
                "x": 0.2516525203384469, 
                "n": 111.0
            }, 
            {
                "y": 0.38823529411764707, 
                "x": 0.3474353462125887, 
                "n": 85.0
            }, 
            {
                "y": 0.4725274725274725, 
                "x": 0.4453045056319154, 
                "n": 91.0
            }, 
            {
                "y": 0.6808510638297872, 
                "x": 0.550123115298619, 
                "n": 94.0
            }, 
            {
                "y": 0.71, 
                "x": 0.6564118641393804, 
                "n": 100.0
            }, 
            {
                "y": 0.802547770700637, 
                "x": 0.7582820420371417, 
                "n": 157.0
            }, 
            {
                "y": 0.9233333333333333, 
                "x": 0.8575992576246773, 
                "n": 300.0
            }, 
            {
                "y": 0.9682119205298013, 
                "x": 0.9570819006938779, 
                "n": 755.0
            }, 
            {
                "y": 1, 
                "x": 1, 
                "n": 0
            }
        ], 
        "GALAXY": [
            {
                "y": 0, 
                "x": 0, 
                "n": 0
            }, 
            {
                "y": 0.029940119760479042, 
                "x": 0.0308106697441607, 
                "n": 1169.0
            }, 
            {
                "y": 0.07553956834532374, 
                "x": 0.14384084181838847, 
                "n": 278.0
            }, 
            {
                "y": 0.23357664233576642, 
                "x": 0.2447534445301097, 
                "n": 137.0
            }, 
            {
                "y": 0.25555555555555554, 
                "x": 0.3445063331187214, 
                "n": 90.0
            }, 
            {
                "y": 0.32558139534883723, 
                "x": 0.4471375247939286, 
                "n": 86.0
            }, 
            {
                "y": 0.5517241379310345, 
                "x": 0.5493272545153554, 
                "n": 87.0
            }, 
            {
                "y": 0.5972222222222222, 
                "x": 0.6489033685015415, 
                "n": 72.0
            }, 
            {
                "y": 0.7272727272727273, 
                "x": 0.7493356929646398, 
                "n": 110.0
            }, 
            {
                "y": 0.882051282051282, 
                "x": 0.8587038213676467, 
                "n": 195.0
            }, 
            {
                "y": 0.9818308874912649, 
                "x": 0.9707863281090694, 
                "n": 1431.0
            }, 
            {
                "y": 1, 
                "x": 1, 
                "n": 0
            }
        ]
    }, 
    "oneVsAllCalibrationLoss": {
        "QUASAR": 0.006294841217728369, 
        "STAR": 0.02335537064057026, 
        "GALAXY": 0.018251727194155888
    }, 
    "densityData": {
        "QUASAR": {
            "incorrect": [
                17.588281379573274, 
                18.29319495523631, 
                14.890306278513766, 
                9.673577200243649, 
                5.206571166718933, 
                2.4890811461805002, 
                1.1815103893202445, 
                0.6279866042235532, 
                0.3918689107454628, 
                0.27412753718289573, 
                0.20208128265277417, 
                0.15449228327492215, 
                0.12485609386690064, 
                0.10723645350442519, 
                0.09579105009841886, 
                0.08715504042076976, 
                0.07949588367100663, 
                0.07143330704181616, 
                0.06327875679449388, 
                0.056931034541931255, 
                0.05335432563198365, 
                0.05164092741844504, 
                0.05055614326306708, 
                0.04920401881795775, 
                0.046368239422374134, 
                0.04125658223982061, 
                0.03501051561905925, 
                0.030002463190994404, 
                0.02745484497896911, 
                0.026268854050814475, 
                0.024484810740363863, 
                0.021828249047683004, 
                0.0198558572613105, 
                0.019565948448678063, 
                0.02040507663724956, 
                0.02161856523579207, 
                0.022932152400376528, 
                0.02384855039451741, 
                0.023786891474207955, 
                0.023301076342191293, 
                0.023967644837490042, 
                0.02634127119349573, 
                0.02877037154044629, 
                0.029166120583945052, 
                0.027679862905819714, 
                0.02662622274211756, 
                0.02745776275067143, 
                0.02868421792804203, 
                0.027717830509580293, 
                0.02431570756090895, 
                0.020955867654417582, 
                0.01998759604142853, 
                0.021495837301384872, 
                0.023788783972955443, 
                0.02510741430562139, 
                0.024726262788208938, 
                0.02286808473229542, 
                0.020138939407296164, 
                0.017208178579395696, 
                0.014633561442430259, 
                0.012679165795268168, 
                0.011437146595371166, 
                0.011293642762561385, 
                0.012945632305265508, 
                0.016493872737976083, 
                0.020616370462987012, 
                0.02316332359155822, 
                0.02305762345526183, 
                0.021431938155156816, 
                0.02015383612918985, 
                0.019541410991030524, 
                0.018614192119747387, 
                0.017145428512862132, 
                0.01610113641743903, 
                0.016043955927594045, 
                0.016225355006405956, 
                0.015947448406728428, 
                0.016087887248167815, 
                0.018003484654064438, 
                0.021326618696453113, 
                0.024256446648342745, 
                0.02570576805559801, 
                0.0257953143611839, 
                0.024647012115940337, 
                0.022223947941226993, 
                0.019259193723596305, 
                0.01707781751440963, 
                0.01620776622249657, 
                0.015642138453772065, 
                0.013836738613542239, 
                0.010553467770648221, 
                0.007434088703002452, 
                0.006646119720540291, 
                0.009387041707654547, 
                0.01576560928745978, 
                0.025460478218294707, 
                0.03759839927056768, 
                0.049435598925327694, 
                0.05585167141841903, 
                0.05227265792386217
            ], 
            "incorrectMedian": 0.005392985882396855, 
            "correct": [
                0.29528768123807675, 
                0.30394277868625763, 
                0.3098706417472428, 
                0.3130176204639992, 
                0.31342590763790534, 
                0.3112282962672753, 
                0.3066379641595622, 
                0.2999342885613399, 
                0.2914459756915516, 
                0.28153292881899733, 
                0.2705682661237018, 
                0.25892174704265375, 
                0.24694560056150916, 
                0.23496341018249198, 
                0.22326234306600026, 
                0.21208865956240536, 
                0.20164614224796173, 
                0.1920968683730306, 
                0.18356363113024765, 
                0.17613329485048168, 
                0.16986043671788978, 
                0.1647707632846008, 
                0.16086396875562656, 
                0.15811589658949102, 
                0.15648005078274307, 
                0.15588865681726707, 
                0.1562535791776816, 
                0.15746745399969725, 
                0.1594053901248104, 
                0.16192753424399944, 
                0.16488269571222086, 
                0.16811309752436987, 
                0.17146017748940084, 
                0.17477122391835054, 
                0.1779065081626382, 
                0.180746484655251, 
                0.1831985767409198, 
                0.18520305832320028, 
                0.18673757751382133, 
                0.18781994508783983, 
                0.1885089200758815, 
                0.18890285713827845, 
                0.1891362240042476, 
                0.1893741406939232, 
                0.1898052249951213, 
                0.19063314213587482, 
                0.19206734447703097, 
                0.1943135453906048, 
                0.19756449840087895, 
                0.2019916478781184, 
                0.20773818198247296, 
                0.21491395390173207, 
                0.2235926462254822, 
                0.23381143900005433, 
                0.245573309313669, 
                0.2588519454322929, 
                0.27359910948199295, 
                0.28975413881891465, 
                0.3072551476332962, 
                0.32605138668361267, 
                0.3461161482223329, 
                0.36745956979148015, 
                0.39014069491015857, 
                0.41427818614537865, 
                0.440059147476868, 
                0.4677455856930033, 
                0.4976781108827441, 
                0.530276531186135, 
                0.56603702795142, 
                0.6055256016481241, 
                0.6493674614541654, 
                0.6982320058765094, 
                0.7528130291871579, 
                0.8138038155071279, 
                0.8818668779897173, 
                0.9575982917923216, 
                1.0414868768123693, 
                1.1338689184397186, 
                1.2348796648629488, 
                1.344403481390829, 
                1.4620252282681874, 
                1.5869860903702797, 
                1.7181476395226276, 
                1.853968257108688, 
                1.9924960897780857, 
                2.131382370579898, 
                2.267918154740279, 
                2.399096277700776, 
                2.521698679750491, 
                2.6324072526088345, 
                2.727934202884504, 
                2.8051657981896034, 
                2.8613114962953228, 
                2.8940490918825676, 
                2.901655857317055, 
                2.8831158526120984, 
                2.8381946988718516, 
                2.767475109767029, 
                2.6723492109907037, 
                2.5549669065098213
            ], 
            "correctMedian": 0.929079386832468
        }, 
        "STAR": {
            "incorrect": [
                5.650108775112032, 
                6.058409368580909, 
                6.216895628650916, 
                6.119313789059482, 
                5.7943340860011805, 
                5.29719185008982, 
                4.696357872977585, 
                4.059471664107702, 
                3.442306007539798, 
                2.882863215112951, 
                2.4007125298673206, 
                2.000174901365294, 
                1.6753438638849734, 
                1.415132202181107, 
                1.2072004626770756, 
                1.0403626096076934, 
                0.9056140033523864, 
                0.7962002959292466, 
                0.7071848261902282, 
                0.6348733507185175, 
                0.5763116351330244, 
                0.5289451206983573, 
                0.4904464939723446, 
                0.45867580857559115, 
                0.4317249866284014, 
                0.4079992861466442, 
                0.3862940464468032, 
                0.3658339641347333, 
                0.34625562781887215, 
                0.32753194409248526, 
                0.3098557633036744, 
                0.2935132830966135, 
                0.27877999566601575, 
                0.26586111854548783, 
                0.2548783172702174, 
                0.24588384541510716, 
                0.2388722927783523, 
                0.233765481297639, 
                0.23036611902109627, 
                0.2283006889234295, 
                0.2269882123911526, 
                0.22566932766847486, 
                0.22350922886924335, 
                0.2197575551288033, 
                0.21392189138679665, 
                0.2059004498774891, 
                0.196028170850828, 
                0.18501566617532927, 
                0.17379335030768828, 
                0.16330272612324928, 
                0.15429317241532992, 
                0.1471799606853304, 
                0.14199838473574147, 
                0.1384574598441846, 
                0.13606647066572009, 
                0.1342896468344954, 
                0.13268347046603432, 
                0.13098483819000775, 
                0.12913836154580327, 
                0.1272689082406285, 
                0.1256163027421384, 
                0.12445295116835121, 
                0.12400459176721303, 
                0.12439138315517076, 
                0.12560123267213297, 
                0.12749907179968487, 
                0.12986562529580475, 
                0.13245031083071418, 
                0.13501925999978467, 
                0.13738321129976472, 
                0.13939976279356012, 
                0.14095578089852312, 
                0.14194364852306943, 
                0.14224640649624815, 
                0.14174164029582773, 
                0.14032472691449768, 
                0.13794262577924615, 
                0.13462356271781178, 
                0.13048829858013425, 
                0.12573559456739639, 
                0.12060564126979352, 
                0.1153359098415256, 
                0.11012874224307335, 
                0.10514555073091456, 
                0.10052943150296925, 
                0.09644171709619474, 
                0.09308669792570363, 
                0.09069952039348789, 
                0.0894869660846044, 
                0.0895340817620216, 
                0.09071070168879024, 
                0.0926197621116081, 
                0.09461861254211426, 
                0.09591890815807436, 
                0.09574120537533962, 
                0.09347998190322376, 
                0.0888316705114433, 
                0.0818522933468003, 
                0.07293497781308698, 
                0.0627209030819257
            ], 
            "incorrectMedian": 0.026911630629174656, 
            "correct": [
                0.11418046349420714, 
                0.12066117079633824, 
                0.12491064755314994, 
                0.12707556430406053, 
                0.12753455254798365, 
                0.12683814160529308, 
                0.12562488635174032, 
                0.1245297745453424, 
                0.12410105356260712, 
                0.12473825765748094, 
                0.12665879551429024, 
                0.1298945952097935, 
                0.13431532371863242, 
                0.13967129607734333, 
                0.14564743272736402, 
                0.15191921227129448, 
                0.1582021677652338, 
                0.16428793534250824, 
                0.17006220004795564, 
                0.17550307269372908, 
                0.18066216155441253, 
                0.1856341587661949, 
                0.19052316187293633, 
                0.1954143129940307, 
                0.20035731071223148, 
                0.2053643940300552, 
                0.21042073821059945, 
                0.21550142307485937, 
                0.2205875673184253, 
                0.22567539345379742, 
                0.23077537871174933, 
                0.23590289569515993, 
                0.24106520664327147, 
                0.2462510854374465, 
                0.2514283049137258, 
                0.2565512991067085, 
                0.26157768551016547, 
                0.2664893079971729, 
                0.2713119369686257, 
                0.2761279948779731, 
                0.2810783333903683, 
                0.2863515297381763, 
                0.29216173749778684, 
                0.29871833495992367, 
                0.3061921745222782, 
                0.3146839932812439, 
                0.3242004160330981, 
                0.334641966265215, 
                0.345805733367792, 
                0.3574031272236931, 
                0.3690909032941395, 
                0.38051177122839064, 
                0.3913396725203403, 
                0.4013242887436785, 
                0.4103294305967265, 
                0.41836054160195424, 
                0.4255775926273841, 
                0.4322912018036245, 
                0.43894193806035453, 
                0.44606533991574926, 
                0.4542478150067708, 
                0.4640806412731097, 
                0.4761200592944909, 
                0.49086042886741593, 
                0.508724601097965, 
                0.5300716195152492, 
                0.5552177201284167, 
                0.5844636619256315, 
                0.6181207310169716, 
                0.6565296534030767, 
                0.7000705022154428, 
                0.7491660459314987, 
                0.804284070952271, 
                0.8659446127266549, 
                0.9347353286165162, 
                1.01133326830279, 
                1.0965258187537474, 
                1.191219612314052, 
                1.296425048848963, 
                1.4132059737101539, 
                1.5425879970518483, 
                1.6854234187872712, 
                1.8422145663153573, 
                2.0129004435199214, 
                2.1966150092637293, 
                2.3914308760217486, 
                2.5941110715376277, 
                2.7999035624722395, 
                3.0024261223012605, 
                3.193698316744075, 
                3.364377155569138, 
                3.5042380944511398, 
                3.602910946717145, 
                3.650832815174182, 
                3.640324909930953, 
                3.5666496474450256, 
                3.428873777313468, 
                3.230365714454242, 
                2.978797370650745, 
                2.6855988345241166
            ], 
            "correctMedian": 0.9047101456920279
        }, 
        "GALAXY": {
            "incorrect": [
                4.026826408491132, 
                4.347585069330297, 
                4.552876525249059, 
                4.632419591481416, 
                4.588475395667136, 
                4.434637875494072, 
                4.192894288538521, 
                3.8897293817870833, 
                3.552155917430831, 
                3.204421272738262, 
                2.86584587474276, 
                2.549909062542282, 
                2.26441380499949, 
                2.0123928624932788, 
                1.7933751532191857, 
                1.6046846364808585, 
                1.4425504911688956, 
                1.3029238331268038, 
                1.1819922338962998, 
                1.0764440676335347, 
                0.9835590290037588, 
                0.9011970860767918, 
                0.8277381233130534, 
                0.7620010870226578, 
                0.7031537312233919, 
                0.6506160766693944, 
                0.6039613392529717, 
                0.5628229161776994, 
                0.5268198994949795, 
                0.4955130358008326, 
                0.4683974052591456, 
                0.4449292278144354, 
                0.42457527875904577, 
                0.4068674214211199, 
                0.3914436249610845, 
                0.37806093304461974, 
                0.36657418997921576, 
                0.35688478705623417, 
                0.34887338993139305, 
                0.34233656104673854, 
                0.3369472252800691, 
                0.3322526425207247, 
                0.3277127905589411, 
                0.3227704305930915, 
                0.3169355881026128, 
                0.3098643514108805, 
                0.3014149594796822, 
                0.2916710447785644, 
                0.2809295753708542, 
                0.26965712433353833, 
                0.2584218430738458, 
                0.2478106297223907, 
                0.23834253158057028, 
                0.2303907253264173, 
                0.22412572097492614, 
                0.21949051130136288, 
                0.21621360811222426, 
                0.21385892964303904, 
                0.21190411267788314, 
                0.20983305815898706, 
                0.20722574475826708, 
                0.20382886710129908, 
                0.19959421391703405, 
                0.19467723929900296, 
                0.18939543072772, 
                0.18415412969877837, 
                0.17935508824255336, 
                0.17530817435285798, 
                0.1721670509665554, 
                0.16990414363808742, 
                0.16832964780967716, 
                0.16714681900146577, 
                0.16602567400994112, 
                0.1646732392154154, 
                0.16288201508592964, 
                0.1605477545254347, 
                0.1576590290937165, 
                0.15426989008171715, 
                0.15047013535061332, 
                0.1463647811703343, 
                0.14206736721538057, 
                0.1377041319389764, 
                0.13342108879747722, 
                0.12938527426565627, 
                0.12577458387923812, 
                0.12275577330063177, 
                0.12045498979923905, 
                0.11892782658198196, 
                0.1181358262036321, 
                0.11793431197477763, 
                0.11807376445138157, 
                0.11821488788215222, 
                0.1179564546012152, 
                0.11687451005939674, 
                0.11457064503323326, 
                0.11072513508475579, 
                0.1051480099558962, 
                0.09781870652660558, 
                0.08890449019891386, 
                0.07875047959731721
            ], 
            "incorrectMedian": 0.05314843112652762, 
            "correct": [
                0.11280707474414306, 
                0.12363610542331926, 
                0.13144047612008286, 
                0.13584142992239898, 
                0.13684840585651356, 
                0.13485064069838273, 
                0.1305492993003095, 
                0.12484706460364806, 
                0.11871817296532437, 
                0.11308191944136169, 
                0.10869824941188296, 
                0.10609745720188983, 
                0.10554908885543154, 
                0.10706889903587138, 
                0.11045750579571527, 
                0.11536045115663972, 
                0.12133712619269396, 
                0.12792596738698364, 
                0.13469569553227367, 
                0.1412767283553348, 
                0.14737216800060682, 
                0.15275254352046672, 
                0.15724158331585064, 
                0.16070112333518846, 
                0.16302195370040118, 
                0.16412460593422024, 
                0.16397059996993163, 
                0.16258124472061364, 
                0.16005830635949753, 
                0.15659921628361004, 
                0.15249943610519281, 
                0.1481364732421817, 
                0.14393387777897904, 
                0.14030881969235842, 
                0.1376123464124192, 
                0.13607546682871882, 
                0.1357751255895643, 
                0.13663093648381552, 
                0.1384365045928305, 
                0.14091996072399335, 
                0.14381964106704878, 
                0.14695549724891627, 
                0.15027678819644733, 
                0.15387225539678315, 
                0.15793888608684595, 
                0.1627167088405478, 
                0.1684065243327145, 
                0.17509228096100243, 
                0.18268862144994516, 
                0.19092746078621148, 
                0.19938745013776246, 
                0.2075598212448874, 
                0.21493615297497098, 
                0.22109970946139365, 
                0.22580239527326182, 
                0.2290131882257153, 
                0.2309298528692261, 
                0.23195263542334263, 
                0.2326255450029067, 
                0.23355676780184653, 
                0.23533357074432865, 
                0.23844759759242634, 
                0.24324327772346876, 
                0.2498959187084276, 
                0.25841890311229415, 
                0.2686936525059358, 
                0.2805133637189438, 
                0.29363220565867715, 
                0.3078145171025691, 
                0.32288177911055443, 
                0.3387573324538254, 
                0.355509476918222, 
                0.3733930501671476, 
                0.3928884952153697, 
                0.4147364072959484, 
                0.43996521726444504, 
                0.4699108656085295, 
                0.5062310532846968, 
                0.5509233169153189, 
                0.6063642617626714, 
                0.6753924031107924, 
                0.761452292048989, 
                0.8687958112253191, 
                1.002694373707491, 
                1.1695579996374705, 
                1.3767995480725357, 
                1.6322507754837996, 
                1.9429625004578606, 
                2.3133297347027226, 
                2.742680143487585, 
                3.2227223141661834, 
                3.735499308685865, 
                4.252630707100917, 
                4.73654888927322, 
                5.144084730523217, 
                5.4321692194661475, 
                5.56473788916974, 
                5.519383048205896, 
                5.292123729452249, 
                4.898982134090644
            ], 
            "correctMedian": 0.9664205731130225
        }
    }, 
    "confusion": {
        "totalRows": 3655, 
        "perActual": {
            "QUASAR": {
                "perPredicted": {
                    "QUASAR": 313, 
                    "STAR": 10, 
                    "GALAXY": 22
                }, 
                "actualClassCount": 345.0
            }, 
            "STAR": {
                "perPredicted": {
                    "QUASAR": 37, 
                    "STAR": 1301, 
                    "GALAXY": 85
                }, 
                "actualClassCount": 1423.0
            }, 
            "GALAXY": {
                "perPredicted": {
                    "QUASAR": 19, 
                    "STAR": 170, 
                    "GALAXY": 1698
                }, 
                "actualClassCount": 1887.0
            }
        }
    }, 
    "metrics": {
        "f1": 0.8975276207143347, 
        "mcalibrationLoss": 0.01596731301748484, 
        "recall": 0.9071176767599979, 
        "precision": 0.8891397345512875, 
        "logLoss": 0.2953612165468427, 
        "mrocAUC": 0.9695937162339506, 
        "hammingLoss": 0.09384404924760602, 
        "accuracy": 0.906155950752394
    }, 
    "oneVsAllRocAUC": {
        "QUASAR": 0.9746232321905512, 
        "STAR": 0.9655527974872613, 
        "GALAXY": 0.9689882189882191
    }, 
    "classes": [
        "GALAXY", 
        "STAR", 
        "QUASAR"
    ], 
    "globalMetrics": {
        "predictionAvg": [
            0.5232771454341587, 
            0.38058347822125144, 
            0.09613937634458986
        ], 
        "predictionStd": [
            0.4234681858733268, 
            0.4012704838712454, 
            0.26018924124952847
        ], 
        "targetStd": [
            0.49980329884254554, 
            0.48766499536989916, 
            0.2924122632929286
        ], 
        "targetAvg": [
            0.5162790697674419, 
            0.3893296853625171, 
            0.09439124487004104
        ], 
        "testWeight": 3655
    }, 
    "oneVsAllRocCurves": {
        "QUASAR": [
            {
                "y": 0.0, 
                "x": 0.0, 
                "p": 1.9999999018359689
            }, 
            {
                "y": 0.04927536231884058, 
                "x": 0.0015105740181268882, 
                "p": 0.9950246269400971
            }, 
            {
                "y": 0.11594202898550725, 
                "x": 0.0018126888217522659, 
                "p": 0.9899247986806166
            }, 
            {
                "y": 0.22028985507246376, 
                "x": 0.0021148036253776435, 
                "p": 0.980832434583088
            }, 
            {
                "y": 0.30434782608695654, 
                "x": 0.002719033232628399, 
                "p": 0.970763514631715
            }, 
            {
                "y": 0.4, 
                "x": 0.0030211480362537764, 
                "p": 0.9562300985582983
            }, 
            {
                "y": 0.5971014492753624, 
                "x": 0.003323262839879154, 
                "p": 0.8996538123235133
            }, 
            {
                "y": 0.6579710144927536, 
                "x": 0.00392749244712991, 
                "p": 0.8666850302376607
            }, 
            {
                "y": 0.7101449275362319, 
                "x": 0.004531722054380665, 
                "p": 0.8413399135220082
            }, 
            {
                "y": 0.7623188405797101, 
                "x": 0.006042296072507553, 
                "p": 0.7784444803516758
            }, 
            {
                "y": 0.8144927536231884, 
                "x": 0.0075528700906344415, 
                "p": 0.6849154074777591
            }, 
            {
                "y": 0.863768115942029, 
                "x": 0.010574018126888218, 
                "p": 0.5329510838736748
            }, 
            {
                "y": 0.9101449275362319, 
                "x": 0.01661631419939577, 
                "p": 0.28797121413460414
            }, 
            {
                "y": 0.9391304347826087, 
                "x": 0.0404833836858006, 
                "p": 0.06397495588258649
            }, 
            {
                "y": 0.9507246376811594, 
                "x": 0.1054380664652568, 
                "p": 0.02315428351170583
            }, 
            {
                "y": 0.9565217391304348, 
                "x": 0.17401812688821752, 
                "p": 0.015265248734365069
            }, 
            {
                "y": 0.9594202898550724, 
                "x": 0.2552870090634441, 
                "p": 0.010926302570351727
            }, 
            {
                "y": 0.9710144927536232, 
                "x": 0.39818731117824774, 
                "p": 0.007049416034401297
            }, 
            {
                "y": 0.9768115942028985, 
                "x": 0.48851963746223565, 
                "p": 0.005559512099022027
            }, 
            {
                "y": 0.9884057971014493, 
                "x": 0.5287009063444109, 
                "p": 0.004945178395043972
            }, 
            {
                "y": 0.9884057971014493, 
                "x": 0.5978851963746223, 
                "p": 0.004062126436892493
            }, 
            {
                "y": 0.9942028985507246, 
                "x": 0.6954682779456194, 
                "p": 0.00301673385057859
            }, 
            {
                "y": 0.9971014492753624, 
                "x": 0.748036253776435, 
                "p": 0.0025309002595160918
            }, 
            {
                "y": 1.0, 
                "x": 1.0, 
                "p": 4.97461669570232e-06
            }
        ], 
        "STAR": [
            {
                "y": 0.0, 
                "x": 0.0, 
                "p": 1.9999945797829235
            }, 
            {
                "y": 0.05832747716092762, 
                "x": 0.0008960573476702509, 
                "p": 0.9968968062625926
            }, 
            {
                "y": 0.16584680252986647, 
                "x": 0.002240143369175627, 
                "p": 0.9759256205488147
            }, 
            {
                "y": 0.22557976106816585, 
                "x": 0.0035842293906810036, 
                "p": 0.9650653177836104
            }, 
            {
                "y": 0.28109627547434995, 
                "x": 0.005824372759856631, 
                "p": 0.9539871799986344
            }, 
            {
                "y": 0.3323963457484188, 
                "x": 0.007168458781362007, 
                "p": 0.9442559431938075
            }, 
            {
                "y": 0.38229093464511593, 
                "x": 0.008512544802867384, 
                "p": 0.9347401303473585
            }, 
            {
                "y": 0.533380182712579, 
                "x": 0.010752688172043012, 
                "p": 0.8930823128452774
            }, 
            {
                "y": 0.5895994378074491, 
                "x": 0.012544802867383513, 
                "p": 0.8711493614343314
            }, 
            {
                "y": 0.6387912860154603, 
                "x": 0.01568100358422939, 
                "p": 0.8475254650866836
            }, 
            {
                "y": 0.7013352073085032, 
                "x": 0.018369175627240143, 
                "p": 0.8102879561026998
            }, 
            {
                "y": 0.7456078706957133, 
                "x": 0.025089605734767026, 
                "p": 0.7715550816796274
            }, 
            {
                "y": 0.7870695713281799, 
                "x": 0.034050179211469536, 
                "p": 0.7185724009109715
            }, 
            {
                "y": 0.8320449754040758, 
                "x": 0.043010752688172046, 
                "p": 0.6407382261700119
            }, 
            {
                "y": 0.8706957132817991, 
                "x": 0.05465949820788531, 
                "p": 0.5512875995586245
            }, 
            {
                "y": 0.9058327477160928, 
                "x": 0.06989247311827956, 
                "p": 0.4534869831932041
            }, 
            {
                "y": 0.9346451159522137, 
                "x": 0.09453405017921147, 
                "p": 0.35127774708821924
            }, 
            {
                "y": 0.9578355586788475, 
                "x": 0.12410394265232975, 
                "p": 0.25017397036846106
            }, 
            {
                "y": 0.9711876317638791, 
                "x": 0.16084229390681004, 
                "p": 0.17253373132284713
            }, 
            {
                "y": 0.9789177793394237, 
                "x": 0.2060931899641577, 
                "p": 0.12349705503884466
            }, 
            {
                "y": 0.9824314827828531, 
                "x": 0.2540322580645161, 
                "p": 0.09215617789360528
            }, 
            {
                "y": 0.9838369641602249, 
                "x": 0.33512544802867383, 
                "p": 0.05840907702673771
            }, 
            {
                "y": 0.9859451862262825, 
                "x": 0.39919354838709675, 
                "p": 0.04272696028050624
            }, 
            {
                "y": 0.9866479269149684, 
                "x": 0.48342293906810035, 
                "p": 0.029170124486788258
            }, 
            {
                "y": 0.988756148981026, 
                "x": 0.5887096774193549, 
                "p": 0.018652519257383978
            }, 
            {
                "y": 0.9901616303583978, 
                "x": 0.6841397849462365, 
                "p": 0.01152563023134504
            }, 
            {
                "y": 0.9915671117357695, 
                "x": 0.7970430107526881, 
                "p": 0.006045012589667438
            }, 
            {
                "y": 0.9936753338018272, 
                "x": 0.8817204301075269, 
                "p": 0.0029880827359313905
            }, 
            {
                "y": 0.994378074490513, 
                "x": 0.9901433691756273, 
                "p": 0.00038841250490814387
            }, 
            {
                "y": 1.0, 
                "x": 1.0, 
                "p": 3.271078303685051e-08
            }
        ], 
        "GALAXY": [
            {
                "y": 0.0, 
                "x": 0.0, 
                "p": 1.9986739103970685
            }, 
            {
                "y": 0.07790143084260731, 
                "x": 0.0, 
                "p": 0.9947935535780192
            }, 
            {
                "y": 0.13036565977742448, 
                "x": 0.0011312217194570137, 
                "p": 0.9923793991832194
            }, 
            {
                "y": 0.1981981981981982, 
                "x": 0.002828054298642534, 
                "p": 0.989135348445926
            }, 
            {
                "y": 0.3942766295707472, 
                "x": 0.003959276018099547, 
                "p": 0.9770386748652516
            }, 
            {
                "y": 0.48966613672496023, 
                "x": 0.006221719457013574, 
                "p": 0.967646375198174
            }, 
            {
                "y": 0.5532591414944356, 
                "x": 0.006787330316742082, 
                "p": 0.959993122752924
            }, 
            {
                "y": 0.6269210386857446, 
                "x": 0.008484162895927601, 
                "p": 0.9444820425623036
            }, 
            {
                "y": 0.6894541600423953, 
                "x": 0.010746606334841629, 
                "p": 0.9275159791696074
            }, 
            {
                "y": 0.739268680445151, 
                "x": 0.013574660633484163, 
                "p": 0.9027788419825823
            }, 
            {
                "y": 0.7922628510863805, 
                "x": 0.01753393665158371, 
                "p": 0.8636954244010374
            }, 
            {
                "y": 0.8341282458929518, 
                "x": 0.026583710407239818, 
                "p": 0.8026577326309833
            }, 
            {
                "y": 0.8712241653418124, 
                "x": 0.04072398190045249, 
                "p": 0.7157747183207079
            }, 
            {
                "y": 0.9009009009009009, 
                "x": 0.06108597285067873, 
                "p": 0.6049463585088165
            }, 
            {
                "y": 0.9279279279279279, 
                "x": 0.08484162895927602, 
                "p": 0.49541338232342674
            }, 
            {
                "y": 0.9443561208267091, 
                "x": 0.11877828054298642, 
                "p": 0.3865771034900598
            }, 
            {
                "y": 0.9560148383677796, 
                "x": 0.15723981900452488, 
                "p": 0.2915955035325822
            }, 
            {
                "y": 0.9682034976152624, 
                "x": 0.19513574660633484, 
                "p": 0.22059457814618105
            }, 
            {
                "y": 0.9750927397986221, 
                "x": 0.24773755656108598, 
                "p": 0.1652810099345303
            }, 
            {
                "y": 0.9793322734499205, 
                "x": 0.29638009049773756, 
                "p": 0.13394678223070833
            }, 
            {
                "y": 0.9809220985691574, 
                "x": 0.34502262443438914, 
                "p": 0.1077176209598412
            }, 
            {
                "y": 0.9819819819819819, 
                "x": 0.3998868778280543, 
                "p": 0.08119081492743001
            }, 
            {
                "y": 0.9846316905140434, 
                "x": 0.45475113122171945, 
                "p": 0.06576402162775519
            }, 
            {
                "y": 0.9867514573396926, 
                "x": 0.5486425339366516, 
                "p": 0.044433282706302334
            }, 
            {
                "y": 0.9894011658717541, 
                "x": 0.6102941176470589, 
                "p": 0.03372920012547338
            }, 
            {
                "y": 0.990990990990991, 
                "x": 0.6617647058823529, 
                "p": 0.025595131933122593
            }, 
            {
                "y": 0.9915209326974033, 
                "x": 0.7126696832579186, 
                "p": 0.018629260835040004
            }, 
            {
                "y": 0.994700582935877, 
                "x": 0.7641402714932126, 
                "p": 0.013202561822041943
            }, 
            {
                "y": 0.9962904080551139, 
                "x": 0.8410633484162896, 
                "p": 0.006304068196936992
            }, 
            {
                "y": 0.9978802331743508, 
                "x": 0.9049773755656109, 
                "p": 0.0026218170795775015
            }, 
            {
                "y": 0.9989401165871754, 
                "x": 0.9632352941176471, 
                "p": 3.669425589325142e-06
            }, 
            {
                "y": 1.0, 
                "x": 1.0, 
                "p": 9.44951874108558e-10
            }
        ]
    }, 
    "processed_feature_names": [
        "A", 
        "B", 
        "C", 
        "D", 
        "E", 
        "F", 
        "G", 
        "H", 
        "I", 
        "J", 
        "camcol", 
        "dec", 
        "field", 
        "g", 
        "i", 
        "r", 
        "ra", 
        "run", 
        "u", 
        "z"
    ]
}