{
  "state": "DONE",
  "preSearchDescription": {
    "gridLength": 1,
    "searchStrategy": "GRID",
    "importantParams": [
      {
        "name": "kernel",
        "vals": [
          "rbf"
        ]
      },
      {
        "name": "C",
        "vals": [
          "1.0"
        ]
      },
      {
        "name": "Gamma",
        "vals": [
          "scale"
        ]
      }
    ]
  },
  "postSearchDescription": {
    "importantParams": [
      {
        "name": "kernel",
        "val": "rbf"
      },
      {
        "name": "C",
        "val": "1.0"
      },
      {
        "name": "gamma",
        "val": "scale"
      }
    ]
  },
  "resumed": false,
  "timeOrderingEnabled": false,
  "sampleWeightsEnabled": false,
  "modelId": "m1",
  "progress": {
    "top_level_todo": [],
    "stack": [],
    "top_level_done": [
      {
        "name": "Loading train set",
        "time": 58
      },
      {
        "name": "Loading test set",
        "time": 17
      },
      {
        "name": "Collecting statistics",
        "time": 26
      },
      {
        "name": "Preprocessing train set",
        "time": 108
      },
      {
        "name": "Preprocessing test set",
        "time": 27
      },
      {
        "name": "Fitting model",
        "time": 48231
      },
      {
        "name": "Saving model",
        "time": 17
      },
      {
        "name": "Scoring model",
        "time": 1697
      }
    ]
  },
  "startTime": 1635183367945,
  "endTime": 1635183418659,
  "preprocessingTime": 239,
  "trainingTime": 50475,
  "hyperparamsSearchTime": 0
}