{
  "description": "",
  "name": "SVM (test#1)",
  "starred": false,
  "clusterMetas": {},
  "customMeta": {
    "kv": {}
  },
  "tags": [],
  "activeClassifierThreshold": 0.0,
  "labels": [
    {
      "key": "trainDataset:dataset-name",
      "value": "train_sky_position_joined_prepared"
    },
    {
      "key": "testDataset:dataset-name",
      "value": "train_sky_position_joined_prepared"
    },
    {
      "key": "model:date",
      "value": "2021-10-25 19:36:01"
    },
    {
      "key": "model:algorithm",
      "value": "SVC_CLASSIFICATION"
    }
  ]
}