{
    "oneVsAllCalibrationCurves": {
        "QUASAR": [
            {
                "y": 0, 
                "x": 0, 
                "n": 0
            }, 
            {
                "y": 0.004710632570659489, 
                "x": 0.024652284804602218, 
                "n": 1486.0
            }, 
            {
                "y": 0.05, 
                "x": 0.14179365098130575, 
                "n": 60.0
            }, 
            {
                "y": 0.1, 
                "x": 0.24114750257859188, 
                "n": 30.0
            }, 
            {
                "y": 0.2727272727272727, 
                "x": 0.34195742840934495, 
                "n": 11.0
            }, 
            {
                "y": 0.3, 
                "x": 0.4557838915714189, 
                "n": 10.0
            }, 
            {
                "y": 0.46153846153846156, 
                "x": 0.5489058846955186, 
                "n": 13.0
            }, 
            {
                "y": 0.7142857142857143, 
                "x": 0.6562374840072208, 
                "n": 7.0
            }, 
            {
                "y": 0.88, 
                "x": 0.7494766985327225, 
                "n": 25.0
            }, 
            {
                "y": 0.9354838709677419, 
                "x": 0.8540391984746811, 
                "n": 31.0
            }, 
            {
                "y": 0.984251968503937, 
                "x": 0.9664806306881374, 
                "n": 127.0
            }, 
            {
                "y": 1, 
                "x": 1, 
                "n": 0
            }
        ], 
        "STAR": [
            {
                "y": 0, 
                "x": 0, 
                "n": 0
            }, 
            {
                "y": 0.001869158878504673, 
                "x": 0.05469906357819525, 
                "n": 535.0
            }, 
            {
                "y": 0.027874564459930314, 
                "x": 0.14153447006018324, 
                "n": 287.0
            }, 
            {
                "y": 0.12903225806451613, 
                "x": 0.2466676479705593, 
                "n": 155.0
            }, 
            {
                "y": 0.26785714285714285, 
                "x": 0.348622337093986, 
                "n": 112.0
            }, 
            {
                "y": 0.43, 
                "x": 0.4441734394401948, 
                "n": 100.0
            }, 
            {
                "y": 0.5142857142857142, 
                "x": 0.5469730677866235, 
                "n": 70.0
            }, 
            {
                "y": 0.6629213483146067, 
                "x": 0.6501105935555846, 
                "n": 89.0
            }, 
            {
                "y": 0.8978102189781022, 
                "x": 0.7500071438721699, 
                "n": 137.0
            }, 
            {
                "y": 0.9627659574468085, 
                "x": 0.8543115745922646, 
                "n": 188.0
            }, 
            {
                "y": 0.984251968503937, 
                "x": 0.9372635549869686, 
                "n": 127.0
            }, 
            {
                "y": 1, 
                "x": 1, 
                "n": 0
            }
        ], 
        "GALAXY": [
            {
                "y": 0, 
                "x": 0, 
                "n": 0
            }, 
            {
                "y": 0.02696078431372549, 
                "x": 0.0340753392124006, 
                "n": 408.0
            }, 
            {
                "y": 0.07954545454545454, 
                "x": 0.14396235683386674, 
                "n": 176.0
            }, 
            {
                "y": 0.192, 
                "x": 0.2442576718616836, 
                "n": 125.0
            }, 
            {
                "y": 0.31645569620253167, 
                "x": 0.3472887924363096, 
                "n": 79.0
            }, 
            {
                "y": 0.5, 
                "x": 0.449533631634294, 
                "n": 78.0
            }, 
            {
                "y": 0.6666666666666666, 
                "x": 0.5570585409964837, 
                "n": 96.0
            }, 
            {
                "y": 0.7788461538461539, 
                "x": 0.6532726429279848, 
                "n": 104.0
            }, 
            {
                "y": 0.8888888888888888, 
                "x": 0.753592677049048, 
                "n": 135.0
            }, 
            {
                "y": 0.9808306709265175, 
                "x": 0.8599218911023252, 
                "n": 313.0
            }, 
            {
                "y": 0.9895104895104895, 
                "x": 0.9262848720217302, 
                "n": 286.0
            }, 
            {
                "y": 1, 
                "x": 1, 
                "n": 0
            }
        ]
    }, 
    "oneVsAllCalibrationLoss": {
        "QUASAR": 0.02848980632425364, 
        "STAR": 0.07756398264279347, 
        "GALAXY": 0.06939916778004833
    }, 
    "densityData": {
        "QUASAR": {
            "incorrect": [
                10.211222013818189, 
                13.068752806839289, 
                14.021792257541188, 
                12.76608068687816, 
                10.052491062218166, 
                7.060394652511585, 
                4.632484995277236, 
                3.001600721026648, 
                2.002666525130702, 
                1.3882176389833556, 
                0.9908178703847308, 
                0.7297225558984389, 
                0.5637591823028716, 
                0.4612199291709286, 
                0.39612357275613436, 
                0.351175395871785, 
                0.3161516586412003, 
                0.2858490504477819, 
                0.260496763199643, 
                0.2436365542652442, 
                0.23592170523969289, 
                0.23165225333012984, 
                0.22290909521578472, 
                0.20660106821361, 
                0.1859722542890012, 
                0.16516472310815522, 
                0.1444897926536264, 
                0.12243779204778964, 
                0.10036629323966291, 
                0.08258708590473686, 
                0.07201528160050139, 
                0.06747434090378963, 
                0.06557635800208444, 
                0.06386790259610767, 
                0.06135122180149524, 
                0.057106849996191804, 
                0.05003450110602255, 
                0.04005034452084681, 
                0.028737808084118383, 
                0.01870768073921797, 
                0.012638869520954126, 
                0.012616687204456932, 
                0.019385976035068985, 
                0.03138719050822804, 
                0.044783674147538866, 
                0.05548917655503005, 
                0.061416428234237715, 
                0.06251458410222474, 
                0.05987240224957871, 
                0.05614593667952942, 
                0.05523470783516543, 
                0.058768738234464296, 
                0.06322185865740322, 
                0.06290266965199512, 
                0.05609122341292463, 
                0.04641070210505436, 
                0.037983291507863025, 
                0.03129355284257885, 
                0.024609083781028194, 
                0.017657759871325392, 
                0.01233108847494501, 
                0.010323488675741134, 
                0.011154175077820178, 
                0.012610001497834271, 
                0.012866052663485682, 
                0.012088978111805098, 
                0.011892478628674355, 
                0.013408255084574303, 
                0.016373608540446748, 
                0.02001584281699331, 
                0.023796208499979724, 
                0.02668909949054364, 
                0.02683045627579138, 
                0.02326738082046211, 
                0.01770569393319639, 
                0.013360339367828258, 
                0.01197396581147187, 
                0.012454201565569721, 
                0.012391158107504777, 
                0.010578991579548764, 
                0.008057076477886595, 
                0.007097278929657394, 
                0.009420980640116164, 
                0.014828859680838927, 
                0.02079748657172818, 
                0.02373552297916094, 
                0.02163143775354311, 
                0.01569111746243192, 
                0.009081179866062904, 
                0.004323898867975305, 
                0.0021785709997310812, 
                0.002431405606816399, 
                0.00488723882356058, 
                0.009337701065023624, 
                0.01485406902470332, 
                0.019550203502203486, 
                0.021407626399067743, 
                0.01955236149591783, 
                0.014855203883231246, 
                0.009323002541921581
            ], 
            "incorrectMedian": 0.021420783343758753, 
            "correct": [
                0.15558471795746961, 
                0.1664154863934408, 
                0.17606163902751767, 
                0.18430465206755828, 
                0.19097977869461236, 
                0.19598497286915711, 
                0.19928581143658955, 
                0.20091607829356492, 
                0.2009740675515333, 
                0.19961503829668514, 
                0.19704056818660026, 
                0.1934857729167144, 
                0.18920546397772608, 
                0.18446030499078034, 
                0.17950391003110802, 
                0.1745716313609655, 
                0.16987154245081276, 
                0.16557787074100336, 
                0.16182690538414313, 
                0.158715222197754, 
                0.15629994441342634, 
                0.15460069531767198, 
                0.15360288942703187, 
                0.1532620374472525, 
                0.1535087889399605, 
                0.15425448819118515, 
                0.15539705999282613, 
                0.15682706541893945, 
                0.15843377187471014, 
                0.1601110706510771, 
                0.16176305632269128, 
                0.16330906425473465, 
                0.16468795319201576, 
                0.16586142522029426, 
                0.16681619839299427, 
                0.1675648884644037, 
                0.16814551395014019, 
                0.16861961048352325, 
                0.16906902298567855, 
                0.1695915340808055, 
                0.17029558051192953, 
                0.171294400974563, 
                0.17270004191987487, 
                0.1746177134302978, 
                0.17714102420416328, 
                0.18034862100184615, 
                0.18430270246332836, 
                0.18904976214956154, 
                0.1946237390375195, 
                0.20105152176591062, 
                0.20836048156637282, 
                0.21658742360675778, 
                0.22578808113323523, 
                0.23604606989530588, 
                0.24748011053949545, 
                0.26024834699081645, 
                0.2745487607230934, 
                0.29061500875537655, 
                0.3087074811217258, 
                0.32909994358471945, 
                0.3520627457392489, 
                0.37784416086124756, 
                0.40665190266850576, 
                0.43863715971820977, 
                0.473883538697133, 
                0.5124030753890135, 
                0.5541409494893532, 
                0.5989897534560205, 
                0.6468131753995982, 
                0.6974778472800861, 
                0.7508909853086165, 
                0.8070404188617529, 
                0.8660327728858412, 
                0.9281250299017038, 
                0.9937445268346896, 
                1.0634926942168728, 
                1.1381285547401272, 
                1.2185291759127874, 
                1.3056259026946928, 
                1.4003172323781916, 
                1.5033615447920428, 
                1.6152554223198279, 
                1.7361057828745445, 
                1.8655062438734238, 
                2.0024297328141265, 
                2.1451500446163814, 
                2.291204534975079, 
                2.4374082380007156, 
                2.5799263539938004, 
                2.714407405036741, 
                2.836173745698625, 
                2.9404600825635074, 
                3.022684884615848, 
                3.078734804164053, 
                3.1052391772669563, 
                3.09981087662376, 
                3.0612315322235495, 
                2.9895633735354203, 
                2.8861762962854085, 
                2.7536865266961685
            ], 
            "correctMedian": 0.9459367905093206
        }, 
        "STAR": {
            "incorrect": [
                2.055535060655297, 
                2.4976121721868068, 
                2.931935660564411, 
                3.3297779781828045, 
                3.664267486089283, 
                3.9141598111844402, 
                4.066643715235879, 
                4.118603807697748, 
                4.076164579210874, 
                3.9527731995206454, 
                3.7664051655888406, 
                3.536604483181711, 
                3.281980834061308, 
                3.018537427269116, 
                2.758899506507673, 
                2.512263584533054, 
                2.284763856609273, 
                2.0799683276372027, 
                1.8993302914510137, 
                1.74255778062615, 
                1.607956693263282, 
                1.492819508536547, 
                1.393882488289201, 
                1.307803585270158, 
                1.2315692661950064, 
                1.162747764623382, 
                1.0995617921103413, 
                1.0408219381573036, 
                0.9858041405743919, 
                0.9341490945174866, 
                0.8858149504657007, 
                0.8410566612322556, 
                0.8003704800751766, 
                0.7643505687685131, 
                0.7334518611556329, 
                0.7077136034754181, 
                0.6865392032199175, 
                0.66862814284707, 
                0.6521128623547637, 
                0.6348852131763737, 
                0.6150308437322546, 
                0.5912508019799615, 
                0.5631509505564828, 
                0.531319363352542, 
                0.49717476225541185, 
                0.4626338611798538, 
                0.429691934003622, 
                0.4000262893030957, 
                0.3747149627287861, 
                0.35412183298243566, 
                0.33795004810226975, 
                0.32542392061564596, 
                0.3155357775276686, 
                0.3072911377864411, 
                0.2998987403479868, 
                0.292873908002516, 
                0.28604757556783716, 
                0.2794944200786536, 
                0.2734092715855618, 
                0.2679695295716715, 
                0.26322117124868966, 
                0.2590167319037428, 
                0.25501731750671985, 
                0.25075189868020675, 
                0.24571181006264875, 
                0.23945139047921196, 
                0.23166854242908622, 
                0.22224921056731659, 
                0.21127241192476037, 
                0.19898261587417657, 
                0.18574138473799434, 
                0.17197056653413137, 
                0.15809711490011494, 
                0.14450693647772375, 
                0.13151292362720976, 
                0.11934015012734217, 
                0.10812838930086897, 
                0.09794860941582968, 
                0.08882680276199005, 
                0.0807667447239732, 
                0.07376401228095132, 
                0.06780683769290767, 
                0.0628641834918781, 
                0.05886625928715308, 
                0.0556859605801501, 
                0.053130236274072005, 
                0.05094784870580922, 
                0.04885504950888131, 
                0.046574908933473255, 
                0.04388134630961218, 
                0.04063692478496573, 
                0.03681484341883331, 
                0.03249974737307387, 
                0.027867536172831265, 
                0.0231495288468297, 
                0.018589704805497858, 
                0.014404547961036959, 
                0.01075334788799258, 
                0.007723389480502537, 
                0.005330413725919827
            ], 
            "incorrectMedian": 0.11276635703487263, 
            "correct": [
                0.005544128049619756, 
                0.007764775775180406, 
                0.010644142422565412, 
                0.014292850117245081, 
                0.018815631362859526, 
                0.024305358169822364, 
                0.030838031307294952, 
                0.03846953679076512, 
                0.047234711253067135, 
                0.057148795890387453, 
                0.06821076296659166, 
                0.08040739352105371, 
                0.09371654522757093, 
                0.10810796794801845, 
                0.12354045291047412, 
                0.1399550771095688, 
                0.15726568817338013, 
                0.17534923096881125, 
                0.1940395665082557, 
                0.2131285860537345, 
                0.23237736187103697, 
                0.2515378315316819, 
                0.2703825477122325, 
                0.28873716737806815, 
                0.30650856435829266, 
                0.3237014888781353, 
                0.3404188093638727, 
                0.35684411321644327, 
                0.37320976494162184, 
                0.38975709114309476, 
                0.4066970367601758, 
                0.4241788859319529, 
                0.44227176701119636, 
                0.46095970264059116, 
                0.48014731147247885, 
                0.4996711364349071, 
                0.5193115637420138, 
                0.5388021883008558, 
                0.5578363670559477, 
                0.5760733750236836, 
                0.5931480136320431, 
                0.6086872459737952, 
                0.6223356534332452, 
                0.6337889473990106, 
                0.6428323292046919, 
                0.649378880805831, 
                0.6535026753392763, 
                0.6554617754400681, 
                0.6557073489692106, 
                0.6548764161528726, 
                0.6537671230711274, 
                0.6532970492798598, 
                0.6544471274599777, 
                0.6581963148410325, 
                0.6654548212615649, 
                0.6770056266747879, 
                0.6934641638015602, 
                0.715263600464163, 
                0.7426680655096172, 
                0.7758093691060568, 
                0.8147361246841393, 
                0.8594599187490015, 
                0.9099831215431528, 
                0.9662977441347949, 
                1.0283535014169232, 
                1.096003561236467, 
                1.1689451983047854, 
                1.2466768005779036, 
                1.32849065711399, 
                1.4135127387226398, 
                1.500788138179772, 
                1.5893971506180202, 
                1.6785757819062102, 
                1.7678089173960487, 
                1.8568663468630295, 
                1.945761490482482, 
                2.034628371843591, 
                2.1235309716581376, 
                2.2122364567108677, 
                2.2999956981105867, 
                2.3853776542786744, 
                2.4661971309530815, 
                2.5395591506879764, 
                2.602021163167853, 
                2.6498518407429215, 
                2.6793478034711518, 
                2.6871615414943335, 
                2.6705965777013154, 
                2.6278378237639335, 
                2.558101740945036, 
                2.4617068066785994, 
                2.3400752266729516, 
                2.195679619616087, 
                2.031944502249353, 
                1.8531053940622997, 
                1.6640228674531838, 
                1.4699486185439672, 
                1.2762469202812556, 
                1.088085981110362, 
                0.9101258225598692
            ], 
            "correctMedian": 0.7941819122212119
        }, 
        "GALAXY": {
            "incorrect": [
                2.7821180128830765, 
                3.00347104339377, 
                3.1680138490615426, 
                3.2706684528405208, 
                3.311688818808701, 
                3.296136982086726, 
                3.232708693929207, 
                3.13219295153736, 
                3.005892025857637, 
                2.8642871798842875, 
                2.716132385905736, 
                2.5680311326636143, 
                2.42443803433519, 
                2.287954506778412, 
                2.159765944739252, 
                2.0400894990519456, 
                1.9285487560267056, 
                1.8244436858449087, 
                1.7269248232597147, 
                1.6351016977309756, 
                1.5481174712067156, 
                1.4652109506983095, 
                1.3857721659712248, 
                1.3093858089574073, 
                1.2358519572512119, 
                1.1651758911399717, 
                1.0975259893792941, 
                1.0331670719126038, 
                0.9723829567693589, 
                0.9154045265700871, 
                0.8623578857927744, 
                0.8132420632330757, 
                0.7679386751039134, 
                0.7262486950339856, 
                0.6879455137440307, 
                0.6528300133373106, 
                0.6207731587726266, 
                0.5917347506257798, 
                0.5657529109087995, 
                0.5429063088099211, 
                0.5232582933958349, 
                0.5067971037092042, 
                0.49338771889441285, 
                0.48274815048952546, 
                0.4744566959920736, 
                0.4679885715229938, 
                0.46277273401767144, 
                0.458254801208457, 
                0.4539511733374944, 
                0.44948286042482144, 
                0.4445839104416353, 
                0.4390866144178444, 
                0.43289157971232706, 
                0.4259336737299497, 
                0.41815423207334546, 
                0.409486471109122, 
                0.3998562339108647, 
                0.3891957016537207, 
                0.37746475523233763, 
                0.3646737155086227, 
                0.35090188813922985, 
                0.3363079083819402, 
                0.321129556077961, 
                0.30567209665232536, 
                0.29028536855161535, 
                0.275331116802029, 
                0.26114371849818524, 
                0.24798933004002227, 
                0.2360300347764249, 
                0.22529999231310788, 
                0.2156992868978885, 
                0.20700810996145844, 
                0.1989197625397213, 
                0.19108690337387935, 
                0.18317272601589366, 
                0.17489810690648463, 
                0.1660772630978846, 
                0.1566374141490481, 
                0.14662130032954124, 
                0.1361742019984226, 
                0.12551882791012517, 
                0.1149221543373471, 
                0.10465844282358114, 
                0.09497270903550802, 
                0.08604903549885633, 
                0.07798809662811866, 
                0.07079763248959978, 
                0.0643979875371215, 
                0.058642234491662594, 
                0.05334735638729982, 
                0.048330350710118666, 
                0.043441849678783326, 
                0.038590444367880894, 
                0.03375326420917202, 
                0.028971803472046673, 
                0.024335469010027564, 
                0.019957857808503336, 
                0.015951748233280865, 
                0.01240813973805742, 
                0.009382830006144403
            ], 
            "incorrectMedian": 0.11019252374543684, 
            "correct": [
                0.05072053674548665, 
                0.05960647272053904, 
                0.06894562221133725, 
                0.07858119611678217, 
                0.0883416154791021, 
                0.09804595550519596, 
                0.10751200809028867, 
                0.1165676921605036, 
                0.12506532595873246, 
                0.13289688589291931, 
                0.14000737266065105, 
                0.14640323736290803, 
                0.15215363469386078, 
                0.15738383907078865, 
                0.1622619616759817, 
                0.1669815240975167, 
                0.17174299517744024, 
                0.17673691703916888, 
                0.182129959443449, 
                0.18805370409062616, 
                0.19459487754036217, 
                0.20178571941496132, 
                0.20959441127080625, 
                0.21791766124571352, 
                0.22657974105939926, 
                0.2353432905153098, 
                0.24393597301444508, 
                0.25209320504633353, 
                0.2596113947299833, 
                0.26640020351178323, 
                0.27251869782995997, 
                0.2781810230887497, 
                0.2837233079728156, 
                0.2895338976194278, 
                0.2959608562892704, 
                0.3032200520009439, 
                0.31133042355386153, 
                0.32009834918097163, 
                0.32916111196886344, 
                0.3380835594656809, 
                0.346486939973112, 
                0.3541791539001966, 
                0.36125411037638905, 
                0.36813469914838615, 
                0.3755467411637004, 
                0.38442638059131934, 
                0.39577692562143285, 
                0.4105004999509015, 
                0.42923402244759074, 
                0.45221829476821285, 
                0.47922422114719004, 
                0.5095521979418159, 
                0.5421100183129587, 
                0.575561875648625, 
                0.6085275725159355, 
                0.6397992733807993, 
                0.6685362714578292, 
                0.6943992349872172, 
                0.7175956492432485, 
                0.7388264470593643, 
                0.7591460877455019, 
                0.7797687140197085, 
                0.8018655926113164, 
                0.8263999909684083, 
                0.8540346491741556, 
                0.8851275124290718, 
                0.9198094234581176, 
                0.9581195186582829, 
                1.000164780212267, 
                1.046270852242747, 
                1.0970995428522379, 
                1.1537197283561118, 
                1.2176276456431798, 
                1.2907165401138856, 
                1.3751940433415812, 
                1.4734411017828883, 
                1.587802998213605, 
                1.720304967847482, 
                1.8722941610115738, 
                2.0440256155831538, 
                2.234229485784163, 
                2.4397157408658705, 
                2.655086493026413, 
                2.872631287131929, 
                3.082474213045272, 
                3.2730216035627318, 
                3.4317246009946065, 
                3.5461234453261863, 
                3.6050849070039392, 
                3.6000901740105187, 
                3.526390708952807, 
                3.3838380021324057, 
                3.177219993440343, 
                2.916004034056423, 
                2.6134841094969192, 
                2.2854385690891776, 
                1.9484979647577254, 
                1.618476815271951, 
                1.3089238017367366, 
                1.0300921675381998
            ], 
            "correctMedian": 0.8498840955114845
        }
    }, 
    "confusion": {
        "totalRows": 1800, 
        "perActual": {
            "QUASAR": {
                "perPredicted": {
                    "QUASAR": 191, 
                    "STAR": 7, 
                    "GALAXY": 8
                }, 
                "actualClassCount": 206.0
            }, 
            "STAR": {
                "perPredicted": {
                    "QUASAR": 11, 
                    "STAR": 531, 
                    "GALAXY": 84
                }, 
                "actualClassCount": 626.0
            }, 
            "GALAXY": {
                "perPredicted": {
                    "QUASAR": 10, 
                    "STAR": 93, 
                    "GALAXY": 865
                }, 
                "actualClassCount": 968.0
            }
        }
    }, 
    "metrics": {
        "f1": 0.8858152106236518, 
        "mcalibrationLoss": 0.058484318915698476, 
        "recall": 0.8896741062811095, 
        "precision": 0.8821103465106591, 
        "logLoss": 0.3420661458924059, 
        "mrocAUC": 0.9740230095993618, 
        "hammingLoss": 0.11833333333333333, 
        "accuracy": 0.8816666666666667
    }, 
    "oneVsAllRocAUC": {
        "QUASAR": 0.9872123618910721, 
        "STAR": 0.9628818762212147, 
        "GALAXY": 0.9581288739669421
    }, 
    "classes": [
        "GALAXY", 
        "STAR", 
        "QUASAR"
    ], 
    "globalMetrics": {
        "predictionAvg": [
            0.494165428649506, 
            0.3722905038023768, 
            0.13354406754811718
        ], 
        "predictionStd": [
            0.354591639240412, 
            0.3217439814658907, 
            0.2769748065848039
        ], 
        "targetStd": [
            0.49870934650433296, 
            0.4763973980664064, 
            0.31843876761227397
        ], 
        "targetAvg": [
            0.5377777777777778, 
            0.3477777777777778, 
            0.11444444444444445
        ], 
        "testWeight": 1800
    }, 
    "oneVsAllRocCurves": {
        "QUASAR": [
            {
                "y": 0.0, 
                "x": 0.0, 
                "p": 1.9943403867469391
            }, 
            {
                "y": 0.2087378640776699, 
                "x": 0.0, 
                "p": 0.979788518433909
            }, 
            {
                "y": 0.41262135922330095, 
                "x": 0.0006273525721455458, 
                "p": 0.9600292046311413
            }, 
            {
                "y": 0.6601941747572816, 
                "x": 0.0012547051442910915, 
                "p": 0.8657757819784122
            }, 
            {
                "y": 0.7621359223300971, 
                "x": 0.002509410288582183, 
                "p": 0.7879705406490294
            }, 
            {
                "y": 0.8349514563106796, 
                "x": 0.003136762860727729, 
                "p": 0.7326900538362382
            }, 
            {
                "y": 0.8883495145631068, 
                "x": 0.0056461731493099125, 
                "p": 0.5816842981456967
            }, 
            {
                "y": 0.9320388349514563, 
                "x": 0.01631116687578419, 
                "p": 0.3503320704798242
            }, 
            {
                "y": 0.9563106796116505, 
                "x": 0.05081555834378921, 
                "p": 0.14606912179945408
            }, 
            {
                "y": 0.970873786407767, 
                "x": 0.1411543287327478, 
                "p": 0.05936957670851947
            }, 
            {
                "y": 0.9805825242718447, 
                "x": 0.2816813048933501, 
                "p": 0.032992752731740134
            }, 
            {
                "y": 0.9902912621359223, 
                "x": 0.41718946047678795, 
                "p": 0.024647841117253395
            }, 
            {
                "y": 0.9951456310679612, 
                "x": 0.5326223337515684, 
                "p": 0.020042504719691573
            }, 
            {
                "y": 0.9951456310679612, 
                "x": 0.6355081555834379, 
                "p": 0.016701527774895964
            }, 
            {
                "y": 1.0, 
                "x": 0.8048933500627352, 
                "p": 0.010056906183755165
            }, 
            {
                "y": 1.0, 
                "x": 0.9234629861982434, 
                "p": 0.003158200950172876
            }, 
            {
                "y": 1.0, 
                "x": 0.9849435382685069, 
                "p": 0.000532727603386512
            }, 
            {
                "y": 1.0, 
                "x": 1.0, 
                "p": 0.0
            }
        ], 
        "STAR": [
            {
                "y": 0.0, 
                "x": 0.0, 
                "p": 1.99
            }, 
            {
                "y": 0.10862619808306709, 
                "x": 0.0, 
                "p": 0.9365462432380883
            }, 
            {
                "y": 0.21565495207667731, 
                "x": 0.0017035775127768314, 
                "p": 0.8951755027067935
            }, 
            {
                "y": 0.2763578274760383, 
                "x": 0.0034071550255536627, 
                "p": 0.8762080428595275
            }, 
            {
                "y": 0.35303514376996803, 
                "x": 0.004258943781942078, 
                "p": 0.8528086043098493
            }, 
            {
                "y": 0.4281150159744409, 
                "x": 0.005110732538330494, 
                "p": 0.8325556686755281
            }, 
            {
                "y": 0.476038338658147, 
                "x": 0.007666098807495741, 
                "p": 0.8045428513031743
            }, 
            {
                "y": 0.5431309904153354, 
                "x": 0.008517887563884156, 
                "p": 0.7745961200010995
            }, 
            {
                "y": 0.5942492012779552, 
                "x": 0.01192504258943782, 
                "p": 0.7521069823437436
            }, 
            {
                "y": 0.6405750798722045, 
                "x": 0.016183986371379896, 
                "p": 0.7238319625970467
            }, 
            {
                "y": 0.6964856230031949, 
                "x": 0.019591141396933562, 
                "p": 0.693387743050313
            }, 
            {
                "y": 0.7332268370607029, 
                "x": 0.034071550255536626, 
                "p": 0.6465208936782183
            }, 
            {
                "y": 0.7795527156549521, 
                "x": 0.04258943781942078, 
                "p": 0.6047724763894212
            }, 
            {
                "y": 0.8099041533546326, 
                "x": 0.06303236797274275, 
                "p": 0.5428238508811056
            }, 
            {
                "y": 0.8434504792332268, 
                "x": 0.08091993185689948, 
                "p": 0.487508344409242
            }, 
            {
                "y": 0.8785942492012779, 
                "x": 0.09625212947189098, 
                "p": 0.44053859578964993
            }, 
            {
                "y": 0.9057507987220448, 
                "x": 0.1201022146507666, 
                "p": 0.40428667546263186
            }, 
            {
                "y": 0.9281150159744409, 
                "x": 0.14821124361158433, 
                "p": 0.36090580924737303
            }, 
            {
                "y": 0.952076677316294, 
                "x": 0.17802385008517888, 
                "p": 0.3162833464779126
            }, 
            {
                "y": 0.9616613418530351, 
                "x": 0.22061328790459966, 
                "p": 0.27032760820720836
            }, 
            {
                "y": 0.9776357827476039, 
                "x": 0.2580919931856899, 
                "p": 0.23615722446608944
            }, 
            {
                "y": 0.9856230031948882, 
                "x": 0.313458262350937, 
                "p": 0.19731318994425265
            }, 
            {
                "y": 0.9920127795527156, 
                "x": 0.3756388415672913, 
                "p": 0.15666396926794995
            }, 
            {
                "y": 0.9968051118210862, 
                "x": 0.4599659284497445, 
                "p": 0.12605120796434327
            }, 
            {
                "y": 0.9984025559105432, 
                "x": 0.5621805792163543, 
                "p": 0.09538002661659988
            }, 
            {
                "y": 1.0, 
                "x": 1.0, 
                "p": 0.004491341235934799
            }
        ], 
        "GALAXY": [
            {
                "y": 0.0, 
                "x": 0.0, 
                "p": 1.9743070751214997
            }, 
            {
                "y": 0.11673553719008264, 
                "x": 0.0, 
                "p": 0.9309132927610222
            }, 
            {
                "y": 0.2365702479338843, 
                "x": 0.001201923076923077, 
                "p": 0.9103538503308448
            }, 
            {
                "y": 0.33884297520661155, 
                "x": 0.003605769230769231, 
                "p": 0.8897751408458784
            }, 
            {
                "y": 0.5619834710743802, 
                "x": 0.004807692307692308, 
                "p": 0.8284072905313916
            }, 
            {
                "y": 0.6157024793388429, 
                "x": 0.010817307692307692, 
                "p": 0.7962705413857087
            }, 
            {
                "y": 0.6611570247933884, 
                "x": 0.015625, 
                "p": 0.7680622538176709
            }, 
            {
                "y": 0.7066115702479339, 
                "x": 0.02403846153846154, 
                "p": 0.7279757499236333
            }, 
            {
                "y": 0.7727272727272727, 
                "x": 0.03245192307692308, 
                "p": 0.6662234225694923
            }, 
            {
                "y": 0.8037190082644629, 
                "x": 0.051682692307692304, 
                "p": 0.6151973902030425
            }, 
            {
                "y": 0.8388429752066116, 
                "x": 0.0673076923076923, 
                "p": 0.5739621774641924
            }, 
            {
                "y": 0.871900826446281, 
                "x": 0.08533653846153846, 
                "p": 0.5331431942096527
            }, 
            {
                "y": 0.8956611570247934, 
                "x": 0.11298076923076923, 
                "p": 0.4662922824690465
            }, 
            {
                "y": 0.9245867768595041, 
                "x": 0.14182692307692307, 
                "p": 0.3996180743128216
            }, 
            {
                "y": 0.9359504132231405, 
                "x": 0.18269230769230768, 
                "p": 0.336784727849719
            }, 
            {
                "y": 0.9545454545454546, 
                "x": 0.21634615384615385, 
                "p": 0.2911592336008744
            }, 
            {
                "y": 0.9628099173553719, 
                "x": 0.25961538461538464, 
                "p": 0.2465125460029695
            }, 
            {
                "y": 0.96900826446281, 
                "x": 0.30408653846153844, 
                "p": 0.21105581869805237
            }, 
            {
                "y": 0.9752066115702479, 
                "x": 0.3713942307692308, 
                "p": 0.17172377320031704
            }, 
            {
                "y": 0.9824380165289256, 
                "x": 0.42788461538461536, 
                "p": 0.14023835517398997
            }, 
            {
                "y": 0.9865702479338843, 
                "x": 0.5024038461538461, 
                "p": 0.10866678839179254
            }, 
            {
                "y": 0.9907024793388429, 
                "x": 0.5576923076923077, 
                "p": 0.08790770735045463
            }, 
            {
                "y": 0.993801652892562, 
                "x": 0.6201923076923077, 
                "p": 0.06472400050666613
            }, 
            {
                "y": 0.996900826446281, 
                "x": 0.7680288461538461, 
                "p": 0.024731730893803067
            }, 
            {
                "y": 0.9979338842975206, 
                "x": 0.8293269230769231, 
                "p": 0.01277857550089281
            }, 
            {
                "y": 0.9989669421487604, 
                "x": 0.9002403846153846, 
                "p": 0.003774726506167917
            }, 
            {
                "y": 1.0, 
                "x": 1.0, 
                "p": 0.0
            }
        ]
    }, 
    "processed_feature_names": [
        "A", 
        "B", 
        "C", 
        "D", 
        "E", 
        "F", 
        "G", 
        "H", 
        "I", 
        "J", 
        "camcol", 
        "dec", 
        "field", 
        "g", 
        "i", 
        "r", 
        "ra", 
        "run", 
        "u", 
        "z"
    ]
}