{
    "per_feature": {
        "object_type": {
            "stats": {}
        }, 
        "run": {
            "stats": {
                "std": 1698.115764547019, 
                "p99": 8105.0, 
                "min": 109.0, 
                "max": 8162.0, 
                "average": 3967.197722222222, 
                "median": 3900.0
            }, 
            "missing_impute_with_value": 3967.197722222222
        }, 
        "id": {
            "stats": {}
        }, 
        "z": {
            "stats": {
                "std": 1.2874855465133799, 
                "p99": 19.448327999999997, 
                "min": 9.741912, 
                "max": 22.90486, 
                "average": 16.46506000337668, 
                "median": 16.42297
            }, 
            "missing_impute_with_value": 16.46506000337668
        }, 
        "field": {
            "stats": {
                "std": 142.7409402091779, 
                "p99": 688.0, 
                "min": 11.0, 
                "max": 982.0, 
                "average": 187.18955555555556, 
                "median": 152.0
            }, 
            "missing_impute_with_value": 187.18955555555556
        }, 
        "ra": {
            "stats": {
                "std": 76.43391099448183, 
                "p99": 355.091264375938, 
                "min": 0.0151766885, 
                "max": 359.9818522709, 
                "average": 177.7729104017309, 
                "median": 180.3539131219
            }, 
            "missing_impute_with_value": 177.7729104017309
        }, 
        "A": {
            "stats": {
                "std": 0.0, 
                "p99": 1.0, 
                "min": 1.0, 
                "max": 1.0, 
                "average": 1.0, 
                "median": 1.0
            }, 
            "missing_impute_with_value": 0.0
        }, 
        "C": {
            "stats": {
                "std": 0.0, 
                "p99": 1.0, 
                "min": 1.0, 
                "max": 1.0, 
                "average": 1.0, 
                "median": 1.0
            }, 
            "missing_impute_with_value": 0.0
        }, 
        "B": {
            "stats": {
                "std": 0.0, 
                "p99": 1.0, 
                "min": 1.0, 
                "max": 1.0, 
                "average": 1.0, 
                "median": 1.0
            }, 
            "missing_impute_with_value": 0.0
        }, 
        "E": {
            "stats": {
                "std": 0.0, 
                "p99": 1.0, 
                "min": 1.0, 
                "max": 1.0, 
                "average": 1.0, 
                "median": 1.0
            }, 
            "missing_impute_with_value": 0.0
        }, 
        "D": {
            "stats": {
                "std": 0.0, 
                "p99": 1.0, 
                "min": 1.0, 
                "max": 1.0, 
                "average": 1.0, 
                "median": 1.0
            }, 
            "missing_impute_with_value": 0.0
        }, 
        "G": {
            "stats": {
                "std": 0.0, 
                "p99": 1.0, 
                "min": 1.0, 
                "max": 1.0, 
                "average": 1.0, 
                "median": 1.0
            }, 
            "missing_impute_with_value": 0.0
        }, 
        "F": {
            "stats": {
                "std": 0.0, 
                "p99": 1.0, 
                "min": 1.0, 
                "max": 1.0, 
                "average": 1.0, 
                "median": 1.0
            }, 
            "missing_impute_with_value": 0.0
        }, 
        "I": {
            "stats": {
                "std": 0.0, 
                "p99": 1.0, 
                "min": 1.0, 
                "max": 1.0, 
                "average": 1.0, 
                "median": 1.0
            }, 
            "missing_impute_with_value": 0.0
        }, 
        "H": {
            "stats": {
                "std": 0.0, 
                "p99": 1.0, 
                "min": 1.0, 
                "max": 1.0, 
                "average": 1.0, 
                "median": 1.0
            }, 
            "missing_impute_with_value": 0.0
        }, 
        "J": {
            "stats": {
                "std": 0.0, 
                "p99": 1.0, 
                "min": 1.0, 
                "max": 1.0, 
                "average": 1.0, 
                "median": 1.0
            }, 
            "missing_impute_with_value": 0.0
        }, 
        "dec": {
            "stats": {
                "std": 20.640034179071964, 
                "p99": 66.88180254515099, 
                "min": -18.8327430144, 
                "max": 84.39379134, 
                "average": 25.180815859110886, 
                "median": 24.0063582858
            }, 
            "missing_impute_with_value": 25.180815859110886
        }, 
        "g": {
            "stats": {
                "std": 0.9865017833059265, 
                "p99": 19.3524052, 
                "min": 9.989008, 
                "max": 19.97499, 
                "average": 17.405664423321547, 
                "median": 17.51573
            }, 
            "missing_impute_with_value": 17.405664423321547
        }, 
        "i": {
            "stats": {
                "std": 1.2120137186853734, 
                "p99": 19.3015124, 
                "min": 9.10011, 
                "max": 24.36184, 
                "average": 16.623623872980918, 
                "median": 16.59292
            }, 
            "missing_impute_with_value": 16.623623872980918
        }, 
        "r": {
            "stats": {
                "std": 1.1311250633850576, 
                "p99": 19.3106172, 
                "min": 9.356278, 
                "max": 24.80205, 
                "average": 16.879555772862727, 
                "median": 16.8858
            }, 
            "missing_impute_with_value": 16.879555772862727
        }, 
        "u": {
            "stats": {
                "std": 0.8331088398357025, 
                "p99": 19.586702000000002, 
                "min": 11.96091, 
                "max": 19.59994, 
                "average": 18.63415600877932, 
                "median": 18.86719
            }, 
            "missing_impute_with_value": 18.63415600877932
        }, 
        "camcol": {
            "stats": {
                "std": 1.6231045350111877, 
                "p99": 6.0, 
                "min": 1.0, 
                "max": 6.0, 
                "average": 3.266166666666667, 
                "median": 3.0
            }, 
            "missing_impute_with_value": 3.266166666666667
        }
    }, 
    "feature_order": [
        "object_type", 
        "run", 
        "id", 
        "z", 
        "field", 
        "ra", 
        "A", 
        "C", 
        "B", 
        "E", 
        "D", 
        "G", 
        "F", 
        "I", 
        "H", 
        "J", 
        "dec", 
        "g", 
        "i", 
        "r", 
        "u", 
        "camcol"
    ]
}