{
    "A": {
        "distribution": [
            0.0, 
            0.0, 
            0.0, 
            0.0, 
            0.0, 
            0.0, 
            0.0, 
            0.0, 
            0.0, 
            1.0
        ], 
        "scale": [
            1.0, 
            1.0, 
            1.0, 
            1.0, 
            1.0, 
            1.0, 
            1.0, 
            1.0, 
            1.0, 
            1.0
        ]
    }, 
    "C": {
        "distribution": [
            0.0, 
            0.0, 
            0.0, 
            0.0, 
            0.0, 
            0.0, 
            0.0, 
            0.0, 
            0.0, 
            1.0
        ], 
        "scale": [
            1.0, 
            1.0, 
            1.0, 
            1.0, 
            1.0, 
            1.0, 
            1.0, 
            1.0, 
            1.0, 
            1.0
        ]
    }, 
    "B": {
        "distribution": [
            0.0, 
            0.0, 
            0.0, 
            0.0, 
            0.0, 
            0.0, 
            0.0, 
            0.0, 
            0.0, 
            1.0
        ], 
        "scale": [
            1.0, 
            1.0, 
            1.0, 
            1.0, 
            1.0, 
            1.0, 
            1.0, 
            1.0, 
            1.0, 
            1.0
        ]
    }, 
    "run": {
        "distribution": [
            0.11183219376521034, 
            0.09543400162243597, 
            0.11461351257387878, 
            0.10343029319735775, 
            0.1040676787576776, 
            0.09601344304090856, 
            0.10522656159462278, 
            0.1118901379070576, 
            0.10261907521149612, 
            0.0548731023293545
        ], 
        "scale": [
            1710.5, 
            2508.0, 
            3028.0, 
            3521.5, 
            3907.5, 
            4289.0, 
            4818.0, 
            5329.0, 
            6655.0, 
            7937.0
        ]
    }, 
    "D": {
        "distribution": [
            0.0, 
            0.0, 
            0.0, 
            0.0, 
            0.0, 
            0.0, 
            0.0, 
            0.0, 
            0.0, 
            1.0
        ], 
        "scale": [
            1.0, 
            1.0, 
            1.0, 
            1.0, 
            1.0, 
            1.0, 
            1.0, 
            1.0, 
            1.0, 
            1.0
        ]
    }, 
    "G": {
        "distribution": [
            0.0, 
            0.0, 
            0.0, 
            0.0, 
            0.0, 
            0.0, 
            0.0, 
            0.0, 
            0.0, 
            1.0
        ], 
        "scale": [
            1.0, 
            1.0, 
            1.0, 
            1.0, 
            1.0, 
            1.0, 
            1.0, 
            1.0, 
            1.0, 
            1.0
        ]
    }, 
    "F": {
        "distribution": [
            0.0, 
            0.0, 
            0.0, 
            0.0, 
            0.0, 
            0.0, 
            0.0, 
            0.0, 
            0.0, 
            1.0
        ], 
        "scale": [
            1.0, 
            1.0, 
            1.0, 
            1.0, 
            1.0, 
            1.0, 
            1.0, 
            1.0, 
            1.0, 
            1.0
        ]
    }, 
    "I": {
        "distribution": [
            0.0, 
            0.0, 
            0.0, 
            0.0, 
            0.0, 
            0.0, 
            0.0, 
            0.0, 
            0.0, 
            1.0
        ], 
        "scale": [
            1.0, 
            1.0, 
            1.0, 
            1.0, 
            1.0, 
            1.0, 
            1.0, 
            1.0, 
            1.0, 
            1.0
        ]
    }, 
    "H": {
        "distribution": [
            0.0, 
            0.0, 
            0.0, 
            0.0, 
            0.0, 
            0.0, 
            0.0, 
            0.0, 
            0.0, 
            1.0
        ], 
        "scale": [
            1.0, 
            1.0, 
            1.0, 
            1.0, 
            1.0, 
            1.0, 
            1.0, 
            1.0, 
            1.0, 
            1.0
        ]
    }, 
    "J": {
        "distribution": [
            0.0, 
            0.0, 
            0.0, 
            0.0, 
            0.0, 
            0.0, 
            0.0, 
            0.0, 
            0.0, 
            1.0
        ], 
        "scale": [
            1.0, 
            1.0, 
            1.0, 
            1.0, 
            1.0, 
            1.0, 
            1.0, 
            1.0, 
            1.0, 
            1.0
        ]
    }, 
    "i": {
        "distribution": [
            0.10526627569456785, 
            0.10526627569456785, 
            0.10526627569456785, 
            0.10526627569456785, 
            0.10526627569456785, 
            0.10526627569456785, 
            0.10526627569456785, 
            0.10526627569456785, 
            0.10526627569456785, 
            0.052603518748889286
        ], 
        "scale": [
            15.0817032, 
            15.6540765, 
            15.9956308, 
            16.293008, 
            16.5943142, 
            16.893637, 
            17.194834999999998, 
            17.5976857, 
            18.3210416, 
            21.5784364
        ]
    }, 
    "field": {
        "distribution": [
            0.10501402524544179, 
            0.10454651706404862, 
            0.105890603085554, 
            0.10530621785881253, 
            0.10431276297335203, 
            0.10653342683496961, 
            0.10361150070126227, 
            0.10670874240299205, 
            0.10536465638148668, 
            0.05271154745208041
        ], 
        "scale": [
            45.5, 
            72.0, 
            97.0, 
            123.5, 
            152.5, 
            184.5, 
            225.0, 
            281.5, 
            397.5, 
            731.5
        ]
    }, 
    "r": {
        "distribution": [
            0.10526627569456785, 
            0.10520703749777857, 
            0.10532551389135715, 
            0.10526627569456785, 
            0.10526627569456785, 
            0.10526627569456785, 
            0.10526627569456785, 
            0.10526627569456785, 
            0.10526627569456785, 
            0.052603518748889286
        ], 
        "scale": [
            15.396150599999999, 
            15.979154, 
            16.334256, 
            16.6151511, 
            16.8913812, 
            17.1694253, 
            17.446002200000002, 
            17.7713623, 
            18.407689800000004, 
            21.830110500000004
        ]
    }, 
    "g": {
        "distribution": [
            0.10526627569456785, 
            0.10526627569456785, 
            0.10526627569456785, 
            0.10526627569456785, 
            0.10526627569456785, 
            0.10526627569456785, 
            0.10526627569456785, 
            0.10526627569456785, 
            0.10526627569456785, 
            0.052603518748889286
        ], 
        "scale": [
            16.0241489, 
            16.633707, 
            17.0058857, 
            17.283783800000002, 
            17.512487800000002, 
            17.7252805, 
            17.9464343, 
            18.1817001, 
            18.6355955, 
            19.470231400000003
        ]
    }, 
    "ra": {
        "distribution": [
            0.10526315789473684, 
            0.10526315789473684, 
            0.10526315789473684, 
            0.10526315789473684, 
            0.10526315789473684, 
            0.10526315789473684, 
            0.10526315789473684, 
            0.10526315789473684, 
            0.10526315789473684, 
            0.05263157894736842
        ], 
        "scale": [
            69.377031425382, 
            127.9604505475095, 
            145.440261095506, 
            162.1479491173095, 
            180.17565754849304, 
            199.66584749043255, 
            217.31000267843302, 
            233.63251807106803, 
            284.7743766099057, 
            343.6492291492151
        ]
    }, 
    "camcol": {
        "distribution": [
            0.18661111111111112, 
            0.1812777777777778, 
            0.18166666666666667, 
            0.18838888888888888, 
            0.15388888888888888, 
            0.10816666666666666
        ], 
        "scale": [
            1.0, 
            2.0, 
            3.0, 
            4.0, 
            5.0, 
            6.0
        ]
    }, 
    "E": {
        "distribution": [
            0.0, 
            0.0, 
            0.0, 
            0.0, 
            0.0, 
            0.0, 
            0.0, 
            0.0, 
            0.0, 
            1.0
        ], 
        "scale": [
            1.0, 
            1.0, 
            1.0, 
            1.0, 
            1.0, 
            1.0, 
            1.0, 
            1.0, 
            1.0, 
            1.0
        ]
    }, 
    "z": {
        "distribution": [
            0.10526627569456785, 
            0.10526627569456785, 
            0.10526627569456785, 
            0.10526627569456785, 
            0.10526627569456785, 
            0.10526627569456785, 
            0.10526627569456785, 
            0.10526627569456785, 
            0.10526627569456785, 
            0.052603518748889286
        ], 
        "scale": [
            14.8434734, 
            15.4143659, 
            15.7620188, 
            16.0867665, 
            16.4155706, 
            16.7416027, 
            17.067041800000002, 
            17.5139255, 
            18.2855463, 
            20.840584300000003
        ]
    }, 
    "dec": {
        "distribution": [
            0.10526315789473684, 
            0.10526315789473684, 
            0.10526315789473684, 
            0.10526315789473684, 
            0.10526315789473684, 
            0.10526315789473684, 
            0.10526315789473684, 
            0.10526315789473684, 
            0.10526315789473684, 
            0.05263157894736842
        ], 
        "scale": [
            -0.7727550035439998, 
            3.8830073569410013, 
            10.251171208143502, 
            17.039161764108005, 
            23.934876600271014, 
            31.052031189691533, 
            37.478127312862526, 
            45.24700014298401, 
            54.86148958203802, 
            72.05644833875152
        ]
    }, 
    "u": {
        "distribution": [
            0.10526627569456785, 
            0.10526627569456785, 
            0.10526627569456785, 
            0.10526627569456785, 
            0.10520703749777857, 
            0.10532551389135715, 
            0.10526627569456785, 
            0.10526627569456785, 
            0.10526627569456785, 
            0.052603518748889286
        ], 
        "scale": [
            17.362041400000003, 
            17.9854473, 
            18.3629739, 
            18.6462617, 
            18.8672628, 
            19.043808300000002, 
            19.199726300000002, 
            19.341192900000003, 
            19.4706006, 
            19.5671107
        ]
    }
}