[
    {
        "fit_time": 113086, 
        "best_iteration": null, 
        "test_score": 0.8311111111111111, 
        "time": 121093, 
        "split_id": 0, 
        "parameters": {
            "kernel": "rbf", 
            "C": 0.10000000000000002, 
            "gamma": "scale"
        }, 
        "num_samples": 1800, 
        "score_time": 8007, 
        "train_score": 0.826358024691358, 
        "done_at": 1635184040409, 
        "test_score_gib": 0.8311111111111111
    }, 
    {
        "fit_time": 113559, 
        "best_iteration": null, 
        "test_score": 0.8277777777777777, 
        "time": 121698, 
        "split_id": 1, 
        "parameters": {
            "kernel": "rbf", 
            "C": 0.10000000000000002, 
            "gamma": "scale"
        }, 
        "num_samples": 1800, 
        "score_time": 8139, 
        "train_score": 0.8268518518518518, 
        "done_at": 1635184041017, 
        "test_score_gib": 0.8277777777777777
    }, 
    {
        "fit_time": 112365, 
        "best_iteration": null, 
        "test_score": 0.8177777777777778, 
        "time": 120270, 
        "split_id": 2, 
        "parameters": {
            "kernel": "rbf", 
            "C": 0.10000000000000002, 
            "gamma": "scale"
        }, 
        "num_samples": 1800, 
        "score_time": 7905, 
        "train_score": 0.8276543209876543, 
        "done_at": 1635184039592, 
        "test_score_gib": 0.8177777777777778
    }, 
    {
        "fit_time": 113711, 
        "best_iteration": null, 
        "test_score": 0.8338888888888889, 
        "time": 121880, 
        "split_id": 3, 
        "parameters": {
            "kernel": "rbf", 
            "C": 0.10000000000000002, 
            "gamma": "scale"
        }, 
        "num_samples": 1800, 
        "score_time": 8169, 
        "train_score": 0.8262962962962963, 
        "done_at": 1635184041205, 
        "test_score_gib": 0.8338888888888889
    }, 
    {
        "fit_time": 102948, 
        "best_iteration": null, 
        "test_score": 0.8155555555555556, 
        "time": 110588, 
        "split_id": 4, 
        "parameters": {
            "kernel": "rbf", 
            "C": 0.10000000000000002, 
            "gamma": "scale"
        }, 
        "num_samples": 1800, 
        "score_time": 7640, 
        "train_score": 0.8261728395061728, 
        "done_at": 1635184150184, 
        "test_score_gib": 0.8155555555555556
    }, 
    {
        "fit_time": 103541, 
        "best_iteration": null, 
        "test_score": 0.8283333333333334, 
        "time": 111656, 
        "split_id": 5, 
        "parameters": {
            "kernel": "rbf", 
            "C": 0.10000000000000002, 
            "gamma": "scale"
        }, 
        "num_samples": 1800, 
        "score_time": 8115, 
        "train_score": 0.8272222222222222, 
        "done_at": 1635184152068, 
        "test_score_gib": 0.8283333333333334
    }, 
    {
        "fit_time": 103063, 
        "best_iteration": null, 
        "test_score": 0.8222222222222222, 
        "time": 111215, 
        "split_id": 6, 
        "parameters": {
            "kernel": "rbf", 
            "C": 0.10000000000000002, 
            "gamma": "scale"
        }, 
        "num_samples": 1800, 
        "score_time": 8152, 
        "train_score": 0.8286419753086419, 
        "done_at": 1635184152237, 
        "test_score_gib": 0.8222222222222222
    }, 
    {
        "fit_time": 102595, 
        "best_iteration": null, 
        "test_score": 0.8116666666666666, 
        "time": 110593, 
        "split_id": 7, 
        "parameters": {
            "kernel": "rbf", 
            "C": 0.10000000000000002, 
            "gamma": "scale"
        }, 
        "num_samples": 1800, 
        "score_time": 7998, 
        "train_score": 0.8291358024691358, 
        "done_at": 1635184151802, 
        "test_score_gib": 0.8116666666666666
    }, 
    {
        "fit_time": 101660, 
        "best_iteration": null, 
        "test_score": 0.8355555555555556, 
        "time": 109121, 
        "split_id": 8, 
        "parameters": {
            "kernel": "rbf", 
            "C": 0.10000000000000002, 
            "gamma": "scale"
        }, 
        "num_samples": 1800, 
        "score_time": 7461, 
        "train_score": 0.826604938271605, 
        "done_at": 1635184259313, 
        "test_score_gib": 0.8355555555555556
    }, 
    {
        "fit_time": 100736, 
        "best_iteration": null, 
        "test_score": 0.8088888888888889, 
        "time": 108203, 
        "split_id": 9, 
        "parameters": {
            "kernel": "rbf", 
            "C": 0.10000000000000002, 
            "gamma": "scale"
        }, 
        "num_samples": 1800, 
        "score_time": 7467, 
        "train_score": 0.8287037037037037, 
        "done_at": 1635184260010, 
        "test_score_gib": 0.8088888888888889
    }, 
    {
        "fit_time": 73447, 
        "best_iteration": null, 
        "test_score": 0.9127777777777778, 
        "time": 78944, 
        "split_id": 0, 
        "parameters": {
            "kernel": "rbf", 
            "C": 1.0000000000000004, 
            "gamma": "scale"
        }, 
        "num_samples": 1800, 
        "score_time": 5497, 
        "train_score": 0.9189506172839507, 
        "done_at": 1635184231017, 
        "test_score_gib": 0.9127777777777778
    }, 
    {
        "fit_time": 74135, 
        "best_iteration": null, 
        "test_score": 0.9216666666666666, 
        "time": 79622, 
        "split_id": 1, 
        "parameters": {
            "kernel": "rbf", 
            "C": 1.0000000000000004, 
            "gamma": "scale"
        }, 
        "num_samples": 1800, 
        "score_time": 5487, 
        "train_score": 0.9179012345679012, 
        "done_at": 1635184231862, 
        "test_score_gib": 0.9216666666666666
    }, 
    {
        "fit_time": 66128, 
        "best_iteration": null, 
        "test_score": 0.9083333333333333, 
        "time": 71787, 
        "split_id": 2, 
        "parameters": {
            "kernel": "rbf", 
            "C": 1.0000000000000004, 
            "gamma": "scale"
        }, 
        "num_samples": 1800, 
        "score_time": 5659, 
        "train_score": 0.9193827160493827, 
        "done_at": 1635184302807, 
        "test_score_gib": 0.9083333333333333
    }, 
    {
        "fit_time": 67536, 
        "best_iteration": null, 
        "test_score": 0.92, 
        "time": 73325, 
        "split_id": 3, 
        "parameters": {
            "kernel": "rbf", 
            "C": 1.0000000000000004, 
            "gamma": "scale"
        }, 
        "num_samples": 1800, 
        "score_time": 5789, 
        "train_score": 0.9188888888888889, 
        "done_at": 1635184305190, 
        "test_score_gib": 0.92
    }, 
    {
        "fit_time": 71789, 
        "best_iteration": null, 
        "test_score": 0.9055555555555556, 
        "time": 77336, 
        "split_id": 4, 
        "parameters": {
            "kernel": "rbf", 
            "C": 1.0000000000000004, 
            "gamma": "scale"
        }, 
        "num_samples": 1800, 
        "score_time": 5547, 
        "train_score": 0.9196913580246914, 
        "done_at": 1635184336651, 
        "test_score_gib": 0.9055555555555556
    }, 
    {
        "fit_time": 71428, 
        "best_iteration": null, 
        "test_score": 0.905, 
        "time": 77006, 
        "split_id": 5, 
        "parameters": {
            "kernel": "rbf", 
            "C": 1.0000000000000004, 
            "gamma": "scale"
        }, 
        "num_samples": 1800, 
        "score_time": 5578, 
        "train_score": 0.9203086419753086, 
        "done_at": 1635184337023, 
        "test_score_gib": 0.905
    }, 
    {
        "fit_time": 72963, 
        "best_iteration": null, 
        "test_score": 0.9066666666666666, 
        "time": 79772, 
        "split_id": 6, 
        "parameters": {
            "kernel": "rbf", 
            "C": 1.0000000000000004, 
            "gamma": "scale"
        }, 
        "num_samples": 1800, 
        "score_time": 6809, 
        "train_score": 0.9188888888888889, 
        "done_at": 1635184382582, 
        "test_score_gib": 0.9066666666666666
    }, 
    {
        "fit_time": 73697, 
        "best_iteration": null, 
        "test_score": 0.9122222222222223, 
        "time": 79759, 
        "split_id": 7, 
        "parameters": {
            "kernel": "rbf", 
            "C": 1.0000000000000004, 
            "gamma": "scale"
        }, 
        "num_samples": 1800, 
        "score_time": 6062, 
        "train_score": 0.9185185185185185, 
        "done_at": 1635184384952, 
        "test_score_gib": 0.9122222222222223
    }, 
    {
        "fit_time": 70352, 
        "best_iteration": null, 
        "test_score": 0.9138888888888889, 
        "time": 75621, 
        "split_id": 8, 
        "parameters": {
            "kernel": "rbf", 
            "C": 1.0000000000000004, 
            "gamma": "scale"
        }, 
        "num_samples": 1800, 
        "score_time": 5269, 
        "train_score": 0.9191975308641975, 
        "done_at": 1635184412276, 
        "test_score_gib": 0.9138888888888889
    }, 
    {
        "fit_time": 69611, 
        "best_iteration": null, 
        "test_score": 0.8972222222222223, 
        "time": 74683, 
        "split_id": 9, 
        "parameters": {
            "kernel": "rbf", 
            "C": 1.0000000000000004, 
            "gamma": "scale"
        }, 
        "num_samples": 1800, 
        "score_time": 5072, 
        "train_score": 0.9201851851851852, 
        "done_at": 1635184411709, 
        "test_score_gib": 0.8972222222222223
    }, 
    {
        "fit_time": 51230, 
        "best_iteration": null, 
        "test_score": 0.9427777777777778, 
        "time": 54569, 
        "split_id": 0, 
        "parameters": {
            "kernel": "rbf", 
            "C": 10.000000000000007, 
            "gamma": "scale"
        }, 
        "num_samples": 1800, 
        "score_time": 3339, 
        "train_score": 0.9546296296296296, 
        "done_at": 1635184437156, 
        "test_score_gib": 0.9427777777777778
    }, 
    {
        "fit_time": 51741, 
        "best_iteration": null, 
        "test_score": 0.945, 
        "time": 55404, 
        "split_id": 1, 
        "parameters": {
            "kernel": "rbf", 
            "C": 10.000000000000007, 
            "gamma": "scale"
        }, 
        "num_samples": 1800, 
        "score_time": 3663, 
        "train_score": 0.9547530864197531, 
        "done_at": 1635184440360, 
        "test_score_gib": 0.945
    }, 
    {
        "fit_time": 52622, 
        "best_iteration": null, 
        "test_score": 0.9383333333333334, 
        "time": 56347, 
        "split_id": 2, 
        "parameters": {
            "kernel": "rbf", 
            "C": 10.000000000000007, 
            "gamma": "scale"
        }, 
        "num_samples": 1800, 
        "score_time": 3725, 
        "train_score": 0.9556172839506173, 
        "done_at": 1635184468059, 
        "test_score_gib": 0.9383333333333334
    }, 
    {
        "fit_time": 53427, 
        "best_iteration": null, 
        "test_score": 0.9483333333333334, 
        "time": 57135, 
        "split_id": 3, 
        "parameters": {
            "kernel": "rbf", 
            "C": 10.000000000000007, 
            "gamma": "scale"
        }, 
        "num_samples": 1800, 
        "score_time": 3708, 
        "train_score": 0.9544444444444444, 
        "done_at": 1635184469417, 
        "test_score_gib": 0.9483333333333334
    }, 
    {
        "fit_time": 51687, 
        "best_iteration": null, 
        "test_score": 0.9383333333333334, 
        "time": 55489, 
        "split_id": 4, 
        "parameters": {
            "kernel": "rbf", 
            "C": 10.000000000000007, 
            "gamma": "scale"
        }, 
        "num_samples": 1800, 
        "score_time": 3802, 
        "train_score": 0.9555555555555556, 
        "done_at": 1635184492649, 
        "test_score_gib": 0.9383333333333334
    }, 
    {
        "fit_time": 50855, 
        "best_iteration": null, 
        "test_score": 0.9338888888888889, 
        "time": 54432, 
        "split_id": 5, 
        "parameters": {
            "kernel": "rbf", 
            "C": 10.000000000000007, 
            "gamma": "scale"
        }, 
        "num_samples": 1800, 
        "score_time": 3577, 
        "train_score": 0.9553086419753086, 
        "done_at": 1635184494795, 
        "test_score_gib": 0.9338888888888889
    }, 
    {
        "fit_time": 47330, 
        "best_iteration": null, 
        "test_score": 0.9338888888888889, 
        "time": 51321, 
        "split_id": 6, 
        "parameters": {
            "kernel": "rbf", 
            "C": 10.000000000000007, 
            "gamma": "scale"
        }, 
        "num_samples": 1800, 
        "score_time": 3991, 
        "train_score": 0.955925925925926, 
        "done_at": 1635184519383, 
        "test_score_gib": 0.9338888888888889
    }, 
    {
        "fit_time": 48890, 
        "best_iteration": null, 
        "test_score": 0.9366666666666666, 
        "time": 52612, 
        "split_id": 7, 
        "parameters": {
            "kernel": "rbf", 
            "C": 10.000000000000007, 
            "gamma": "scale"
        }, 
        "num_samples": 1800, 
        "score_time": 3722, 
        "train_score": 0.9545679012345679, 
        "done_at": 1635184522032, 
        "test_score_gib": 0.9366666666666666
    }, 
    {
        "fit_time": 44735, 
        "best_iteration": null, 
        "test_score": 0.9466666666666667, 
        "time": 47917, 
        "split_id": 8, 
        "parameters": {
            "kernel": "rbf", 
            "C": 10.000000000000007, 
            "gamma": "scale"
        }, 
        "num_samples": 1800, 
        "score_time": 3182, 
        "train_score": 0.9541358024691358, 
        "done_at": 1635184540569, 
        "test_score_gib": 0.9466666666666667
    }, 
    {
        "fit_time": 43310, 
        "best_iteration": null, 
        "test_score": 0.9311111111111111, 
        "time": 46415, 
        "split_id": 9, 
        "parameters": {
            "kernel": "rbf", 
            "C": 10.000000000000007, 
            "gamma": "scale"
        }, 
        "num_samples": 1800, 
        "score_time": 3105, 
        "train_score": 0.9558641975308642, 
        "done_at": 1635184541213, 
        "test_score_gib": 0.9311111111111111
    }
]