{
    "gridSize": 3, 
    "nThreads": 4, 
    "metric": "ACCURACY", 
    "gridPoints": [
        {
            "scoreTimeMean": 7905.3, 
            "best_iteration": null, 
            "time": 1146317, 
            "trainScoreMean": 0.8273641975308641, 
            "finishedAt": 1635184260010, 
            "fitTimeStd": 5330.785386788704, 
            "testScoreStd": 0.008963058615957309, 
            "scoreTimeStd": 266.0485106141359, 
            "parameters": {
                "kernel": "rbf", 
                "C": 0.10000000000000002, 
                "gamma": "scale"
            }, 
            "testScoreMean": 0.8232777777777778, 
            "score": 0.8232777777777778, 
            "trainScoreStd": 0.0010526637161283497, 
            "testScoreGibMean": 0.8232777777777778, 
            "fitTimeMean": 106726.4
        }, 
        {
            "scoreTimeMean": 5676.9, 
            "best_iteration": null, 
            "time": 767855, 
            "trainScoreMean": 0.9191913580246912, 
            "finishedAt": 1635184412276, 
            "fitTimeStd": 2563.510920593084, 
            "testScoreStd": 0.0069619778656980135, 
            "scoreTimeStd": 454.9952637116127, 
            "parameters": {
                "kernel": "rbf", 
                "C": 1.0000000000000004, 
                "gamma": "scale"
            }, 
            "testScoreMean": 0.9103333333333333, 
            "score": 0.9103333333333333, 
            "trainScoreStd": 0.0006986225478832795, 
            "testScoreGibMean": 0.9103333333333333, 
            "fitTimeMean": 71108.6
        }, 
        {
            "scoreTimeMean": 3581.4, 
            "best_iteration": null, 
            "time": 531641, 
            "trainScoreMean": 0.9550802469135803, 
            "finishedAt": 1635184541213, 
            "fitTimeStd": 3253.2463801562894, 
            "testScoreStd": 0.005607809809916663, 
            "scoreTimeStd": 269.2148584309566, 
            "parameters": {
                "kernel": "rbf", 
                "C": 10.000000000000007, 
                "gamma": "scale"
            }, 
            "testScoreMean": 0.9395, 
            "score": 0.9395, 
            "trainScoreStd": 0.0006136001189121356, 
            "testScoreGibMean": 0.9395, 
            "fitTimeMean": 49582.7
        }
    ], 
    "timeout": null, 
    "startedAt": 1635183919313, 
    "nSplits": 10
}