{
  "columns": [
    {"name":"id","type":"bigint"},
    {"name":"ra","type":"double"},
    {"name":"dec","type":"double"},
    {"name":"F","type":"bigint"},
    {"name":"J","type":"bigint"},
    {"name":"A","type":"bigint"},
    {"name":"C","type":"bigint"},
    {"name":"G","type":"bigint"},
    {"name":"D","type":"bigint"},
    {"name":"E","type":"bigint"},
    {"name":"B","type":"bigint"},
    {"name":"H","type":"bigint"},
    {"name":"I","type":"bigint"},
    {"name":"object_type","type":"string"},
    {"name":"u","type":"double"},
    {"name":"g","type":"double"},
    {"name":"r","type":"double"},
    {"name":"i","type":"double"},
    {"name":"z","type":"double"},
    {"name":"run","type":"bigint"},
    {"name":"camcol","type":"bigint"},
    {"name":"field","type":"bigint"}
  ],
  "userModified": true
}