{
    "usedGridSearch": true, 
    "probaAware": true, 
    "gridSize": 3, 
    "modelInputNRows": 18000, 
    "modelInputNCols": 20, 
    "modelInputMemory": 2880000, 
    "gridCells": [
        {
            "scoreTimeStd": 0.2660485106141359, 
            "scoreTime": 7.9053, 
            "fitTime": 106.7264, 
            "score": 0.8232777777777778, 
            "params": {
                "kernel": "rbf", 
                "C": 0.10000000000000002, 
                "gamma": "scale"
            }, 
            "fitTimeStd": 5.330785386788704, 
            "scoreStd": 0.008963058615957309
        }, 
        {
            "scoreTimeStd": 0.4549952637116127, 
            "scoreTime": 5.6769, 
            "fitTime": 71.10860000000001, 
            "score": 0.9103333333333333, 
            "params": {
                "kernel": "rbf", 
                "C": 1.0000000000000004, 
                "gamma": "scale"
            }, 
            "fitTimeStd": 2.563510920593084, 
            "scoreStd": 0.0069619778656980135
        }, 
        {
            "scoreTimeStd": 0.2692148584309566, 
            "scoreTime": 3.5814, 
            "fitTime": 49.582699999999996, 
            "score": 0.9395, 
            "params": {
                "kernel": "rbf", 
                "C": 10.000000000000007, 
                "gamma": "scale"
            }, 
            "fitTimeStd": 3.2532463801562894, 
            "scoreStd": 0.005607809809916663
        }
    ], 
    "gridBestScore": 0.9395, 
    "modelInputIsSparse": false
}