{
  "state": "DONE",
  "preSearchDescription": {
    "gridLength": 3,
    "searchStrategy": "GRID",
    "importantParams": [
      {
        "name": "kernel",
        "vals": [
          "rbf"
        ]
      },
      {
        "name": "C",
        "min": "0.1",
        "max": "10.0"
      },
      {
        "name": "Gamma",
        "vals": [
          "scale"
        ]
      }
    ]
  },
  "postSearchDescription": {
    "importantParams": [
      {
        "name": "kernel",
        "val": "rbf"
      },
      {
        "name": "C",
        "val": "10.0"
      },
      {
        "name": "gamma",
        "val": "scale"
      }
    ]
  },
  "resumed": false,
  "timeOrderingEnabled": false,
  "sampleWeightsEnabled": false,
  "modelId": "m1",
  "progress": {
    "top_level_todo": [],
    "stack": [],
    "top_level_done": [
      {
        "name": "Loading source dataset",
        "time": 80
      },
      {
        "name": "Collecting statistics",
        "time": 32
      },
      {
        "name": "Preprocessing input",
        "time": 104
      },
      {
        "name": "Fitting global model",
        "time": 661055
      },
      {
        "name": "Saving model",
        "time": 23
      },
      {
        "name": "Computing global stats",
        "time": 5
      },
      {
        "name": "Fitting folds",
        "time": 316908
      }
    ]
  },
  "startTime": 1635183919059,
  "endTime": 1635184903744,
  "preprocessingTime": 217,
  "trainingTime": 984468,
  "hyperparamsSearchTime": 0
}