{
    "per_feature": {
        "object_type": {
            "stats": {}
        }, 
        "run": {
            "stats": {
                "std": 1698.5834551578832, 
                "p99": 8105.0, 
                "min": 109.0, 
                "max": 8162.0, 
                "average": 3961.951551063088, 
                "median": 3900.0
            }, 
            "missing_impute_with_value": 3961.951551063088
        }, 
        "id": {
            "stats": {}
        }, 
        "z": {
            "stats": {
                "std": 1.2927712216702938, 
                "p99": 19.441699999999997, 
                "min": 9.741912, 
                "max": 22.90486, 
                "average": 16.475200711751825, 
                "median": 16.43316
            }, 
            "missing_impute_with_value": 16.475200711751825
        }, 
        "field": {
            "stats": {
                "std": 143.91127513264414, 
                "p99": 694.0, 
                "min": 11.0, 
                "max": 982.0, 
                "average": 187.26859532938306, 
                "median": 152.0
            }, 
            "missing_impute_with_value": 187.26859532938306
        }, 
        "ra": {
            "stats": {
                "std": 76.33624776724517, 
                "p99": 355.042209319349, 
                "min": 0.0151766885, 
                "max": 359.94787777, 
                "average": 177.24747779509823, 
                "median": 179.57135097085
            }, 
            "missing_impute_with_value": 177.24747779509823
        }, 
        "A": {
            "stats": {
                "std": 0.0, 
                "p99": 1.0, 
                "min": 1.0, 
                "max": 1.0, 
                "average": 1.0, 
                "median": 1.0
            }, 
            "missing_impute_with_value": 0.0
        }, 
        "C": {
            "stats": {
                "std": 0.0, 
                "p99": 1.0, 
                "min": 1.0, 
                "max": 1.0, 
                "average": 1.0, 
                "median": 1.0
            }, 
            "missing_impute_with_value": 0.0
        }, 
        "B": {
            "stats": {
                "std": 0.0, 
                "p99": 1.0, 
                "min": 1.0, 
                "max": 1.0, 
                "average": 1.0, 
                "median": 1.0
            }, 
            "missing_impute_with_value": 0.0
        }, 
        "E": {
            "stats": {
                "std": 0.0, 
                "p99": 1.0, 
                "min": 1.0, 
                "max": 1.0, 
                "average": 1.0, 
                "median": 1.0
            }, 
            "missing_impute_with_value": 0.0
        }, 
        "D": {
            "stats": {
                "std": 0.0, 
                "p99": 1.0, 
                "min": 1.0, 
                "max": 1.0, 
                "average": 1.0, 
                "median": 1.0
            }, 
            "missing_impute_with_value": 0.0
        }, 
        "G": {
            "stats": {
                "std": 0.0, 
                "p99": 1.0, 
                "min": 1.0, 
                "max": 1.0, 
                "average": 1.0, 
                "median": 1.0
            }, 
            "missing_impute_with_value": 0.0
        }, 
        "F": {
            "stats": {
                "std": 0.0, 
                "p99": 1.0, 
                "min": 1.0, 
                "max": 1.0, 
                "average": 1.0, 
                "median": 1.0
            }, 
            "missing_impute_with_value": 0.0
        }, 
        "I": {
            "stats": {
                "std": 0.0, 
                "p99": 1.0, 
                "min": 1.0, 
                "max": 1.0, 
                "average": 1.0, 
                "median": 1.0
            }, 
            "missing_impute_with_value": 0.0
        }, 
        "H": {
            "stats": {
                "std": 0.0, 
                "p99": 1.0, 
                "min": 1.0, 
                "max": 1.0, 
                "average": 1.0, 
                "median": 1.0
            }, 
            "missing_impute_with_value": 0.0
        }, 
        "J": {
            "stats": {
                "std": 0.0, 
                "p99": 1.0, 
                "min": 1.0, 
                "max": 1.0, 
                "average": 1.0, 
                "median": 1.0
            }, 
            "missing_impute_with_value": 0.0
        }, 
        "dec": {
            "stats": {
                "std": 20.60938231576348, 
                "p99": 66.83535606274799, 
                "min": -18.8327430144, 
                "max": 84.39379134, 
                "average": 25.14327938123935, 
                "median": 24.0532840071
            }, 
            "missing_impute_with_value": 25.14327938123935
        }, 
        "g": {
            "stats": {
                "std": 0.9905401886667442, 
                "p99": 19.355134999999997, 
                "min": 9.989008, 
                "max": 19.97499, 
                "average": 17.41175552526317, 
                "median": 17.52186
            }, 
            "missing_impute_with_value": 17.41175552526317
        }, 
        "i": {
            "stats": {
                "std": 1.2169125659856252, 
                "p99": 19.29443, 
                "min": 9.10011, 
                "max": 24.36184, 
                "average": 16.63356902826649, 
                "median": 16.60388
            }, 
            "missing_impute_with_value": 16.63356902826649
        }, 
        "r": {
            "stats": {
                "std": 1.1372330275213896, 
                "p99": 19.317405, 
                "min": 9.356278, 
                "max": 24.80205, 
                "average": 16.888635535156475, 
                "median": 16.89472
            }, 
            "missing_impute_with_value": 16.888635535156475
        }, 
        "u": {
            "stats": {
                "std": 0.833698197634215, 
                "p99": 19.585585000000002, 
                "min": 11.96091, 
                "max": 19.59994, 
                "average": 18.634279589428253, 
                "median": 18.86969
            }, 
            "missing_impute_with_value": 18.634279589428253
        }, 
        "camcol": {
            "stats": {
                "std": 1.6201547057962329, 
                "p99": 6.0, 
                "min": 1.0, 
                "max": 6.0, 
                "average": 3.2743116068316485, 
                "median": 3.0
            }, 
            "missing_impute_with_value": 3.2743116068316485
        }
    }, 
    "feature_order": [
        "object_type", 
        "run", 
        "id", 
        "z", 
        "field", 
        "ra", 
        "A", 
        "C", 
        "B", 
        "E", 
        "D", 
        "G", 
        "F", 
        "I", 
        "H", 
        "J", 
        "dec", 
        "g", 
        "i", 
        "r", 
        "u", 
        "camcol"
    ]
}