{
    "oneVsAllCalibrationCurves": {
        "QUASAR": [
            {
                "y": 0, 
                "x": 0, 
                "n": 0
            }, 
            {
                "y": 0.0058900523560209425, 
                "x": 0.024479837694180787, 
                "n": 1528.0
            }, 
            {
                "y": 0.06349206349206349, 
                "x": 0.13241801410503504, 
                "n": 63.0
            }, 
            {
                "y": 0.26666666666666666, 
                "x": 0.2537619560233066, 
                "n": 15.0
            }, 
            {
                "y": 0.2857142857142857, 
                "x": 0.3386191024184203, 
                "n": 7.0
            }, 
            {
                "y": 0.6, 
                "x": 0.4296533124985471, 
                "n": 10.0
            }, 
            {
                "y": 0.7777777777777778, 
                "x": 0.5459490544180556, 
                "n": 9.0
            }, 
            {
                "y": 0.5714285714285714, 
                "x": 0.662825862992043, 
                "n": 7.0
            }, 
            {
                "y": 0.8333333333333334, 
                "x": 0.7621831069408531, 
                "n": 18.0
            }, 
            {
                "y": 0.8823529411764706, 
                "x": 0.8604128750990969, 
                "n": 34.0
            }, 
            {
                "y": 0.981651376146789, 
                "x": 0.9648818206470668, 
                "n": 109.0
            }, 
            {
                "y": 1, 
                "x": 1, 
                "n": 0
            }
        ], 
        "STAR": [
            {
                "y": 0, 
                "x": 0, 
                "n": 0
            }, 
            {
                "y": 0.0063025210084033615, 
                "x": 0.05758010927797977, 
                "n": 476.0
            }, 
            {
                "y": 0.04983388704318937, 
                "x": 0.1434602514366815, 
                "n": 301.0
            }, 
            {
                "y": 0.16149068322981366, 
                "x": 0.24361275980911107, 
                "n": 161.0
            }, 
            {
                "y": 0.275, 
                "x": 0.34853032462316885, 
                "n": 120.0
            }, 
            {
                "y": 0.45454545454545453, 
                "x": 0.44978398038110695, 
                "n": 88.0
            }, 
            {
                "y": 0.6477272727272727, 
                "x": 0.5446209377365312, 
                "n": 88.0
            }, 
            {
                "y": 0.7804878048780488, 
                "x": 0.6522762881847499, 
                "n": 82.0
            }, 
            {
                "y": 0.8888888888888888, 
                "x": 0.7498536426146568, 
                "n": 144.0
            }, 
            {
                "y": 0.9715639810426541, 
                "x": 0.8506223391140647, 
                "n": 211.0
            }, 
            {
                "y": 0.9767441860465116, 
                "x": 0.9362770731648551, 
                "n": 129.0
            }, 
            {
                "y": 1, 
                "x": 1, 
                "n": 0
            }
        ], 
        "GALAXY": [
            {
                "y": 0, 
                "x": 0, 
                "n": 0
            }, 
            {
                "y": 0.02077922077922078, 
                "x": 0.037878029395292036, 
                "n": 385.0
            }, 
            {
                "y": 0.050505050505050504, 
                "x": 0.14477366755675827, 
                "n": 198.0
            }, 
            {
                "y": 0.14285714285714285, 
                "x": 0.24619472331107536, 
                "n": 119.0
            }, 
            {
                "y": 0.24050632911392406, 
                "x": 0.34916818543680833, 
                "n": 79.0
            }, 
            {
                "y": 0.42105263157894735, 
                "x": 0.452278371727054, 
                "n": 95.0
            }, 
            {
                "y": 0.5909090909090909, 
                "x": 0.5487581867795276, 
                "n": 88.0
            }, 
            {
                "y": 0.7009345794392523, 
                "x": 0.65087522286293, 
                "n": 107.0
            }, 
            {
                "y": 0.8757396449704142, 
                "x": 0.7540292716868755, 
                "n": 169.0
            }, 
            {
                "y": 0.965625, 
                "x": 0.8598476360355398, 
                "n": 320.0
            }, 
            {
                "y": 0.9875, 
                "x": 0.9233270044846159, 
                "n": 240.0
            }, 
            {
                "y": 1, 
                "x": 1, 
                "n": 0
            }
        ]
    }, 
    "oneVsAllCalibrationLoss": {
        "QUASAR": 0.02310871419959232, 
        "STAR": 0.08077816223858915, 
        "GALAXY": 0.07110060595851504
    }, 
    "densityData": {
        "QUASAR": {
            "incorrect": [
                10.710125221197154, 
                13.72332527033546, 
                14.542992650417435, 
                12.958529381593163, 
                9.95585810091974, 
                6.857316888619415, 
                4.47577620445769, 
                2.9488511612233776, 
                2.051805670002315, 
                1.5133003059616428, 
                1.150723541534776, 
                0.8777574907858384, 
                0.6646864025747096, 
                0.5021748254574938, 
                0.3844184559879406, 
                0.30333096928020004, 
                0.24763030649634604, 
                0.2055873947548889, 
                0.16815922489956497, 
                0.13148128804196035, 
                0.09821797353234991, 
                0.07459823306590853, 
                0.06422127754379267, 
                0.06455404409419771, 
                0.06883679942317864, 
                0.07131317403521463, 
                0.07110773893777636, 
                0.0704284172893541, 
                0.06963876496559365, 
                0.06666619777611572, 
                0.060974532011739295, 
                0.0547264931462332, 
                0.04922241608806572, 
                0.04290927283874878, 
                0.03431462346669503, 
                0.025299797263148145, 
                0.019968368019001266, 
                0.020961883573027695, 
                0.027547605951312015, 
                0.036617877415299864, 
                0.04442957281105213, 
                0.04762619713131797, 
                0.0442676644765701, 
                0.03507251589652218, 
                0.023323953912676918, 
                0.012847365079532373, 
                0.005837284773403473, 
                0.002426020063925188, 
                0.0019135399460639953, 
                0.004105426924671903, 
                0.009298774643517362, 
                0.016712787656060008, 
                0.023207890365083143, 
                0.02487757453838568, 
                0.020726654200517763, 
                0.013944395909651651, 
                0.00900143985270374, 
                0.008119508716784985, 
                0.01035004786765644, 
                0.013031109766534743, 
                0.014190323938767853, 
                0.014064395390381722, 
                0.0140412315724364, 
                0.01431460295559982, 
                0.013686651396172948, 
                0.011786434237366323, 
                0.010157593861834745, 
                0.010429741120066963, 
                0.012087284274868246, 
                0.012832813375979486, 
                0.011110269930007502, 
                0.007715609448925466, 
                0.004895075423318478, 
                0.004592681920181033, 
                0.007732185706003191, 
                0.01420435095380039, 
                0.02273532178388866, 
                0.030961938692574055, 
                0.036222067077784685, 
                0.036807193249265985, 
                0.03283298444106548, 
                0.026065158735179533, 
                0.01919226010243073, 
                0.01525736889550522, 
                0.016628841824727174, 
                0.023107453892957427, 
                0.030935113725385627, 
                0.034786997272992524, 
                0.031732469753702454, 
                0.023357230822714663, 
                0.014025116193303358, 
                0.007581804958062324, 
                0.005817053139407788, 
                0.008869740667805708, 
                0.01540037415348994, 
                0.02209750641854952, 
                0.02476759988012044, 
                0.02152468694381013, 
                0.01449036186302714, 
                0.007554838371677592
            ], 
            "incorrectMedian": 0.020819975063659363, 
            "correct": [
                0.21114073463849317, 
                0.22290573881762205, 
                0.23352645393062435, 
                0.24283902924652365, 
                0.25071485242089225, 
                0.25706508016087226, 
                0.2618433811947822, 
                0.2650467787976977, 
                0.26671459918595875, 
                0.2669256469120108, 
                0.26579383045707805, 
                0.26346254352684106, 
                0.2600981650884914, 
                0.25588307116994563, 
                0.25100855336237116, 
                0.2456680144146536, 
                0.2400507636703034, 
                0.2343366691701922, 
                0.22869184480585714, 
                0.22326546628002641, 
                0.21818772525473248, 
                0.21356885309762175, 
                0.20949907955925945, 
                0.20604934199087171, 
                0.2032725304705584, 
                0.2012050449912204, 
                0.19986845248185442, 
                0.1992710619235573, 
                0.1994092815719101, 
                0.2002686783321224, 
                0.20182471974896618, 
                0.2040432376027973, 
                0.20688070274844955, 
                0.2102844385014679, 
                0.21419292092861603, 
                0.21853631705361015, 
                0.22323739649812813, 
                0.22821292066754045, 
                0.23337557014829555, 
                0.23863642054367426, 
                0.24390792506728062, 
                0.24910731417324813, 
                0.25416028283334624, 
                0.2590048079677857, 
                0.26359492361857334, 
                0.267904279756458, 
                0.27192932080960264, 
                0.27569193982079426, 
                0.27924149087018874, 
                0.2826560734065907, 
                0.28604303526214864, 
                0.2895386749535067, 
                0.2933071577061555, 
                0.2975386933301772, 
                0.3024470576619569, 
                0.3082665725481058, 
                0.3152486913903912, 
                0.3236583662241394, 
                0.3337703952255129, 
                0.345865962565026, 
                0.36022958123410725, 
                0.3771466295011758, 
                0.3969016293853703, 
                0.4197773488316439, 
                0.4460547181293229, 
                0.4760134381774722, 
                0.5099330290338964, 
                0.5480939303363493, 
                0.5907781319676928, 
                0.638268697374513, 
                0.6908474584695518, 
                0.7487901259346357, 
                0.8123580873215416, 
                0.8817862709303821, 
                0.957266645604449, 
                1.0389272092728983, 
                1.1268066887069124, 
                1.2208256166453069, 
                1.320754946749222, 
                1.4261838773519124, 
                1.536489037094288, 
                1.6508075868358485, 
                1.76801705636736, 
                1.8867248067372957, 
                2.005269843146933, 
                2.121739268757418, 
                2.2340009583346196, 
                2.3397530623593497, 
                2.4365897777755006, 
                2.5220815218072543, 
                2.5938663265931607, 
                2.6497480578598602, 
                2.6877960782274997, 
                2.7064403430433828, 
                2.7045557274370724, 
                2.681529693383999, 
                2.6373082232579454, 
                2.5724162278802427, 
                2.487950288220007, 
                2.3855434740212007
            ], 
            "correctMedian": 0.9228695459636984
        }, 
        "STAR": {
            "incorrect": [
                1.8063982356371262, 
                2.218956768969505, 
                2.6370434638781446, 
                3.035921755902163, 
                3.39061864442078, 
                3.679148153405663, 
                3.885383202049523, 
                4.0010079214067495, 
                4.0261747699251105, 
                3.968784048595456, 
                3.8426176873938953, 
                3.6648023773325065, 
                3.4531777712103238, 
                3.2240817062203657, 
                2.9908738127749275, 
                2.7632815424639423, 
                2.547454121702743, 
                2.3465033695413435, 
                2.1612982667183043, 
                1.991324988038583, 
                1.8354783774361743, 
                1.6926873218826872, 
                1.5622991226334797, 
                1.4441792695883329, 
                1.3385393233848293, 
                1.2455790732164598, 
                1.1650892426419197, 
                1.0961738077154433, 
                1.0372023685292466, 
                0.986010181050208, 
                0.9402671939380227, 
                0.8978803021514858, 
                0.8572968843871283, 
                0.8176335511047511, 
                0.7786292963616228, 
                0.7404800964335058, 
                0.7036311031352358, 
                0.6685858871333579, 
                0.6357606373957811, 
                0.6053876707393436, 
                0.5774669926760017, 
                0.5517699840705725, 
                0.5279001313717688, 
                0.5054021716988337, 
                0.4838876155741766, 
                0.4631276289040354, 
                0.4430696887418318, 
                0.4237654335154595, 
                0.40524011476755706, 
                0.38736613850596996, 
                0.3698059436274038, 
                0.3520600202309385, 
                0.33360852207785513, 
                0.31409296610633675, 
                0.2934675973807089, 
                0.2720644230856808, 
                0.25055260995875356, 
                0.22981334119431984, 
                0.21077721442464808, 
                0.19427373598707923, 
                0.18092463765716743, 
                0.1710870398383463, 
                0.16483321476648397, 
                0.1619494378536188, 
                0.16194602736030397, 
                0.16408489761821685, 
                0.16743841869782233, 
                0.1709876167265956, 
                0.1737511244150739, 
                0.17491851136838218, 
                0.17395371455068956, 
                0.1706416944476066, 
                0.16507064107662, 
                0.15756293101982416, 
                0.14858043426776316, 
                0.13862971643865893, 
                0.12818399553223175, 
                0.11762909166549855, 
                0.1072354850637387, 
                0.09715760941831361, 
                0.08746013326416599, 
                0.07816556078200645, 
                0.06930914973902712, 
                0.06098135157705852, 
                0.05334014122652898, 
                0.04658656602913224, 
                0.0409118076383772, 
                0.03643562327436772, 
                0.033158850764953375, 
                0.030946251424155545, 
                0.029544248096943594, 
                0.028626569193342083, 
                0.0278535489474137, 
                0.026929272432192883, 
                0.025643957683705736, 
                0.023894811833610363, 
                0.021684830372214605, 
                0.01910389506236722, 
                0.01629916279211493, 
                0.013442108434220461
            ], 
            "incorrectMedian": 0.12242057242721485, 
            "correct": [
                0.033511698944935095, 
                0.041413377719361676, 
                0.050419318653321304, 
                0.060469867512687285, 
                0.0714447266789101, 
                0.08316773815434984, 
                0.09542184784714956, 
                0.10797377368388303, 
                0.12060537622794891, 
                0.13314635602300512, 
                0.14550143216727365, 
                0.15766523290275894, 
                0.16972003542610176, 
                0.18181499424327102, 
                0.19412983604368658, 
                0.20683006399809045, 
                0.22002335621246724, 
                0.23372722664470916, 
                0.24785589652786444, 
                0.26223014439264386, 
                0.27660868415005413, 
                0.29073467139478537, 
                0.3043874823181748, 
                0.3174287556344389, 
                0.3298330344221285, 
                0.3416967724640265, 
                0.35322410067524557, 
                0.36469250681987675, 
                0.37640546263375346, 
                0.3886413168893708, 
                0.4016081326234056, 
                0.41541265074430206, 
                0.4300486075510545, 
                0.4454058368156377, 
                0.4612976647996486, 
                0.47750076107280326, 
                0.49379942203655636, 
                0.5100256116188415, 
                0.5260870668004759, 
                0.5419782025154146, 
                0.5577719648854694, 
                0.5735945445634111, 
                0.5895882684636686, 
                0.6058703968531076, 
                0.6224965000189449, 
                0.6394363712989272, 
                0.6565681500184138, 
                0.6736928772607587, 
                0.6905677373574485, 
                0.7069525446555096, 
                0.7226614121432337, 
                0.7376105950213148, 
                0.7518544892935825, 
                0.7656044664882378, 
                0.7792289650125566, 
                0.7932370519847394, 
                0.8082504932237774, 
                0.8249704759561923, 
                0.8441443033127058, 
                0.866535037391971, 
                0.8928941443119092, 
                0.9239348447549821, 
                0.9603030689454198, 
                1.0025440791846667, 
                1.051065634644953, 
                1.106102023247738, 
                1.1676859888221651, 
                1.235636250877793, 
                1.3095662419138627, 
                1.3889150662305494, 
                1.472995640201409, 
                1.5610492753753842, 
                1.6522924897519702, 
                1.7459419536613228, 
                1.8412075830519223, 
                1.9372511007690865, 
                2.0331161262381827, 
                2.127643777454142, 
                2.2193928115310655, 
                2.3065842108156986, 
                2.387086688688588, 
                2.4584528044712175, 
                2.5180069668221807, 
                2.5629785128629363, 
                2.590666881135454, 
                2.5986225314331786, 
                2.5848267435956593, 
                2.5478551008803745, 
                2.487012325102906, 
                2.4024292010578545, 
                2.2951149640490836, 
                2.1669605718877594, 
                2.0206900421483383, 
                1.859759074514395, 
                1.6882030544735374, 
                1.5104405182760985, 
                1.3310430404996938, 
                1.1544875579355036, 
                0.9849112638610465, 
                0.8258912084593423
            ], 
            "correctMedian": 0.7891641159260638
        }, 
        "GALAXY": {
            "incorrect": [
                2.353011659741417, 
                2.565951228550992, 
                2.742218560948739, 
                2.8760555765084606, 
                2.9648562457040777, 
                3.009116718546626, 
                3.0119994264645746, 
                2.978628546157387, 
                2.9152700901473914, 
                2.8285472655934027, 
                2.724806304819058, 
                2.6096935962872827, 
                2.487948516947057, 
                2.363372366507792, 
                2.2389105210579716, 
                2.116783267798566, 
                1.99861559110217, 
                1.8855390708297437, 
                1.7782615664548003, 
                1.6771163281363202, 
                1.5821088132837284, 
                1.4929772475970722, 
                1.4092745928959913, 
                1.3304688534899614, 
                1.2560492565412131, 
                1.185620538688964, 
                1.1189677070108497, 
                1.0560790011052104, 
                0.9971237548549727, 
                0.942391901889208, 
                0.8922102104167595, 
                0.8468547247605522, 
                0.8064782524820596, 
                0.7710664496735898, 
                0.740427817465013, 
                0.7142141851504213, 
                0.6919614664559994, 
                0.6731373440188898, 
                0.6571835718369876, 
                0.6435450270796874, 
                0.6316837814029317, 
                0.62108221621506, 
                0.6112427750557745, 
                0.6016923402282847, 
                0.5919965245000318, 
                0.5817844627647735, 
                0.5707796634124078, 
                0.5588288635673855, 
                0.5459198257914796, 
                0.5321809151943662, 
                0.5178594555652488, 
                0.50328096490581, 
                0.48879592136118577, 
                0.4747235366062219, 
                0.4613025758379973, 
                0.44865769378193365, 
                0.43678665803400324, 
                0.4255699809773415, 
                0.41480058872613873, 
                0.4042277698601547, 
                0.3936071946501052, 
                0.38274764665029604, 
                0.3715455685652324, 
                0.36000071941759926, 
                0.3482099534519894, 
                0.3363407091834899, 
                0.3245902248510311, 
                0.31313965879524924, 
                0.3021133295395123, 
                0.2915518977812219, 
                0.28140486276338506, 
                0.2715431667339414, 
                0.261788178626471, 
                0.2519499464821255, 
                0.24186606636352753, 
                0.23143299439859033, 
                0.22062382175287693, 
                0.20948979340586188, 
                0.19814638951183233, 
                0.18674785219181467, 
                0.17545606182521545, 
                0.1644103426409355, 
                0.15370409798819787, 
                0.14337239619506162, 
                0.1333921933437643, 
                0.12369431893118327, 
                0.11418416553639826, 
                0.10476659338310797, 
                0.09537008431953738, 
                0.08596566150513331, 
                0.07657736193882848, 
                0.06728281340070275, 
                0.058204364143391134, 
                0.04949288165218557, 
                0.041307479216291444, 
                0.033794867360061445, 
                0.02707173374391205, 
                0.021212654623823542, 
                0.01624477635561539, 
                0.012149175325835532
            ], 
            "incorrectMedian": 0.12386686466594286, 
            "correct": [
                0.036643069841439974, 
                0.0425899473448881, 
                0.04850868128063452, 
                0.0541799845271059, 
                0.059398125819527955, 
                0.06401132726285517, 
                0.06796611843065581, 
                0.07134374067316059, 
                0.07437490508541565, 
                0.07742231108068678, 
                0.08092822352811958, 
                0.08533486718753079, 
                0.09099483158458836, 
                0.09809353989365312, 
                0.10660408449347235, 
                0.1162866706039233, 
                0.1267330345043252, 
                0.1374442273292398, 
                0.14792167635106054, 
                0.1577488019268376, 
                0.1666442079076277, 
                0.174476324711953, 
                0.1812408155230114, 
                0.1870128851484142, 
                0.1918937913886577, 
                0.1959721070181636, 
                0.19931486290684555, 
                0.20199282093991708, 
                0.20413093647827676, 
                0.20596398389353104, 
                0.20787260475778202, 
                0.21037914955436995, 
                0.21409500161363595, 
                0.21962774870343807, 
                0.22747172434045723, 
                0.23791334673234688, 
                0.25098003567963145, 
                0.2664488073716121, 
                0.2839121706534616, 
                0.3028810551654205, 
                0.32289332802218845, 
                0.34359566536920133, 
                0.3647761136755866, 
                0.38634109238868014, 
                0.4082482999257696, 
                0.43042042302533984, 
                0.4526699460465031, 
                0.47466169584599993, 
                0.49592868867424666, 
                0.5159418086534744, 
                0.5342189128886691, 
                0.5504478156981943, 
                0.5645928859691954, 
                0.5769578702884516, 
                0.5881875103343638, 
                0.5992053015101776, 
                0.6111006697935015, 
                0.6249916502629816, 
                0.6418951579788557, 
                0.6626342740577806, 
                0.6878012478670231, 
                0.7177791294557727, 
                0.752808546306432, 
                0.7930737306348175, 
                0.8387770056514754, 
                0.8901751348637241, 
                0.9475635191780672, 
                1.0112122722609456, 
                1.0812770514929009, 
                1.1577216323433437, 
                1.2402934551091138, 
                1.3285845491877561, 
                1.4221884788243953, 
                1.5209333713044058, 
                1.6251392419298851, 
                1.735823865644884, 
                1.854773417540875, 
                1.9844064396301246, 
                2.127391820904097, 
                2.2860281873961013, 
                2.461445277051969, 
                2.6527386133607083, 
                2.8561886945317494, 
                3.064737166467614, 
                3.2678873610918204, 
                3.452158105642791, 
                3.6021440759314887, 
                3.7021271707146717, 
                3.738057268312639, 
                3.699605437965018, 
                3.5819231187666367, 
                3.386747440727808, 
                3.1225888298161437, 
                2.8039089976611837, 
                2.4494057756431564, 
                2.079710879044372, 
                1.714924893861254, 
                1.372428551542368, 
                1.0653203063173096, 
                0.8016678290923188
            ], 
            "correctMedian": 0.8435197149336584
        }
    }, 
    "confusion": {
        "totalRows": 1800, 
        "perActual": {
            "QUASAR": {
                "perPredicted": {
                    "QUASAR": 168, 
                    "STAR": 9, 
                    "GALAXY": 11
                }, 
                "actualClassCount": 188.0
            }, 
            "STAR": {
                "perPredicted": {
                    "QUASAR": 11, 
                    "STAR": 587, 
                    "GALAXY": 99
                }, 
                "actualClassCount": 697.0
            }, 
            "GALAXY": {
                "perPredicted": {
                    "QUASAR": 3, 
                    "STAR": 75, 
                    "GALAXY": 837
                }, 
                "actualClassCount": 915.0
            }
        }
    }, 
    "metrics": {
        "f1": 0.8884428467135234, 
        "mcalibrationLoss": 0.058329160798898834, 
        "recall": 0.883517298128725, 
        "precision": 0.8939114503190879, 
        "logLoss": 0.3722333842312333, 
        "mrocAUC": 0.9680821733328641, 
        "hammingLoss": 0.11555555555555555, 
        "accuracy": 0.8844444444444445
    }, 
    "oneVsAllRocAUC": {
        "QUASAR": 0.978979132569558, 
        "STAR": 0.9550502022005981, 
        "GALAXY": 0.9559056528047912
    }, 
    "classes": [
        "GALAXY", 
        "STAR", 
        "QUASAR"
    ], 
    "globalMetrics": {
        "predictionAvg": [
            0.4917839846315089, 
            0.38937179440897385, 
            0.11884422095951733
        ], 
        "predictionStd": [
            0.3465115950556103, 
            0.3213611196881089, 
            0.2623536399162848
        ], 
        "targetStd": [
            0.5000694782189138, 
            0.4872505197420979, 
            0.30592122464608923
        ], 
        "targetAvg": [
            0.5083333333333333, 
            0.38722222222222225, 
            0.10444444444444445
        ], 
        "testWeight": 1800
    }, 
    "oneVsAllRocCurves": {
        "QUASAR": [
            {
                "y": 0.0, 
                "x": 0.0, 
                "p": 1.9926266944916722
            }, 
            {
                "y": 0.28191489361702127, 
                "x": 0.0, 
                "p": 0.972073882600392
            }, 
            {
                "y": 0.5851063829787234, 
                "x": 0.0012406947890818859, 
                "p": 0.8909020826537101
            }, 
            {
                "y": 0.648936170212766, 
                "x": 0.0024813895781637717, 
                "p": 0.8722529141374822
            }, 
            {
                "y": 0.7180851063829787, 
                "x": 0.003101736972704715, 
                "p": 0.8199794067859707
            }, 
            {
                "y": 0.8191489361702128, 
                "x": 0.005583126550868486, 
                "p": 0.6986428787273488
            }, 
            {
                "y": 0.8882978723404256, 
                "x": 0.008684863523573201, 
                "p": 0.4422013344118421
            }, 
            {
                "y": 0.9308510638297872, 
                "x": 0.020471464019851116, 
                "p": 0.21381990789571353
            }, 
            {
                "y": 0.9468085106382979, 
                "x": 0.05583126550868486, 
                "p": 0.10294851576750944
            }, 
            {
                "y": 0.9627659574468085, 
                "x": 0.12344913151364764, 
                "p": 0.060604824332222355
            }, 
            {
                "y": 0.9680851063829787, 
                "x": 0.26364764267990076, 
                "p": 0.03298387409712635
            }, 
            {
                "y": 0.9787234042553191, 
                "x": 0.304590570719603, 
                "p": 0.03064099985969123
            }, 
            {
                "y": 0.9840425531914894, 
                "x": 0.5198511166253101, 
                "p": 0.020113815484032713
            }, 
            {
                "y": 0.9840425531914894, 
                "x": 0.5955334987593052, 
                "p": 0.01748668164487849
            }, 
            {
                "y": 0.9893617021276596, 
                "x": 0.7754342431761787, 
                "p": 0.010041789149673686
            }, 
            {
                "y": 1.0, 
                "x": 0.8194789081885856, 
                "p": 0.0077435998865317416
            }, 
            {
                "y": 1.0, 
                "x": 0.901985111662531, 
                "p": 0.0041259161246832475
            }, 
            {
                "y": 1.0, 
                "x": 0.9627791563275434, 
                "p": 0.001218617595246761
            }, 
            {
                "y": 1.0, 
                "x": 1.0, 
                "p": 0.0
            }
        ], 
        "STAR": [
            {
                "y": 0.0, 
                "x": 0.0, 
                "p": 1.9959812671858783
            }, 
            {
                "y": 0.07317073170731707, 
                "x": 0.0009066183136899365, 
                "p": 0.9388082894325785
            }, 
            {
                "y": 0.21377331420373027, 
                "x": 0.0027198549410698096, 
                "p": 0.886476608510848
            }, 
            {
                "y": 0.3916786226685796, 
                "x": 0.003626473254759746, 
                "p": 0.8318467409973583
            }, 
            {
                "y": 0.4433285509325681, 
                "x": 0.007252946509519492, 
                "p": 0.8129530177354707
            }, 
            {
                "y": 0.4935437589670014, 
                "x": 0.008159564823209429, 
                "p": 0.7914005789599965
            }, 
            {
                "y": 0.5437589670014347, 
                "x": 0.009066183136899365, 
                "p": 0.7627941497839231
            }, 
            {
                "y": 0.6154949784791965, 
                "x": 0.016319129646418858, 
                "p": 0.7249670004104432
            }, 
            {
                "y": 0.6599713055954088, 
                "x": 0.022665457842248413, 
                "p": 0.6984705509053692
            }, 
            {
                "y": 0.7015781922525107, 
                "x": 0.03173164097914778, 
                "p": 0.6547712162072672
            }, 
            {
                "y": 0.7474892395982783, 
                "x": 0.038077969174977334, 
                "p": 0.6092296449383412
            }, 
            {
                "y": 0.7862266857962698, 
                "x": 0.04986400725294651, 
                "p": 0.546645847877466
            }, 
            {
                "y": 0.830703012912482, 
                "x": 0.06618313689936536, 
                "p": 0.5025534452131439
            }, 
            {
                "y": 0.860832137733142, 
                "x": 0.08612873980054397, 
                "p": 0.45145853223649896
            }, 
            {
                "y": 0.8880918220946915, 
                "x": 0.10970081595648232, 
                "p": 0.40252661434869874
            }, 
            {
                "y": 0.9110473457675753, 
                "x": 0.1387126019945603, 
                "p": 0.36193737381424845
            }, 
            {
                "y": 0.9296987087517934, 
                "x": 0.17044424297370808, 
                "p": 0.3180283054890374
            }, 
            {
                "y": 0.9440459110473458, 
                "x": 0.20670897552130554, 
                "p": 0.2861118369919993
            }, 
            {
                "y": 0.9569583931133429, 
                "x": 0.24660018132366274, 
                "p": 0.24008459253956743
            }, 
            {
                "y": 0.9713055954088953, 
                "x": 0.2828649138712602, 
                "p": 0.21515467629789456
            }, 
            {
                "y": 0.9784791965566715, 
                "x": 0.35086128739800543, 
                "p": 0.18005370862237172
            }, 
            {
                "y": 0.9827833572453372, 
                "x": 0.4932003626473255, 
                "p": 0.12436243702204187
            }, 
            {
                "y": 0.9913916786226685, 
                "x": 0.5494106980961015, 
                "p": 0.10636555895476076
            }, 
            {
                "y": 0.9956958393113343, 
                "x": 0.6128739800543971, 
                "p": 0.09127586906379542
            }, 
            {
                "y": 0.9971305595408895, 
                "x": 0.7733454215775158, 
                "p": 0.06348820040691
            }, 
            {
                "y": 0.9985652797704447, 
                "x": 0.9474161378059837, 
                "p": 0.02215731925804508
            }, 
            {
                "y": 1.0, 
                "x": 1.0, 
                "p": 0.004743742964111837
            }
        ], 
        "GALAXY": [
            {
                "y": 0.0, 
                "x": 0.0, 
                "p": 1.9806608714764962
            }, 
            {
                "y": 0.09398907103825137, 
                "x": 0.0, 
                "p": 0.9283705254153688
            }, 
            {
                "y": 0.2185792349726776, 
                "x": 0.0011299435028248588, 
                "p": 0.9069275554236796
            }, 
            {
                "y": 0.3158469945355191, 
                "x": 0.003389830508474576, 
                "p": 0.8906688974815736
            }, 
            {
                "y": 0.40765027322404374, 
                "x": 0.005649717514124294, 
                "p": 0.870684360205195
            }, 
            {
                "y": 0.48633879781420764, 
                "x": 0.007909604519774011, 
                "p": 0.8477934238818768
            }, 
            {
                "y": 0.5475409836065573, 
                "x": 0.011299435028248588, 
                "p": 0.8248406576641395
            }, 
            {
                "y": 0.5956284153005464, 
                "x": 0.014689265536723164, 
                "p": 0.8012279220948012
            }, 
            {
                "y": 0.6404371584699453, 
                "x": 0.020338983050847456, 
                "p": 0.7759115121479241
            }, 
            {
                "y": 0.6863387978142077, 
                "x": 0.02598870056497175, 
                "p": 0.7536452385860544
            }, 
            {
                "y": 0.7333333333333333, 
                "x": 0.03389830508474576, 
                "p": 0.722652484883701
            }, 
            {
                "y": 0.7792349726775957, 
                "x": 0.04745762711864407, 
                "p": 0.6793927362862614
            }, 
            {
                "y": 0.8163934426229508, 
                "x": 0.061016949152542375, 
                "p": 0.6353858306189903
            }, 
            {
                "y": 0.8469945355191257, 
                "x": 0.08248587570621468, 
                "p": 0.5860319406555289
            }, 
            {
                "y": 0.8775956284153006, 
                "x": 0.103954802259887, 
                "p": 0.5319706940712319
            }, 
            {
                "y": 0.907103825136612, 
                "x": 0.12542372881355932, 
                "p": 0.4849150237295545
            }, 
            {
                "y": 0.926775956284153, 
                "x": 0.16045197740112993, 
                "p": 0.4325888203530919
            }, 
            {
                "y": 0.946448087431694, 
                "x": 0.192090395480226, 
                "p": 0.3808974514565467
            }, 
            {
                "y": 0.9551912568306011, 
                "x": 0.23954802259887006, 
                "p": 0.3113901053749467
            }, 
            {
                "y": 0.9704918032786886, 
                "x": 0.2983050847457627, 
                "p": 0.251328992602383
            }, 
            {
                "y": 0.9792349726775956, 
                "x": 0.3559322033898305, 
                "p": 0.20584035145501478
            }, 
            {
                "y": 0.9868852459016394, 
                "x": 0.4192090395480226, 
                "p": 0.16606560075380628
            }, 
            {
                "y": 0.9901639344262295, 
                "x": 0.4711864406779661, 
                "p": 0.13863246766000245
            }, 
            {
                "y": 0.9912568306010929, 
                "x": 0.6214689265536724, 
                "p": 0.0846309127771015
            }, 
            {
                "y": 0.994535519125683, 
                "x": 0.6745762711864407, 
                "p": 0.06487241620675854
            }, 
            {
                "y": 0.9978142076502732, 
                "x": 0.8892655367231639, 
                "p": 0.011533463379935634
            }, 
            {
                "y": 0.9989071038251366, 
                "x": 0.9977401129943503, 
                "p": 5.289265374832525e-05
            }, 
            {
                "y": 1.0, 
                "x": 1.0, 
                "p": 0.0
            }
        ]
    }, 
    "processed_feature_names": [
        "A", 
        "B", 
        "C", 
        "D", 
        "E", 
        "F", 
        "G", 
        "H", 
        "I", 
        "J", 
        "camcol", 
        "dec", 
        "field", 
        "g", 
        "i", 
        "r", 
        "ra", 
        "run", 
        "u", 
        "z"
    ]
}