[
    {
        "fit_time": 2546, 
        "best_iteration": null, 
        "test_score": 0.878397212543554, 
        "time": 2823, 
        "split_id": 0, 
        "parameters": {
            "max_features": "auto", 
            "n_estimators": 100, 
            "min_samples_split": 3, 
            "max_depth": 13, 
            "min_samples_leaf": 1
        }, 
        "num_samples": 2870, 
        "score_time": 277, 
        "train_score": 0.9412636165577342, 
        "done_at": 1635183371049, 
        "test_score_gib": 0.878397212543554
    }, 
    {
        "fit_time": 2583, 
        "best_iteration": null, 
        "test_score": 0.8693379790940766, 
        "time": 3061, 
        "split_id": 1, 
        "parameters": {
            "max_features": "auto", 
            "n_estimators": 100, 
            "min_samples_split": 3, 
            "max_depth": 13, 
            "min_samples_leaf": 1
        }, 
        "num_samples": 2870, 
        "score_time": 478, 
        "train_score": 0.9406535947712419, 
        "done_at": 1635183371289, 
        "test_score_gib": 0.8693379790940766
    }, 
    {
        "fit_time": 2577, 
        "best_iteration": null, 
        "test_score": 0.8762635064482398, 
        "time": 3038, 
        "split_id": 2, 
        "parameters": {
            "max_features": "auto", 
            "n_estimators": 100, 
            "min_samples_split": 3, 
            "max_depth": 13, 
            "min_samples_leaf": 1
        }, 
        "num_samples": 2869, 
        "score_time": 461, 
        "train_score": 0.9428372255141164, 
        "done_at": 1635183371274, 
        "test_score_gib": 0.8762635064482398
    }, 
    {
        "fit_time": 2521, 
        "best_iteration": null, 
        "test_score": 0.8716875871687587, 
        "time": 2753, 
        "split_id": 3, 
        "parameters": {
            "max_features": "auto", 
            "n_estimators": 100, 
            "min_samples_split": 3, 
            "max_depth": 13, 
            "min_samples_leaf": 1
        }, 
        "num_samples": 2868, 
        "score_time": 232, 
        "train_score": 0.9438877755511023, 
        "done_at": 1635183370987, 
        "test_score_gib": 0.8716875871687587
    }, 
    {
        "fit_time": 2325, 
        "best_iteration": null, 
        "test_score": 0.8720362622036262, 
        "time": 3405, 
        "split_id": 4, 
        "parameters": {
            "max_features": "auto", 
            "n_estimators": 100, 
            "min_samples_split": 3, 
            "max_depth": 13, 
            "min_samples_leaf": 1
        }, 
        "num_samples": 2868, 
        "score_time": 1080, 
        "train_score": 0.940925328918707, 
        "done_at": 1635183374398, 
        "test_score_gib": 0.8720362622036262
    }, 
    {
        "fit_time": 1838, 
        "best_iteration": null, 
        "test_score": 0.8, 
        "time": 2120, 
        "split_id": 0, 
        "parameters": {
            "max_features": "auto", 
            "n_estimators": 100, 
            "min_samples_split": 3, 
            "max_depth": 6, 
            "min_samples_leaf": 1
        }, 
        "num_samples": 2870, 
        "score_time": 282, 
        "train_score": 0.8173420479302832, 
        "done_at": 1635183373176, 
        "test_score_gib": 0.8
    }, 
    {
        "fit_time": 1854, 
        "best_iteration": null, 
        "test_score": 0.8045296167247387, 
        "time": 2409, 
        "split_id": 1, 
        "parameters": {
            "max_features": "auto", 
            "n_estimators": 100, 
            "min_samples_split": 3, 
            "max_depth": 6, 
            "min_samples_leaf": 1
        }, 
        "num_samples": 2870, 
        "score_time": 555, 
        "train_score": 0.8232679738562092, 
        "done_at": 1635183373701, 
        "test_score_gib": 0.8045296167247387
    }, 
    {
        "fit_time": 1838, 
        "best_iteration": null, 
        "test_score": 0.8062042523527362, 
        "time": 2379, 
        "split_id": 2, 
        "parameters": {
            "max_features": "auto", 
            "n_estimators": 100, 
            "min_samples_split": 3, 
            "max_depth": 6, 
            "min_samples_leaf": 1
        }, 
        "num_samples": 2869, 
        "score_time": 541, 
        "train_score": 0.8267689090275357, 
        "done_at": 1635183373687, 
        "test_score_gib": 0.8062042523527362
    }, 
    {
        "fit_time": 1603, 
        "best_iteration": null, 
        "test_score": 0.8117154811715481, 
        "time": 2166, 
        "split_id": 3, 
        "parameters": {
            "max_features": "auto", 
            "n_estimators": 100, 
            "min_samples_split": 3, 
            "max_depth": 6, 
            "min_samples_leaf": 1
        }, 
        "num_samples": 2868, 
        "score_time": 563, 
        "train_score": 0.821381894223229, 
        "done_at": 1635183375347, 
        "test_score_gib": 0.8117154811715481
    }, 
    {
        "fit_time": 1862, 
        "best_iteration": null, 
        "test_score": 0.8106694560669456, 
        "time": 2372, 
        "split_id": 4, 
        "parameters": {
            "max_features": "auto", 
            "n_estimators": 100, 
            "min_samples_split": 3, 
            "max_depth": 6, 
            "min_samples_leaf": 1
        }, 
        "num_samples": 2868, 
        "score_time": 510, 
        "train_score": 0.8216432865731463, 
        "done_at": 1635183376064, 
        "test_score_gib": 0.8106694560669456
    }, 
    {
        "fit_time": 2436, 
        "best_iteration": null, 
        "test_score": 0.8602787456445993, 
        "time": 3248, 
        "split_id": 0, 
        "parameters": {
            "max_features": "auto", 
            "n_estimators": 100, 
            "min_samples_split": 30, 
            "max_depth": 13, 
            "min_samples_leaf": 10
        }, 
        "num_samples": 2870, 
        "score_time": 812, 
        "train_score": 0.8882788671023966, 
        "done_at": 1635183376981, 
        "test_score_gib": 0.8602787456445993
    }, 
    {
        "fit_time": 2374, 
        "best_iteration": null, 
        "test_score": 0.8616724738675958, 
        "time": 2942, 
        "split_id": 1, 
        "parameters": {
            "max_features": "auto", 
            "n_estimators": 100, 
            "min_samples_split": 30, 
            "max_depth": 13, 
            "min_samples_leaf": 10
        }, 
        "num_samples": 2870, 
        "score_time": 568, 
        "train_score": 0.8899346405228759, 
        "done_at": 1635183377357, 
        "test_score_gib": 0.8616724738675958
    }, 
    {
        "fit_time": 2478, 
        "best_iteration": null, 
        "test_score": 0.8602300453119553, 
        "time": 3006, 
        "split_id": 2, 
        "parameters": {
            "max_features": "auto", 
            "n_estimators": 100, 
            "min_samples_split": 30, 
            "max_depth": 13, 
            "min_samples_leaf": 10
        }, 
        "num_samples": 2869, 
        "score_time": 528, 
        "train_score": 0.8888985709306378, 
        "done_at": 1635183378362, 
        "test_score_gib": 0.8602300453119553
    }, 
    {
        "fit_time": 2307, 
        "best_iteration": null, 
        "test_score": 0.8622733612273361, 
        "time": 2833, 
        "split_id": 3, 
        "parameters": {
            "max_features": "auto", 
            "n_estimators": 100, 
            "min_samples_split": 30, 
            "max_depth": 13, 
            "min_samples_leaf": 10
        }, 
        "num_samples": 2868, 
        "score_time": 526, 
        "train_score": 0.8947460137666637, 
        "done_at": 1635183378908, 
        "test_score_gib": 0.8622733612273361
    }, 
    {
        "fit_time": 2210, 
        "best_iteration": null, 
        "test_score": 0.8528591352859135, 
        "time": 2888, 
        "split_id": 4, 
        "parameters": {
            "max_features": "auto", 
            "n_estimators": 100, 
            "min_samples_split": 30, 
            "max_depth": 13, 
            "min_samples_leaf": 10
        }, 
        "num_samples": 2868, 
        "score_time": 678, 
        "train_score": 0.8906508669512939, 
        "done_at": 1635183379877, 
        "test_score_gib": 0.8528591352859135
    }, 
    {
        "fit_time": 1891, 
        "best_iteration": null, 
        "test_score": 0.8491289198606272, 
        "time": 2531, 
        "split_id": 0, 
        "parameters": {
            "max_features": "auto", 
            "n_estimators": 100, 
            "min_samples_split": 60, 
            "max_depth": 13, 
            "min_samples_leaf": 20
        }, 
        "num_samples": 2870, 
        "score_time": 640, 
        "train_score": 0.8670152505446623, 
        "done_at": 1635183379902, 
        "test_score_gib": 0.8491289198606272
    }, 
    {
        "fit_time": 2280, 
        "best_iteration": null, 
        "test_score": 0.8449477351916377, 
        "time": 2914, 
        "split_id": 1, 
        "parameters": {
            "max_features": "auto", 
            "n_estimators": 100, 
            "min_samples_split": 60, 
            "max_depth": 13, 
            "min_samples_leaf": 20
        }, 
        "num_samples": 2870, 
        "score_time": 634, 
        "train_score": 0.8660566448801743, 
        "done_at": 1635183381281, 
        "test_score_gib": 0.8449477351916377
    }, 
    {
        "fit_time": 2058, 
        "best_iteration": null, 
        "test_score": 0.8431509236667829, 
        "time": 2588, 
        "split_id": 2, 
        "parameters": {
            "max_features": "auto", 
            "n_estimators": 100, 
            "min_samples_split": 60, 
            "max_depth": 13, 
            "min_samples_leaf": 20
        }, 
        "num_samples": 2869, 
        "score_time": 530, 
        "train_score": 0.8678110840013942, 
        "done_at": 1635183381510, 
        "test_score_gib": 0.8431509236667829
    }, 
    {
        "fit_time": 2313, 
        "best_iteration": null, 
        "test_score": 0.8472803347280334, 
        "time": 2755, 
        "split_id": 3, 
        "parameters": {
            "max_features": "auto", 
            "n_estimators": 100, 
            "min_samples_split": 60, 
            "max_depth": 13, 
            "min_samples_leaf": 20
        }, 
        "num_samples": 2868, 
        "score_time": 442, 
        "train_score": 0.8711335714908077, 
        "done_at": 1635183382651, 
        "test_score_gib": 0.8472803347280334
    }, 
    {
        "fit_time": 2220, 
        "best_iteration": null, 
        "test_score": 0.8420502092050209, 
        "time": 2727, 
        "split_id": 4, 
        "parameters": {
            "max_features": "auto", 
            "n_estimators": 100, 
            "min_samples_split": 60, 
            "max_depth": 13, 
            "min_samples_leaf": 20
        }, 
        "num_samples": 2868, 
        "score_time": 507, 
        "train_score": 0.8697394789579158, 
        "done_at": 1635183382640, 
        "test_score_gib": 0.8420502092050209
    }, 
    {
        "fit_time": 2336, 
        "best_iteration": null, 
        "test_score": 0.8466898954703833, 
        "time": 2820, 
        "split_id": 0, 
        "parameters": {
            "max_features": "auto", 
            "n_estimators": 100, 
            "min_samples_split": 60, 
            "max_depth": 20, 
            "min_samples_leaf": 20
        }, 
        "num_samples": 2870, 
        "score_time": 484, 
        "train_score": 0.8724183006535948, 
        "done_at": 1635183384117, 
        "test_score_gib": 0.8466898954703833
    }, 
    {
        "fit_time": 2128, 
        "best_iteration": null, 
        "test_score": 0.8491289198606272, 
        "time": 2580, 
        "split_id": 1, 
        "parameters": {
            "max_features": "auto", 
            "n_estimators": 100, 
            "min_samples_split": 60, 
            "max_depth": 20, 
            "min_samples_leaf": 20
        }, 
        "num_samples": 2870, 
        "score_time": 452, 
        "train_score": 0.8739869281045751, 
        "done_at": 1635183384105, 
        "test_score_gib": 0.8491289198606272
    }, 
    {
        "fit_time": 2434, 
        "best_iteration": null, 
        "test_score": 0.8455907981875218, 
        "time": 2989, 
        "split_id": 2, 
        "parameters": {
            "max_features": "auto", 
            "n_estimators": 100, 
            "min_samples_split": 60, 
            "max_depth": 20, 
            "min_samples_leaf": 20
        }, 
        "num_samples": 2869, 
        "score_time": 555, 
        "train_score": 0.8728651097943534, 
        "done_at": 1635183385638, 
        "test_score_gib": 0.8455907981875218
    }, 
    {
        "fit_time": 2555, 
        "best_iteration": null, 
        "test_score": 0.8535564853556485, 
        "time": 3126, 
        "split_id": 3, 
        "parameters": {
            "max_features": "auto", 
            "n_estimators": 100, 
            "min_samples_split": 60, 
            "max_depth": 20, 
            "min_samples_leaf": 20
        }, 
        "num_samples": 2868, 
        "score_time": 571, 
        "train_score": 0.8786268188551015, 
        "done_at": 1635183385791, 
        "test_score_gib": 0.8535564853556485
    }, 
    {
        "fit_time": 2610, 
        "best_iteration": null, 
        "test_score": 0.844839609483961, 
        "time": 3377, 
        "split_id": 4, 
        "parameters": {
            "max_features": "auto", 
            "n_estimators": 100, 
            "min_samples_split": 60, 
            "max_depth": 20, 
            "min_samples_leaf": 20
        }, 
        "num_samples": 2868, 
        "score_time": 767, 
        "train_score": 0.8759257645726235, 
        "done_at": 1635183387493, 
        "test_score_gib": 0.844839609483961
    }, 
    {
        "fit_time": 1911, 
        "best_iteration": null, 
        "test_score": 0.7982578397212543, 
        "time": 2631, 
        "split_id": 0, 
        "parameters": {
            "max_features": "auto", 
            "n_estimators": 100, 
            "min_samples_split": 30, 
            "max_depth": 6, 
            "min_samples_leaf": 10
        }, 
        "num_samples": 2870, 
        "score_time": 720, 
        "train_score": 0.8158605664488018, 
        "done_at": 1635183386754, 
        "test_score_gib": 0.7982578397212543
    }, 
    {
        "fit_time": 1711, 
        "best_iteration": null, 
        "test_score": 0.810801393728223, 
        "time": 2386, 
        "split_id": 1, 
        "parameters": {
            "max_features": "auto", 
            "n_estimators": 100, 
            "min_samples_split": 30, 
            "max_depth": 6, 
            "min_samples_leaf": 10
        }, 
        "num_samples": 2870, 
        "score_time": 675, 
        "train_score": 0.8239651416122005, 
        "done_at": 1635183388031, 
        "test_score_gib": 0.810801393728223
    }, 
    {
        "fit_time": 1540, 
        "best_iteration": null, 
        "test_score": 0.801673056814221, 
        "time": 2215, 
        "split_id": 2, 
        "parameters": {
            "max_features": "auto", 
            "n_estimators": 100, 
            "min_samples_split": 30, 
            "max_depth": 6, 
            "min_samples_leaf": 10
        }, 
        "num_samples": 2869, 
        "score_time": 675, 
        "train_score": 0.8201463924712443, 
        "done_at": 1635183388015, 
        "test_score_gib": 0.801673056814221
    }, 
    {
        "fit_time": 1351, 
        "best_iteration": null, 
        "test_score": 0.8131101813110181, 
        "time": 2228, 
        "split_id": 3, 
        "parameters": {
            "max_features": "auto", 
            "n_estimators": 100, 
            "min_samples_split": 30, 
            "max_depth": 6, 
            "min_samples_leaf": 10
        }, 
        "num_samples": 2868, 
        "score_time": 877, 
        "train_score": 0.8199878016903372, 
        "done_at": 1635183388996, 
        "test_score_gib": 0.8131101813110181
    }, 
    {
        "fit_time": 1699, 
        "best_iteration": null, 
        "test_score": 0.8110181311018131, 
        "time": 2165, 
        "split_id": 4, 
        "parameters": {
            "max_features": "auto", 
            "n_estimators": 100, 
            "min_samples_split": 30, 
            "max_depth": 6, 
            "min_samples_leaf": 10
        }, 
        "num_samples": 2868, 
        "score_time": 466, 
        "train_score": 0.8202491940402544, 
        "done_at": 1635183389668, 
        "test_score_gib": 0.8110181311018131
    }, 
    {
        "fit_time": 1650, 
        "best_iteration": null, 
        "test_score": 0.8003484320557491, 
        "time": 2261, 
        "split_id": 0, 
        "parameters": {
            "max_features": "auto", 
            "n_estimators": 100, 
            "min_samples_split": 60, 
            "max_depth": 6, 
            "min_samples_leaf": 20
        }, 
        "num_samples": 2870, 
        "score_time": 611, 
        "train_score": 0.8179520697167756, 
        "done_at": 1635183390292, 
        "test_score_gib": 0.8003484320557491
    }, 
    {
        "fit_time": 1507, 
        "best_iteration": null, 
        "test_score": 0.8041811846689896, 
        "time": 2160, 
        "split_id": 1, 
        "parameters": {
            "max_features": "auto", 
            "n_estimators": 100, 
            "min_samples_split": 60, 
            "max_depth": 6, 
            "min_samples_leaf": 20
        }, 
        "num_samples": 2870, 
        "score_time": 653, 
        "train_score": 0.8162962962962963, 
        "done_at": 1635183390207, 
        "test_score_gib": 0.8041811846689896
    }, 
    {
        "fit_time": 1594, 
        "best_iteration": null, 
        "test_score": 0.8002788428023702, 
        "time": 2377, 
        "split_id": 2, 
        "parameters": {
            "max_features": "auto", 
            "n_estimators": 100, 
            "min_samples_split": 60, 
            "max_depth": 6, 
            "min_samples_leaf": 20
        }, 
        "num_samples": 2869, 
        "score_time": 783, 
        "train_score": 0.814046706169397, 
        "done_at": 1635183391382, 
        "test_score_gib": 0.8002788428023702
    }, 
    {
        "fit_time": 1726, 
        "best_iteration": null, 
        "test_score": 0.8068340306834031, 
        "time": 2111, 
        "split_id": 3, 
        "parameters": {
            "max_features": "auto", 
            "n_estimators": 100, 
            "min_samples_split": 60, 
            "max_depth": 6, 
            "min_samples_leaf": 20
        }, 
        "num_samples": 2868, 
        "score_time": 385, 
        "train_score": 0.8135401237257123, 
        "done_at": 1635183391783, 
        "test_score_gib": 0.8068340306834031
    }, 
    {
        "fit_time": 1796, 
        "best_iteration": null, 
        "test_score": 0.8064853556485355, 
        "time": 2527, 
        "split_id": 4, 
        "parameters": {
            "max_features": "auto", 
            "n_estimators": 100, 
            "min_samples_split": 60, 
            "max_depth": 6, 
            "min_samples_leaf": 20
        }, 
        "num_samples": 2868, 
        "score_time": 731, 
        "train_score": 0.8160669164415788, 
        "done_at": 1635183392744, 
        "test_score_gib": 0.8064853556485355
    }, 
    {
        "fit_time": 2694, 
        "best_iteration": null, 
        "test_score": 0.8912891986062718, 
        "time": 3417, 
        "split_id": 0, 
        "parameters": {
            "max_features": "auto", 
            "n_estimators": 100, 
            "min_samples_split": 3, 
            "max_depth": 20, 
            "min_samples_leaf": 1
        }, 
        "num_samples": 2870, 
        "score_time": 723, 
        "train_score": 0.9959041394335512, 
        "done_at": 1635183393720, 
        "test_score_gib": 0.8912891986062718
    }, 
    {
        "fit_time": 3025, 
        "best_iteration": null, 
        "test_score": 0.8958188153310105, 
        "time": 3708, 
        "split_id": 1, 
        "parameters": {
            "max_features": "auto", 
            "n_estimators": 100, 
            "min_samples_split": 3, 
            "max_depth": 20, 
            "min_samples_leaf": 1
        }, 
        "num_samples": 2870, 
        "score_time": 683, 
        "train_score": 0.9946840958605665, 
        "done_at": 1635183395098, 
        "test_score_gib": 0.8958188153310105
    }, 
    {
        "fit_time": 2837, 
        "best_iteration": null, 
        "test_score": 0.892645521087487, 
        "time": 3453, 
        "split_id": 2, 
        "parameters": {
            "max_features": "auto", 
            "n_estimators": 100, 
            "min_samples_split": 3, 
            "max_depth": 20, 
            "min_samples_leaf": 1
        }, 
        "num_samples": 2869, 
        "score_time": 616, 
        "train_score": 0.9959916347159289, 
        "done_at": 1635183395247, 
        "test_score_gib": 0.892645521087487
    }, 
    {
        "fit_time": 2625, 
        "best_iteration": null, 
        "test_score": 0.8936541143654114, 
        "time": 3598, 
        "split_id": 3, 
        "parameters": {
            "max_features": "auto", 
            "n_estimators": 100, 
            "min_samples_split": 3, 
            "max_depth": 20, 
            "min_samples_leaf": 1
        }, 
        "num_samples": 2868, 
        "score_time": 973, 
        "train_score": 0.9954691992681014, 
        "done_at": 1635183396356, 
        "test_score_gib": 0.8936541143654114
    }, 
    {
        "fit_time": 2885, 
        "best_iteration": null, 
        "test_score": 0.8926080892608089, 
        "time": 3606, 
        "split_id": 4, 
        "parameters": {
            "max_features": "auto", 
            "n_estimators": 100, 
            "min_samples_split": 3, 
            "max_depth": 20, 
            "min_samples_leaf": 1
        }, 
        "num_samples": 2868, 
        "score_time": 721, 
        "train_score": 0.9967761610176875, 
        "done_at": 1635183397338, 
        "test_score_gib": 0.8926080892608089
    }, 
    {
        "fit_time": 2515, 
        "best_iteration": null, 
        "test_score": 0.8700348432055749, 
        "time": 3219, 
        "split_id": 0, 
        "parameters": {
            "max_features": "auto", 
            "n_estimators": 100, 
            "min_samples_split": 30, 
            "max_depth": 20, 
            "min_samples_leaf": 10
        }, 
        "num_samples": 2870, 
        "score_time": 704, 
        "train_score": 0.9068409586056645, 
        "done_at": 1635183398329, 
        "test_score_gib": 0.8700348432055749
    }, 
    {
        "fit_time": 2580, 
        "best_iteration": null, 
        "test_score": 0.8689895470383275, 
        "time": 3146, 
        "split_id": 1, 
        "parameters": {
            "max_features": "auto", 
            "n_estimators": 100, 
            "min_samples_split": 30, 
            "max_depth": 20, 
            "min_samples_leaf": 10
        }, 
        "num_samples": 2870, 
        "score_time": 566, 
        "train_score": 0.907276688453159, 
        "done_at": 1635183398428, 
        "test_score_gib": 0.8689895470383275
    }, 
    {
        "fit_time": 2151, 
        "best_iteration": null, 
        "test_score": 0.8668525618682468, 
        "time": 2797, 
        "split_id": 2, 
        "parameters": {
            "max_features": "auto", 
            "n_estimators": 100, 
            "min_samples_split": 30, 
            "max_depth": 20, 
            "min_samples_leaf": 10
        }, 
        "num_samples": 2869, 
        "score_time": 646, 
        "train_score": 0.9071104914604392, 
        "done_at": 1635183399165, 
        "test_score_gib": 0.8668525618682468
    }, 
    {
        "fit_time": 1870, 
        "best_iteration": null, 
        "test_score": 0.8702928870292888, 
        "time": 2133, 
        "split_id": 3, 
        "parameters": {
            "max_features": "auto", 
            "n_estimators": 100, 
            "min_samples_split": 30, 
            "max_depth": 20, 
            "min_samples_leaf": 10
        }, 
        "num_samples": 2868, 
        "score_time": 263, 
        "train_score": 0.9107780778949203, 
        "done_at": 1635183399491, 
        "test_score_gib": 0.8702928870292888
    }, 
    {
        "fit_time": 1369, 
        "best_iteration": null, 
        "test_score": 0.8668061366806137, 
        "time": 1566, 
        "split_id": 4, 
        "parameters": {
            "max_features": "auto", 
            "n_estimators": 100, 
            "min_samples_split": 30, 
            "max_depth": 20, 
            "min_samples_leaf": 10
        }, 
        "num_samples": 2868, 
        "score_time": 197, 
        "train_score": 0.9095582469286398, 
        "done_at": 1635183399910, 
        "test_score_gib": 0.8668061366806137
    }
]