{
    "gridSize": 9, 
    "nThreads": 4, 
    "metric": "ACCURACY", 
    "gridPoints": [
        {
            "scoreTimeMean": 505.6, 
            "best_iteration": null, 
            "time": 15080, 
            "trainScoreMean": 0.9419133063878405, 
            "finishedAt": 1635183374398, 
            "fitTimeStd": 95.35114052805032, 
            "testScoreStd": 0.003297633096579242, 
            "scoreTimeStd": 303.2494682600449, 
            "parameters": {
                "max_features": "auto", 
                "n_estimators": 100, 
                "min_samples_split": 3, 
                "max_depth": 13, 
                "min_samples_leaf": 1
            }, 
            "testScoreMean": 0.8735447891251307, 
            "score": 0.8735447891251307, 
            "trainScoreStd": 0.001243883105873276, 
            "testScoreGibMean": 0.8735447891251307, 
            "fitTimeMean": 2510.4
        }, 
        {
            "scoreTimeMean": 490.2, 
            "best_iteration": null, 
            "time": 11446, 
            "trainScoreMean": 0.822080653959654, 
            "finishedAt": 1635183376064, 
            "fitTimeStd": 98.43982933751968, 
            "testScoreStd": 0.004259835026802289, 
            "scoreTimeStd": 105.65869580872177, 
            "parameters": {
                "max_features": "auto", 
                "n_estimators": 100, 
                "min_samples_split": 3, 
                "max_depth": 6, 
                "min_samples_leaf": 1
            }, 
            "testScoreMean": 0.8066225165562914, 
            "score": 0.8066225165562914, 
            "trainScoreStd": 0.003050622483349225, 
            "testScoreGibMean": 0.8066225165562914, 
            "fitTimeMean": 1799.0
        }, 
        {
            "scoreTimeMean": 622.4, 
            "best_iteration": null, 
            "time": 14917, 
            "trainScoreMean": 0.8905012910968025, 
            "finishedAt": 1635183379877, 
            "fitTimeStd": 95.0789145920377, 
            "testScoreStd": 0.0033949584142798444, 
            "scoreTimeStd": 109.72985008647373, 
            "parameters": {
                "max_features": "auto", 
                "n_estimators": 100, 
                "min_samples_split": 30, 
                "max_depth": 13, 
                "min_samples_leaf": 10
            }, 
            "testScoreMean": 0.8594632276054375, 
            "score": 0.8594632276054375, 
            "trainScoreStd": 0.0022744037573527967, 
            "testScoreGibMean": 0.8594632276054375, 
            "fitTimeMean": 2361.0
        }, 
        {
            "scoreTimeMean": 550.6, 
            "best_iteration": null, 
            "time": 13515, 
            "trainScoreMean": 0.8683506621510089, 
            "finishedAt": 1635183382651, 
            "fitTimeStd": 157.40724252714676, 
            "testScoreStd": 0.0026032865106199554, 
            "scoreTimeStd": 76.24591792351903, 
            "parameters": {
                "max_features": "auto", 
                "n_estimators": 100, 
                "min_samples_split": 60, 
                "max_depth": 13, 
                "min_samples_leaf": 20
            }, 
            "testScoreMean": 0.8453119553851516, 
            "score": 0.8453119553851516, 
            "trainScoreStd": 0.0018444221127086168, 
            "testScoreGibMean": 0.8453119553851516, 
            "fitTimeMean": 2152.4
        }, 
        {
            "scoreTimeMean": 565.8, 
            "best_iteration": null, 
            "time": 14892, 
            "trainScoreMean": 0.8747640164382477, 
            "finishedAt": 1635183387493, 
            "fitTimeStd": 171.2116818444349, 
            "testScoreStd": 0.0031507733928270946, 
            "scoreTimeStd": 109.78779531441553, 
            "parameters": {
                "max_features": "auto", 
                "n_estimators": 100, 
                "min_samples_split": 60, 
                "max_depth": 20, 
                "min_samples_leaf": 20
            }, 
            "testScoreMean": 0.8479609620076681, 
            "score": 0.8479609620076681, 
            "trainScoreStd": 0.0022794496518719638, 
            "testScoreGibMean": 0.8479609620076681, 
            "fitTimeMean": 2412.6
        }, 
        {
            "scoreTimeMean": 682.6, 
            "best_iteration": null, 
            "time": 11625, 
            "trainScoreMean": 0.8200417905814161, 
            "finishedAt": 1635183389668, 
            "fitTimeStd": 187.3260259547509, 
            "testScoreStd": 0.005877768750440742, 
            "scoreTimeStd": 131.31732558958092, 
            "parameters": {
                "max_features": "auto", 
                "n_estimators": 100, 
                "min_samples_split": 30, 
                "max_depth": 6, 
                "min_samples_leaf": 10
            }, 
            "testScoreMean": 0.8069710700592541, 
            "score": 0.8069710700592541, 
            "trainScoreStd": 0.002566851530821443, 
            "testScoreGibMean": 0.8069710700592541, 
            "fitTimeMean": 1642.4
        }, 
        {
            "scoreTimeMean": 632.6, 
            "best_iteration": null, 
            "time": 11436, 
            "trainScoreMean": 0.8155807460200284, 
            "finishedAt": 1635183392744, 
            "fitTimeStd": 100.5695779050504, 
            "testScoreStd": 0.002853731871852604, 
            "scoreTimeStd": 137.47086964153533, 
            "parameters": {
                "max_features": "auto", 
                "n_estimators": 100, 
                "min_samples_split": 60, 
                "max_depth": 6, 
                "min_samples_leaf": 20
            }, 
            "testScoreMean": 0.8036249564308121, 
            "score": 0.8036249564308121, 
            "trainScoreStd": 0.001605588502332623, 
            "testScoreGibMean": 0.8036249564308121, 
            "fitTimeMean": 1654.6
        }, 
        {
            "scoreTimeMean": 743.2, 
            "best_iteration": null, 
            "time": 17782, 
            "trainScoreMean": 0.9957649305398228, 
            "finishedAt": 1635183397338, 
            "fitTimeStd": 141.56892314346393, 
            "testScoreStd": 0.0015084295415940911, 
            "scoreTimeStd": 121.2541133322907, 
            "parameters": {
                "max_features": "auto", 
                "n_estimators": 100, 
                "min_samples_split": 3, 
                "max_depth": 20, 
                "min_samples_leaf": 1
            }, 
            "testScoreMean": 0.8932032066922273, 
            "score": 0.8932032066922273, 
            "trainScoreStd": 0.0006854266691990531, 
            "testScoreGibMean": 0.8932032066922273, 
            "fitTimeMean": 2813.2
        }, 
        {
            "scoreTimeMean": 475.2, 
            "best_iteration": null, 
            "time": 12861, 
            "trainScoreMean": 0.9083124591601808, 
            "finishedAt": 1635183399910, 
            "fitTimeStd": 445.5203699046767, 
            "testScoreStd": 0.0015064139487112407, 
            "scoreTimeStd": 206.00524265173448, 
            "parameters": {
                "max_features": "auto", 
                "n_estimators": 100, 
                "min_samples_split": 30, 
                "max_depth": 20, 
                "min_samples_leaf": 10
            }, 
            "testScoreMean": 0.8685953293830603, 
            "score": 0.8685953293830603, 
            "trainScoreStd": 0.001569241400145376, 
            "testScoreGibMean": 0.8685953293830603, 
            "fitTimeMean": 2097.0
        }
    ], 
    "timeout": null, 
    "startedAt": 1635183368222, 
    "nSplits": 5
}