{
    "usedGridSearch": true, 
    "probaAware": true, 
    "gridSize": 9, 
    "rawImportance": {
        "variables": [
            "A", 
            "B", 
            "C", 
            "D", 
            "E", 
            "F", 
            "G", 
            "H", 
            "I", 
            "J", 
            "camcol", 
            "dec", 
            "field", 
            "g", 
            "i", 
            "r", 
            "ra", 
            "run", 
            "u", 
            "z"
        ], 
        "importances": [
            0.0017094937066251465, 
            0.002648830951796395, 
            0.004702833884796761, 
            0.0015065647601279508, 
            0.0027593492897042275, 
            0.0017377157958241363, 
            0.001977912403722297, 
            0.003124113777205294, 
            0.002274170552704666, 
            0.004919233489853541, 
            0.01200846296770152, 
            0.03469833594921873, 
            0.026913861506341594, 
            0.1414849856678353, 
            0.18376657749179717, 
            0.17598034871110305, 
            0.054749368905031306, 
            0.03411539702259702, 
            0.13010545839153045, 
            0.17881698477448343
        ]
    }, 
    "modelInputNRows": 14345, 
    "modelInputNCols": 20, 
    "modelInputMemory": 2295200, 
    "gridCells": [
        {
            "scoreTimeStd": 0.3032494682600449, 
            "scoreTime": 0.5056, 
            "fitTime": 2.5104, 
            "score": 0.8735447891251307, 
            "params": {
                "max_features": "auto", 
                "n_estimators": 100, 
                "min_samples_split": 3, 
                "max_depth": 13, 
                "min_samples_leaf": 1
            }, 
            "fitTimeStd": 0.09535114052805033, 
            "scoreStd": 0.003297633096579242
        }, 
        {
            "scoreTimeStd": 0.10565869580872177, 
            "scoreTime": 0.49019999999999997, 
            "fitTime": 1.799, 
            "score": 0.8066225165562914, 
            "params": {
                "max_features": "auto", 
                "n_estimators": 100, 
                "min_samples_split": 3, 
                "max_depth": 6, 
                "min_samples_leaf": 1
            }, 
            "fitTimeStd": 0.09843982933751969, 
            "scoreStd": 0.004259835026802289
        }, 
        {
            "scoreTimeStd": 0.10972985008647373, 
            "scoreTime": 0.6224, 
            "fitTime": 2.361, 
            "score": 0.8594632276054375, 
            "params": {
                "max_features": "auto", 
                "n_estimators": 100, 
                "min_samples_split": 30, 
                "max_depth": 13, 
                "min_samples_leaf": 10
            }, 
            "fitTimeStd": 0.09507891459203771, 
            "scoreStd": 0.0033949584142798444
        }, 
        {
            "scoreTimeStd": 0.07624591792351904, 
            "scoreTime": 0.5506, 
            "fitTime": 2.1524, 
            "score": 0.8453119553851516, 
            "params": {
                "max_features": "auto", 
                "n_estimators": 100, 
                "min_samples_split": 60, 
                "max_depth": 13, 
                "min_samples_leaf": 20
            }, 
            "fitTimeStd": 0.15740724252714677, 
            "scoreStd": 0.0026032865106199554
        }, 
        {
            "scoreTimeStd": 0.10978779531441553, 
            "scoreTime": 0.5658, 
            "fitTime": 2.4126, 
            "score": 0.8479609620076681, 
            "params": {
                "max_features": "auto", 
                "n_estimators": 100, 
                "min_samples_split": 60, 
                "max_depth": 20, 
                "min_samples_leaf": 20
            }, 
            "fitTimeStd": 0.17121168184443492, 
            "scoreStd": 0.0031507733928270946
        }, 
        {
            "scoreTimeStd": 0.13131732558958092, 
            "scoreTime": 0.6826, 
            "fitTime": 1.6424, 
            "score": 0.8069710700592541, 
            "params": {
                "max_features": "auto", 
                "n_estimators": 100, 
                "min_samples_split": 30, 
                "max_depth": 6, 
                "min_samples_leaf": 10
            }, 
            "fitTimeStd": 0.1873260259547509, 
            "scoreStd": 0.005877768750440742
        }, 
        {
            "scoreTimeStd": 0.13747086964153532, 
            "scoreTime": 0.6326, 
            "fitTime": 1.6545999999999998, 
            "score": 0.8036249564308121, 
            "params": {
                "max_features": "auto", 
                "n_estimators": 100, 
                "min_samples_split": 60, 
                "max_depth": 6, 
                "min_samples_leaf": 20
            }, 
            "fitTimeStd": 0.10056957790505039, 
            "scoreStd": 0.002853731871852604
        }, 
        {
            "scoreTimeStd": 0.1212541133322907, 
            "scoreTime": 0.7432000000000001, 
            "fitTime": 2.8131999999999997, 
            "score": 0.8932032066922273, 
            "params": {
                "max_features": "auto", 
                "n_estimators": 100, 
                "min_samples_split": 3, 
                "max_depth": 20, 
                "min_samples_leaf": 1
            }, 
            "fitTimeStd": 0.14156892314346392, 
            "scoreStd": 0.0015084295415940911
        }, 
        {
            "scoreTimeStd": 0.20600524265173448, 
            "scoreTime": 0.4752, 
            "fitTime": 2.097, 
            "score": 0.8685953293830603, 
            "params": {
                "max_features": "auto", 
                "n_estimators": 100, 
                "min_samples_split": 30, 
                "max_depth": 20, 
                "min_samples_leaf": 10
            }, 
            "fitTimeStd": 0.44552036990467675, 
            "scoreStd": 0.0015064139487112407
        }
    ], 
    "gridBestScore": 0.8932032066922273, 
    "modelInputIsSparse": false
}