{
    "oneVsAllCalibrationCurves": {
        "QUASAR": [
            {
                "y": 0, 
                "x": 0, 
                "n": 0
            }, 
            {
                "y": 0.007606973058637084, 
                "x": 0.013276617827684625, 
                "n": 3155.0
            }, 
            {
                "y": 0.12612612612612611, 
                "x": 0.13919104627269213, 
                "n": 111.0
            }, 
            {
                "y": 0.1891891891891892, 
                "x": 0.24021808472298573, 
                "n": 37.0
            }, 
            {
                "y": 0.2777777777777778, 
                "x": 0.35688592439719913, 
                "n": 18.0
            }, 
            {
                "y": 0.4117647058823529, 
                "x": 0.4540299033787929, 
                "n": 17.0
            }, 
            {
                "y": 0.7142857142857143, 
                "x": 0.5396043622779437, 
                "n": 14.0
            }, 
            {
                "y": 0.8214285714285714, 
                "x": 0.6497429675863272, 
                "n": 28.0
            }, 
            {
                "y": 0.8378378378378378, 
                "x": 0.7519519687627045, 
                "n": 37.0
            }, 
            {
                "y": 0.8888888888888888, 
                "x": 0.8540410190543918, 
                "n": 63.0
            }, 
            {
                "y": 0.96, 
                "x": 0.96112718769925, 
                "n": 175.0
            }, 
            {
                "y": 1, 
                "x": 1, 
                "n": 0
            }
        ], 
        "STAR": [
            {
                "y": 0, 
                "x": 0, 
                "n": 0
            }, 
            {
                "y": 0.0069821567106283944, 
                "x": 0.03931364457445411, 
                "n": 1289.0
            }, 
            {
                "y": 0.0514018691588785, 
                "x": 0.14532907479230586, 
                "n": 428.0
            }, 
            {
                "y": 0.17372881355932204, 
                "x": 0.2497756304930655, 
                "n": 236.0
            }, 
            {
                "y": 0.33152173913043476, 
                "x": 0.352813327253269, 
                "n": 184.0
            }, 
            {
                "y": 0.47468354430379744, 
                "x": 0.45004050056630623, 
                "n": 158.0
            }, 
            {
                "y": 0.6223776223776224, 
                "x": 0.5506408698443953, 
                "n": 143.0
            }, 
            {
                "y": 0.7556818181818182, 
                "x": 0.6558275484685564, 
                "n": 176.0
            }, 
            {
                "y": 0.9072164948453608, 
                "x": 0.7555552980690284, 
                "n": 291.0
            }, 
            {
                "y": 0.9592875318066157, 
                "x": 0.8538278299410147, 
                "n": 393.0
            }, 
            {
                "y": 0.9859943977591037, 
                "x": 0.9442009379093128, 
                "n": 357.0
            }, 
            {
                "y": 1, 
                "x": 1, 
                "n": 0
            }
        ], 
        "GALAXY": [
            {
                "y": 0, 
                "x": 0, 
                "n": 0
            }, 
            {
                "y": 0.015306122448979591, 
                "x": 0.038234180007299765, 
                "n": 784.0
            }, 
            {
                "y": 0.03553299492385787, 
                "x": 0.14650471298930243, 
                "n": 394.0
            }, 
            {
                "y": 0.12830188679245283, 
                "x": 0.24513772229709058, 
                "n": 265.0
            }, 
            {
                "y": 0.2787878787878788, 
                "x": 0.34656186724157423, 
                "n": 165.0
            }, 
            {
                "y": 0.40875912408759124, 
                "x": 0.4548554198933889, 
                "n": 137.0
            }, 
            {
                "y": 0.5492957746478874, 
                "x": 0.5504890143805105, 
                "n": 142.0
            }, 
            {
                "y": 0.6871508379888268, 
                "x": 0.6483814629847755, 
                "n": 179.0
            }, 
            {
                "y": 0.8009950248756219, 
                "x": 0.7543458678804017, 
                "n": 201.0
            }, 
            {
                "y": 0.9686684073107049, 
                "x": 0.8539062522040434, 
                "n": 383.0
            }, 
            {
                "y": 0.9870646766169154, 
                "x": 0.9547142644557712, 
                "n": 1005.0
            }, 
            {
                "y": 1, 
                "x": 1, 
                "n": 0
            }
        ]
    }, 
    "oneVsAllCalibrationLoss": {
        "QUASAR": 0.009901955171646232, 
        "STAR": 0.0645599116641099, 
        "GALAXY": 0.0555703308957837
    }, 
    "densityData": {
        "QUASAR": {
            "incorrect": [
                16.119158675004904, 
                16.897221503930687, 
                13.969270040032114, 
                9.56070294340582, 
                5.827588322796233, 
                3.4619783552012335, 
                2.160211123927309, 
                1.452920513205683, 
                1.041077429250612, 
                0.787620578962592, 
                0.6323958616087326, 
                0.5355636055505275, 
                0.46349030242989214, 
                0.3952862857088333, 
                0.32669161220271115, 
                0.26482503462241935, 
                0.21831912319620553, 
                0.18992599650854103, 
                0.1757899095052128, 
                0.16832496196965388, 
                0.15907815870650194, 
                0.14240276674751567, 
                0.11867687445402435, 
                0.09344380025469508, 
                0.07338242899050063, 
                0.06241682358694478, 
                0.059461076259355164, 
                0.05974954947534714, 
                0.0589824933179525, 
                0.05542528955090529, 
                0.04920357000504674, 
                0.04132008745230996, 
                0.03319095610831769, 
                0.027262759428727343, 
                0.02679690967910592, 
                0.03249408995749895, 
                0.04033210427051441, 
                0.044967946696974175, 
                0.04410244230049878, 
                0.03875193697212626, 
                0.03212715637065099, 
                0.028708811671882956, 
                0.030782540296585514, 
                0.03549541240964018, 
                0.03806687411592194, 
                0.03732430735372306, 
                0.035662321932849766, 
                0.03489277205321886, 
                0.034694102465904625, 
                0.033773728241938576, 
                0.030802572286901118, 
                0.025307760117062632, 
                0.018285873441535073, 
                0.011637376410436676, 
                0.0071997701715650056, 
                0.005900923429897346, 
                0.007153679163463106, 
                0.009446203066263151, 
                0.011895188112794134, 
                0.014455507363421627, 
                0.016545097948741518, 
                0.017056309776106574, 
                0.015939833075053967, 
                0.014385611245363845, 
                0.013491145893282404, 
                0.013368798389685894, 
                0.013257442583278298, 
                0.012499821621267998, 
                0.011690688697577917, 
                0.012451109170178878, 
                0.015361968089388866, 
                0.018550756774214423, 
                0.019543774168690617, 
                0.018388786236894477, 
                0.01759357386436685, 
                0.018830183496881564, 
                0.021455180436110485, 
                0.02490236807896968, 
                0.030054849004754542, 
                0.03649490313478427, 
                0.04029990422206824, 
                0.03707735243610373, 
                0.027054898837887656, 
                0.015369495468271271, 
                0.007223239213739429, 
                0.0043280946841593995, 
                0.005567675711273281, 
                0.008758945165721222, 
                0.011518216242587595, 
                0.012277610946761367, 
                0.011739983387166286, 
                0.01327998714531833, 
                0.02041304598184168, 
                0.03181177994978918, 
                0.03974779948819464, 
                0.03708443971610749, 
                0.025423938398087126, 
                0.01276235705747649, 
                0.004686545697460997, 
                0.0012584171015722302
            ], 
            "incorrectMedian": 0.007766446423441539, 
            "correct": [
                0.3144324336900281, 
                0.33090003691288605, 
                0.3457087883445651, 
                0.3586632935559831, 
                0.36961499049354885, 
                0.3784646819575742, 
                0.38516277955675604, 
                0.3897074513815852, 
                0.3921409992231549, 
                0.39254488363068013, 
                0.39103386043994387, 
                0.3877496904614472, 
                0.38285484012036947, 
                0.37652651470933163, 
                0.36895127004862865, 
                0.360320346165507, 
                0.3508257706195186, 
                0.3406571994033321, 
                0.3299994065655084, 
                0.31903030256267983, 
                0.3079193548338889, 
                0.2968262980893986, 
                0.2859000501184893, 
                0.27527778441077405, 
                0.26508414660688634, 
                0.25543063191853066, 
                0.24641516110376308, 
                0.23812190130292257, 
                0.2306213749743366, 
                0.22397088693651496, 
                0.21821527893811654, 
                0.21338799668834374, 
                0.20951242943568626, 
                0.20660346017732145, 
                0.20466914793760838, 
                0.20371245394271467, 
                0.20373292170779292, 
                0.204728226958669, 
                0.20669552611360706, 
                0.20963255035526812, 
                0.21353841432381498, 
                0.21841413211851526, 
                0.22426285649945024, 
                0.23108987792430555, 
                0.23890243659051455, 
                0.24770941165143406, 
                0.2575209564659456, 
                0.2683481470202295, 
                0.28020270314659723, 
                0.2930968301805855, 
                0.3070432141655457, 
                0.3220551889513131, 
                0.3381470809637492, 
                0.3553347292187282, 
                0.37363617586138775, 
                0.39307252668700365, 
                0.4136689910451022, 
                0.43545612415513724, 
                0.45847130874560527, 
                0.4827605225694765, 
                0.508380438642438, 
                0.5354008909316913, 
                0.5639077054282721, 
                0.594005842395101, 
                0.6258227197522717, 
                0.6595114925951191, 
                0.6952539555239314, 
                0.7332626218411183, 
                0.7737814287351438, 
                0.817084434604947, 
                0.8634718292738032, 
                0.9132625856088483, 
                0.9667831561037424, 
                1.0243517711875638, 
                1.086258133269309, 
                1.1527386209185335, 
                1.2239475118818386, 
                1.299925183118091, 
                1.380564722013265, 
                1.4655788472308648, 
                1.554469444284567, 
                1.646502319154236, 
                1.7406899120726071, 
                1.8357846472844794, 
                1.9302852891182067, 
                2.0224581141909, 
                2.110373901679119, 
                2.191960723259718, 
                2.2650713446179846, 
                2.327562819898232, 
                2.377384676905621, 
                2.4126710714278867, 
                2.431831547934831, 
                2.4336346787417162, 
                2.4172789324347783, 
                2.38244567256476, 
                2.3293301900540277, 
                2.2586480601742682, 
                2.1716157768725552, 
                2.0699064104753573
            ], 
            "correctMedian": 0.8982079429824538
        }, 
        "STAR": {
            "incorrect": [
                3.5764455215754656, 
                4.134010234366686, 
                4.560754393876317, 
                4.815890572742237, 
                4.884422859392799, 
                4.778750504191393, 
                4.533475004444772, 
                4.1956192985638445, 
                3.8136939475153415, 
                3.4288031480124483, 
                3.0696405941093263, 
                2.751567833063709, 
                2.47872410938103, 
                2.247626907383395, 
                2.050899659759259, 
                1.8802805521260018, 
                1.728595796710629, 
                1.5907391135790376, 
                1.4638632649926877, 
                1.3470266149326873, 
                1.2405250214492616, 
                1.14511914397866, 
                1.0613438799979207, 
                0.9890469587056334, 
                0.9272383456884566, 
                0.8742464828802415, 
                0.8280915257057417, 
                0.7869266994097465, 
                0.7493893955502181, 
                0.7147501638141327, 
                0.6828335536211309, 
                0.653773845042836, 
                0.6277224058581764, 
                0.6046211801560564, 
                0.584107505710079, 
                0.5655503984624464, 
                0.5481710954039635, 
                0.5311875495370667, 
                0.5139380036757367, 
                0.49596403240791126, 
                0.4770514771406963, 
                0.4572326713953505, 
                0.43675085455461554, 
                0.4159878832481176, 
                0.3953654800309764, 
                0.37524532949910355, 
                0.3558633841758851, 
                0.3373272458934692, 
                0.3196796753820299, 
                0.30299684756296114, 
                0.28746664241395925, 
                0.27339679786077004, 
                0.26113683649012853, 
                0.25094445752326666, 
                0.2428599996367708, 
                0.23665173489707403, 
                0.23186004852890216, 
                0.22792011654762837, 
                0.22430782825318027, 
                0.22064960220288024, 
                0.21676116404980383, 
                0.21261597128621576, 
                0.2082713940985027, 
                0.20378967476928211, 
                0.19918240642506221, 
                0.1943901584995894, 
                0.18929237218548822, 
                0.1837335826156084, 
                0.17755285048826341, 
                0.1706112067474806, 
                0.16281990705021998, 
                0.15417332578826703, 
                0.14478279445405995, 
                0.13489740658900323, 
                0.12489388610454373, 
                0.11522535959308242, 
                0.10633564863885092, 
                0.09856282749821964, 
                0.09206418707323583, 
                0.0867897030944658, 
                0.08251396919330875, 
                0.0789139330407067, 
                0.07566135163753233, 
                0.07249375875196677, 
                0.06923964411212537, 
                0.06579747503534256, 
                0.06209177223377171, 
                0.05803958759618432, 
                0.05355168350619208, 
                0.04856994023499821, 
                0.043119403947053214, 
                0.03734306295283832, 
                0.03149516985855436, 
                0.025889698241036964, 
                0.020822679092634973, 
                0.016499277917430902, 
                0.012993279603007833, 
                0.010251047442385976, 
                0.008132692444980133, 
                0.006469560440242806
            ], 
            "incorrectMedian": 0.07619107258897112, 
            "correct": [
                0.03292877281657847, 
                0.039370962620196986, 
                0.0459677181073091, 
                0.05256856483571786, 
                0.05908792028187664, 
                0.06552330764926168, 
                0.07195439458809923, 
                0.07852248079557012, 
                0.08539589172499859, 
                0.09273113627638088, 
                0.10064107190968305, 
                0.10917911831473084, 
                0.11834343757519766, 
                0.12809861433335254, 
                0.1384067717780806, 
                0.14925698568343512, 
                0.16068221295835414, 
                0.17275661064243134, 
                0.18557206513905908, 
                0.1991993840459644, 
                0.21364513289075596, 
                0.22881790248216452, 
                0.2445167630426039, 
                0.26044955704091366, 
                0.27628040397769793, 
                0.2916964228536611, 
                0.306476121006476, 
                0.320539029116586, 
                0.3339597365766513, 
                0.3469391964539088, 
                0.3597393842240935, 
                0.3725997909180832, 
                0.385661294123705, 
                0.39892172994148584, 
                0.41223790059430676, 
                0.4253738039079932, 
                0.4380796536468216, 
                0.4501760734557895, 
                0.4616162152672287, 
                0.47250593161603904, 
                0.483075815059306, 
                0.4936141396741313, 
                0.5043814799859277, 
                0.5155325490912279, 
                0.5270676944810022, 
                0.5388272351054844, 
                0.5505298207818836, 
                0.5618449453120099, 
                0.5724824041094859, 
                0.5822790378157745, 
                0.5912652394065385, 
                0.5996991878493023, 
                0.6080640587026034, 
                0.6170310550856994, 
                0.6273976259798675, 
                0.6400144234291533, 
                0.6557153904518633, 
                0.6752625247967236, 
                0.6993110726093267, 
                0.7283940697957334, 
                0.762919788773561, 
                0.8031738649771786, 
                0.849320270690125, 
                0.9014004705372798, 
                0.9593351045667623, 
                1.0229343138652969, 
                1.0919197605013613, 
                1.165954503103288, 
                1.2446696350706576, 
                1.32767341210624, 
                1.414532642618292, 
                1.5047272861950896, 
                1.5975935352860835, 
                1.6922816024608798, 
                1.787755714561069, 
                1.8828525665675133, 
                1.9763932482436153, 
                2.0673199824651634, 
                2.154812659415061, 
                2.2383388928900874, 
                2.3176073122895278, 
                2.392422197712835, 
                2.4624682705130465, 
                2.5270762978588768, 
                2.585025707126749, 
                2.634429085527374, 
                2.6727216285923547, 
                2.6967563236744874, 
                2.7029915674891503, 
                2.6877549679159443, 
                2.6475711292168356, 
                2.579543503622116, 
                2.481772761646496, 
                2.353774406759461, 
                2.1968328507863744, 
                2.0142107164881926, 
                1.8111342637563794, 
                1.5945057415987927, 
                1.3723473758476463, 
                1.153045068380811
            ], 
            "correctMedian": 0.8059037562535907
        }, 
        "GALAXY": {
            "incorrect": [
                2.5560338371894225, 
                2.8387511744453406, 
                3.0634648245883507, 
                3.2197804807930486, 
                3.304546765073904, 
                3.3216264897452668, 
                3.280496255210696, 
                3.1941081403998632, 
                3.0765643935556533, 
                2.9411047681159634, 
                2.798728826297495, 
                2.657549033248308, 
                2.522773270871008, 
                2.3971002974874382, 
                2.2812930000733327, 
                2.1747510969106485, 
                2.0759956835527, 
                1.9830593414843065, 
                1.8938183884446032, 
                1.8063016618485794, 
                1.718977397890319, 
                1.6309821441727284, 
                1.5422374405905328, 
                1.453412931249686, 
                1.365733649781806, 
                1.2806766192336492, 
                1.1996363736155957, 
                1.1236460216330038, 
                1.053218284886939, 
                0.9883300818902309, 
                0.9285314775681807, 
                0.8731302093762483, 
                0.8213938683918368, 
                0.7727212934780386, 
                0.7267545873875769, 
                0.6834237248511784, 
                0.6429302866901149, 
                0.6056836040232021, 
                0.572203815244412, 
                0.5430059072351924, 
                0.5184795623190438, 
                0.49878184172655177, 
                0.4837613150250408, 
                0.47293029605218917, 
                0.4654946657085784, 
                0.4604391782702784, 
                0.45665345463985746, 
                0.4530743646337182, 
                0.4488174333190561, 
                0.4432739297774237, 
                0.43615934140995255, 
                0.42750948651647813, 
                0.417629486315029, 
                0.4070068762556604, 
                0.39620374333846425, 
                0.3857450387396681, 
                0.37602149173049626, 
                0.36722484117697407, 
                0.3593287058820117, 
                0.35211944944217066, 
                0.3452691120044297, 
                0.3384304321657321, 
                0.3313267378827387, 
                0.3238105147336775, 
                0.31587428995788763, 
                0.3076131176021486, 
                0.29915395610775614, 
                0.29057783556017147, 
                0.2818621737579301, 
                0.2728626399676079, 
                0.26333977827559923, 
                0.253020495587208, 
                0.2416738056812639, 
                0.22917725110787152, 
                0.2155555088676076, 
                0.20098324638110557, 
                0.18575608761679913, 
                0.17024238884518486, 
                0.15483179948193446, 
                0.1398940204404144, 
                0.1257546209073056, 
                0.11268723146061542, 
                0.10091576423473175, 
                0.0906182181668658, 
                0.08192520935509325, 
                0.0749103795547494, 
                0.06957441677910764, 
                0.06582790218675637, 
                0.06347964949033164, 
                0.062236549225667105, 
                0.06171868234647649, 
                0.06149033728483432, 
                0.061104190205695345, 
                0.06015280945670247, 
                0.05831932925442079, 
                0.05541817171762705, 
                0.05141760170134375, 
                0.046438873250096116, 
                0.04073136305018885, 
                0.03462830833406106
            ], 
            "incorrectMedian": 0.1241741088987067, 
            "correct": [
                0.03226862411547503, 
                0.03722269034504097, 
                0.04192272352051491, 
                0.046235813440698194, 
                0.05007542057704173, 
                0.05340552687021944, 
                0.056242241829500925, 
                0.05865250049838458, 
                0.0607474906845756, 
                0.06266886415595815, 
                0.06456910939516271, 
                0.06659194222437763, 
                0.06886115404120874, 
                0.07148459978217077, 
                0.07457374960349679, 
                0.07827099138596277, 
                0.08277069357338468, 
                0.0883193960073583, 
                0.09518646667764065, 
                0.10360720235106514, 
                0.11371157396965972, 
                0.1254592239931998, 
                0.13860201904957636, 
                0.15268904770550554, 
                0.1671174346657767, 
                0.18121927318593423, 
                0.1943643373968851, 
                0.20605336053514461, 
                0.21597931187015618, 
                0.2240437705246222, 
                0.23032927641970694, 
                0.2350418811722973, 
                0.23844639419191435, 
                0.240817116512845, 
                0.24241914300938075, 
                0.2435223780507086, 
                0.24443674951548602, 
                0.24554739363352363, 
                0.24732627414893707, 
                0.2503030518788104, 
                0.25499159240125835, 
                0.26178528586403615, 
                0.2708488002474245, 
                0.28204072002022607, 
                0.29489773414347586, 
                0.3086971080173063, 
                0.3225938223878124, 
                0.33580748259176624, 
                0.34781739386858335, 
                0.35851640242513677, 
                0.36827799505277536, 
                0.3779076880241074, 
                0.38847726397463767, 
                0.4010735394095048, 
                0.4165227137720463, 
                0.435165770628258, 
                0.4567514392689302, 
                0.48048036364655416, 
                0.5051872175700944, 
                0.5296040512774504, 
                0.552625784660976, 
                0.5735065289579118, 
                0.5919488545599134, 
                0.6080912502759095, 
                0.622432499197538, 
                0.6357425711721261, 
                0.6489971378485215, 
                0.6633471970407964, 
                0.6801108929684435, 
                0.7007618800183025, 
                0.7268897702328063, 
                0.7601187818776751, 
                0.8019842731548977, 
                0.8537796160346339, 
                0.916397515413765, 
                0.9902008678055163, 
                1.0749664993794834, 
                1.1699452358538511, 
                1.2740678190014438, 
                1.3862961389567308, 
                1.5060776124013069, 
                1.6338173222297392, 
                1.7712490748788268, 
                1.9215711190761118, 
                2.0892188121977306, 
                2.2791771634878435, 
                2.4957954584356763, 
                2.7411617721371178, 
                3.0132311793721476, 
                3.3040645023539916, 
                3.5986806522428063, 
                3.8750811085100474, 
                4.105889786796023, 
                4.261724024990363, 
                4.3159153763372915, 
                4.24967497285825, 
                4.0564530646676165, 
                3.7442591477965936, 
                3.335151663415713, 
                2.8618645217020133
            ], 
            "correctMedian": 0.9079513831945021
        }
    }, 
    "confusion": {
        "totalRows": 3655, 
        "perActual": {
            "QUASAR": {
                "perPredicted": {
                    "QUASAR": 295, 
                    "STAR": 25, 
                    "GALAXY": 25
                }, 
                "actualClassCount": 345.0
            }, 
            "STAR": {
                "perPredicted": {
                    "QUASAR": 26, 
                    "STAR": 1228, 
                    "GALAXY": 169
                }, 
                "actualClassCount": 1423.0
            }, 
            "GALAXY": {
                "perPredicted": {
                    "QUASAR": 9, 
                    "STAR": 139, 
                    "GALAXY": 1739
                }, 
                "actualClassCount": 1887.0
            }
        }
    }, 
    "metrics": {
        "f1": 0.885671398260402, 
        "mcalibrationLoss": 0.043344065910513284, 
        "recall": 0.8798688856417836, 
        "precision": 0.8919203901944684, 
        "logLoss": 0.31406180588758076, 
        "mrocAUC": 0.9692397990080562, 
        "hammingLoss": 0.10752393980848153, 
        "accuracy": 0.8924760601915185
    }, 
    "oneVsAllRocAUC": {
        "QUASAR": 0.9748360260957135, 
        "STAR": 0.9660472662379695, 
        "GALAXY": 0.9671960688396675
    }, 
    "classes": [
        "GALAXY", 
        "STAR", 
        "QUASAR"
    ], 
    "globalMetrics": {
        "predictionAvg": [
            0.5210793496046396, 
            0.38153630331730914, 
            0.09738434707805121
        ], 
        "predictionStd": [
            0.3743168442503165, 
            0.3474805826596894, 
            0.24639825181850716
        ], 
        "targetStd": [
            0.49980329884254554, 
            0.48766499536989916, 
            0.2924122632929286
        ], 
        "targetAvg": [
            0.5162790697674419, 
            0.3893296853625171, 
            0.09439124487004104
        ], 
        "testWeight": 3655
    }, 
    "oneVsAllRocCurves": {
        "QUASAR": [
            {
                "y": 0.0, 
                "x": 0.0, 
                "p": 1.9994939173330657
            }, 
            {
                "y": 0.2898550724637681, 
                "x": 0.0, 
                "p": 0.9571089803904671
            }, 
            {
                "y": 0.34202898550724636, 
                "x": 0.0015105740181268882, 
                "p": 0.948160945132944
            }, 
            {
                "y": 0.4811594202898551, 
                "x": 0.0018126888217522659, 
                "p": 0.905652574280025
            }, 
            {
                "y": 0.6289855072463768, 
                "x": 0.002416918429003021, 
                "p": 0.8245894801856818
            }, 
            {
                "y": 0.6811594202898551, 
                "x": 0.004531722054380665, 
                "p": 0.7676875645076612
            }, 
            {
                "y": 0.7333333333333333, 
                "x": 0.005740181268882176, 
                "p": 0.7139626018819386
            }, 
            {
                "y": 0.7913043478260869, 
                "x": 0.006948640483383686, 
                "p": 0.6143231167361123
            }, 
            {
                "y": 0.8405797101449275, 
                "x": 0.00906344410876133, 
                "p": 0.4898878217131847
            }, 
            {
                "y": 0.881159420289855, 
                "x": 0.018731117824773415, 
                "p": 0.2582147115660814
            }, 
            {
                "y": 0.9159420289855073, 
                "x": 0.03444108761329305, 
                "p": 0.14558903676376223
            }, 
            {
                "y": 0.9391304347826087, 
                "x": 0.06163141993957704, 
                "p": 0.088015597589152
            }, 
            {
                "y": 0.9507246376811594, 
                "x": 0.10090634441087613, 
                "p": 0.05556771413152187
            }, 
            {
                "y": 0.9536231884057971, 
                "x": 0.14833836858006041, 
                "p": 0.03790183886616323
            }, 
            {
                "y": 0.9594202898550724, 
                "x": 0.19486404833836857, 
                "p": 0.028280729290510512
            }, 
            {
                "y": 0.9681159420289855, 
                "x": 0.2570996978851964, 
                "p": 0.020026133498207966
            }, 
            {
                "y": 0.9681159420289855, 
                "x": 0.30725075528700907, 
                "p": 0.01650927122738689
            }, 
            {
                "y": 0.9710144927536232, 
                "x": 0.3676737160120846, 
                "p": 0.011496771974296023
            }, 
            {
                "y": 0.9826086956521739, 
                "x": 0.45226586102719035, 
                "p": 0.01
            }, 
            {
                "y": 0.9855072463768116, 
                "x": 0.5009063444108761, 
                "p": 0.007766446423441539
            }, 
            {
                "y": 0.9884057971014493, 
                "x": 0.5480362537764351, 
                "p": 0.0041924316524153855
            }, 
            {
                "y": 0.9884057971014493, 
                "x": 0.5984894259818732, 
                "p": 0.0028875114830842125
            }, 
            {
                "y": 0.9942028985507246, 
                "x": 0.6586102719033232, 
                "p": 0.0020695630977079875
            }, 
            {
                "y": 0.9971014492753624, 
                "x": 0.7066465256797583, 
                "p": 0.0014356742381330184
            }, 
            {
                "y": 0.9971014492753624, 
                "x": 0.756797583081571, 
                "p": 0.0009250094381865996
            }, 
            {
                "y": 1.0, 
                "x": 0.8060422960725075, 
                "p": 0.0004216666530617504
            }, 
            {
                "y": 1.0, 
                "x": 1.0, 
                "p": 0.0
            }
        ], 
        "STAR": [
            {
                "y": 0.0, 
                "x": 0.0, 
                "p": 2.0
            }, 
            {
                "y": 0.054111033028812365, 
                "x": 0.00044802867383512545, 
                "p": 0.9666951288428491
            }, 
            {
                "y": 0.11946591707659873, 
                "x": 0.00044802867383512545, 
                "p": 0.9458602857079902
            }, 
            {
                "y": 0.17498243148278286, 
                "x": 0.00044802867383512545, 
                "p": 0.925805463334948
            }, 
            {
                "y": 0.2241742796907941, 
                "x": 0.0013440860215053765, 
                "p": 0.909548828263527
            }, 
            {
                "y": 0.27617709065354884, 
                "x": 0.002240143369175627, 
                "p": 0.8902491487634471
            }, 
            {
                "y": 0.32466619817287423, 
                "x": 0.004032258064516129, 
                "p": 0.8758850740649933
            }, 
            {
                "y": 0.39704848910751933, 
                "x": 0.004480286738351254, 
                "p": 0.8490827336400107
            }, 
            {
                "y": 0.44553759662684467, 
                "x": 0.0062724014336917565, 
                "p": 0.8305650731505136
            }, 
            {
                "y": 0.4968376669009136, 
                "x": 0.008960573476702509, 
                "p": 0.8073499376837797
            }, 
            {
                "y": 0.5530569219957836, 
                "x": 0.00985663082437276, 
                "p": 0.785566344564481
            }, 
            {
                "y": 0.6022487702037947, 
                "x": 0.012096774193548387, 
                "p": 0.7629097097336155
            }, 
            {
                "y": 0.6563598032326071, 
                "x": 0.014336917562724014, 
                "p": 0.729827904966537
            }, 
            {
                "y": 0.7013352073085032, 
                "x": 0.021505376344086023, 
                "p": 0.6982231364729937
            }, 
            {
                "y": 0.7449051300070274, 
                "x": 0.02867383512544803, 
                "p": 0.6623296577599419
            }, 
            {
                "y": 0.786366830639494, 
                "x": 0.03763440860215054, 
                "p": 0.6123157010564395
            }, 
            {
                "y": 0.8229093464511595, 
                "x": 0.05241935483870968, 
                "p": 0.5525563401245542
            }, 
            {
                "y": 0.859451862262825, 
                "x": 0.0667562724014337, 
                "p": 0.4925935199408789
            }, 
            {
                "y": 0.8910751932536893, 
                "x": 0.08557347670250896, 
                "p": 0.43562360846042675
            }, 
            {
                "y": 0.9149683766690091, 
                "x": 0.11200716845878136, 
                "p": 0.383889802996461
            }, 
            {
                "y": 0.9395643007730148, 
                "x": 0.13799283154121864, 
                "p": 0.33589331241343345
            }, 
            {
                "y": 0.9543218552354181, 
                "x": 0.17383512544802868, 
                "p": 0.28087703596233515
            }, 
            {
                "y": 0.971890372452565, 
                "x": 0.2146057347670251, 
                "p": 0.2311555238572766
            }, 
            {
                "y": 0.9803232607167955, 
                "x": 0.26120071684587814, 
                "p": 0.18824561772732978
            }, 
            {
                "y": 0.9859451862262825, 
                "x": 0.31989247311827956, 
                "p": 0.1509073675537795
            }, 
            {
                "y": 0.9908643710470836, 
                "x": 0.3790322580645161, 
                "p": 0.12074303770682607
            }, 
            {
                "y": 0.9936753338018272, 
                "x": 0.4592293906810036, 
                "p": 0.08848705607484784
            }, 
            {
                "y": 0.9950808151791989, 
                "x": 0.5362903225806451, 
                "p": 0.06400302257609451
            }, 
            {
                "y": 0.9957835558678847, 
                "x": 0.6048387096774194, 
                "p": 0.049519849784184805
            }, 
            {
                "y": 0.9978917779339423, 
                "x": 0.671594982078853, 
                "p": 0.03830605807722096
            }, 
            {
                "y": 0.9985945186226283, 
                "x": 0.7477598566308243, 
                "p": 0.03009846449102936
            }, 
            {
                "y": 0.9992972593113141, 
                "x": 0.8203405017921147, 
                "p": 0.02190575145329611
            }, 
            {
                "y": 1.0, 
                "x": 1.0, 
                "p": 1.437016268866184e-05
            }
        ], 
        "GALAXY": [
            {
                "y": 0.0, 
                "x": 0.0, 
                "p": 1.9999203192840715
            }, 
            {
                "y": 0.054583995760466346, 
                "x": 0.0005656108597285068, 
                "p": 0.9843502812441536
            }, 
            {
                "y": 0.1579226285108638, 
                "x": 0.0011312217194570137, 
                "p": 0.9709669373107127
            }, 
            {
                "y": 0.21038685744568097, 
                "x": 0.0016968325791855204, 
                "p": 0.9655193157903029
            }, 
            {
                "y": 0.29358770535241124, 
                "x": 0.002828054298642534, 
                "p": 0.9534667655925171
            }, 
            {
                "y": 0.35188129305776367, 
                "x": 0.003959276018099547, 
                "p": 0.9457826790731183
            }, 
            {
                "y": 0.4456809750927398, 
                "x": 0.005090497737556561, 
                "p": 0.9250872091711916
            }, 
            {
                "y": 0.4960254372019078, 
                "x": 0.006221719457013574, 
                "p": 0.9089293246455742
            }, 
            {
                "y": 0.5744568097509274, 
                "x": 0.007352941176470588, 
                "p": 0.8812227707536381
            }, 
            {
                "y": 0.6422893481717011, 
                "x": 0.00904977375565611, 
                "p": 0.8477440504034578
            }, 
            {
                "y": 0.6984631690514044, 
                "x": 0.011877828054298642, 
                "p": 0.8174235444689769
            }, 
            {
                "y": 0.7461579226285109, 
                "x": 0.015271493212669683, 
                "p": 0.7820418648264424
            }, 
            {
                "y": 0.7853736089030207, 
                "x": 0.026583710407239818, 
                "p": 0.7332089762304494
            }, 
            {
                "y": 0.8267090620031796, 
                "x": 0.0418552036199095, 
                "p": 0.6749945354346396
            }, 
            {
                "y": 0.8590355060943297, 
                "x": 0.05995475113122172, 
                "p": 0.6187109176618317
            }, 
            {
                "y": 0.8908320084790673, 
                "x": 0.07918552036199095, 
                "p": 0.5669738867285
            }, 
            {
                "y": 0.9152093269740329, 
                "x": 0.10576923076923077, 
                "p": 0.4968030365643321
            }, 
            {
                "y": 0.9353471118177, 
                "x": 0.13857466063348417, 
                "p": 0.43694024182276203
            }, 
            {
                "y": 0.9538950715421304, 
                "x": 0.17590497737556562, 
                "p": 0.3568317578318752
            }, 
            {
                "y": 0.9666136724960255, 
                "x": 0.21436651583710406, 
                "p": 0.30597105632464294
            }, 
            {
                "y": 0.9782723900370959, 
                "x": 0.25565610859728505, 
                "p": 0.26485779790817277
            }, 
            {
                "y": 0.9835718071012188, 
                "x": 0.3031674208144796, 
                "p": 0.22422752150117278
            }, 
            {
                "y": 0.9862215156332803, 
                "x": 0.3602941176470588, 
                "p": 0.1944829844478235
            }, 
            {
                "y": 0.9888712241653418, 
                "x": 0.4123303167420814, 
                "p": 0.16492029789344226
            }, 
            {
                "y": 0.9915209326974033, 
                "x": 0.4807692307692308, 
                "p": 0.13285282381861654
            }, 
            {
                "y": 0.9931107578166402, 
                "x": 0.5559954751131222, 
                "p": 0.10321182064740769
            }, 
            {
                "y": 0.994700582935877, 
                "x": 0.6052036199095022, 
                "p": 0.0826803152728895
            }, 
            {
                "y": 0.9957604663487016, 
                "x": 0.6617647058823529, 
                "p": 0.0644332823787442
            }, 
            {
                "y": 0.9968203497615262, 
                "x": 0.7171945701357466, 
                "p": 0.04837864435798758
            }, 
            {
                "y": 0.9978802331743508, 
                "x": 0.7720588235294118, 
                "p": 0.03553253503940621
            }, 
            {
                "y": 0.9978802331743508, 
                "x": 0.8246606334841629, 
                "p": 0.024252834016871547
            }, 
            {
                "y": 0.9978802331743508, 
                "x": 0.877262443438914, 
                "p": 0.01422752150117279
            }, 
            {
                "y": 0.9989401165871754, 
                "x": 0.9270361990950227, 
                "p": 0.005942737813925372
            }, 
            {
                "y": 1.0, 
                "x": 0.9892533936651584, 
                "p": 2.2064315444224372e-05
            }, 
            {
                "y": 1.0, 
                "x": 1.0, 
                "p": 0.0
            }
        ]
    }, 
    "processed_feature_names": [
        "A", 
        "B", 
        "C", 
        "D", 
        "E", 
        "F", 
        "G", 
        "H", 
        "I", 
        "J", 
        "camcol", 
        "dec", 
        "field", 
        "g", 
        "i", 
        "r", 
        "ra", 
        "run", 
        "u", 
        "z"
    ]
}