{
  "state": "DONE",
  "preSearchDescription": {
    "gridLength": 9,
    "searchStrategy": "GRID",
    "importantParams": [
      {
        "name": "trees",
        "vals": [
          "100"
        ]
      },
      {
        "name": "depth",
        "min": "6",
        "max": "20"
      },
      {
        "name": "min_samples",
        "min": "1",
        "max": "20"
      }
    ]
  },
  "postSearchDescription": {
    "importantParams": [
      {
        "name": "trees",
        "val": "100"
      },
      {
        "name": "depth",
        "val": "20"
      },
      {
        "name": "min_samples",
        "val": "1"
      }
    ]
  },
  "resumed": false,
  "timeOrderingEnabled": false,
  "sampleWeightsEnabled": false,
  "modelId": "m1",
  "progress": {
    "top_level_todo": [],
    "stack": [],
    "top_level_done": [
      {
        "name": "Loading train set",
        "time": 55
      },
      {
        "name": "Loading test set",
        "time": 17
      },
      {
        "name": "Collecting statistics",
        "time": 26
      },
      {
        "name": "Preprocessing train set",
        "time": 112
      },
      {
        "name": "Preprocessing test set",
        "time": 26
      },
      {
        "name": "Hyperparameter searching",
        "time": 32140
      },
      {
        "name": "Fitting model",
        "time": 1424
      },
      {
        "name": "Saving model",
        "time": 317
      },
      {
        "name": "Scoring model",
        "time": 3614
      }
    ]
  },
  "startTime": 1635183367945,
  "endTime": 1635183405792,
  "preprocessingTime": 239,
  "trainingTime": 37608,
  "hyperparamsSearchTime": 32140
}