{
    "oneVsAllCalibrationCurves": {
        "QUASAR": [
            {
                "y": 0, 
                "x": 0, 
                "n": 0
            }, 
            {
                "y": 0.006944444444444444, 
                "x": 0.01099260868382082, 
                "n": 1584.0
            }, 
            {
                "y": 0.043478260869565216, 
                "x": 0.1399167864241401, 
                "n": 23.0
            }, 
            {
                "y": 0.0, 
                "x": 0.2584443223253945, 
                "n": 8.0
            }, 
            {
                "y": 0.75, 
                "x": 0.34927139949221053, 
                "n": 8.0
            }, 
            {
                "y": 0.5, 
                "x": 0.4481683093148253, 
                "n": 8.0
            }, 
            {
                "y": 0.5714285714285714, 
                "x": 0.5519980091471193, 
                "n": 7.0
            }, 
            {
                "y": 0.8333333333333334, 
                "x": 0.6641975916563102, 
                "n": 6.0
            }, 
            {
                "y": 0.7333333333333333, 
                "x": 0.7609516359369767, 
                "n": 15.0
            }, 
            {
                "y": 0.92, 
                "x": 0.8442841965778825, 
                "n": 25.0
            }, 
            {
                "y": 0.9137931034482759, 
                "x": 0.9673228869925665, 
                "n": 116.0
            }, 
            {
                "y": 1, 
                "x": 1, 
                "n": 0
            }
        ], 
        "STAR": [
            {
                "y": 0, 
                "x": 0, 
                "n": 0
            }, 
            {
                "y": 0.011827956989247311, 
                "x": 0.021052442908922372, 
                "n": 930.0
            }, 
            {
                "y": 0.07608695652173914, 
                "x": 0.1418950023673554, 
                "n": 92.0
            }, 
            {
                "y": 0.15, 
                "x": 0.25220010083385275, 
                "n": 40.0
            }, 
            {
                "y": 0.16129032258064516, 
                "x": 0.34620447480916783, 
                "n": 31.0
            }, 
            {
                "y": 0.21739130434782608, 
                "x": 0.4471852386242175, 
                "n": 23.0
            }, 
            {
                "y": 0.7037037037037037, 
                "x": 0.5481854491106072, 
                "n": 27.0
            }, 
            {
                "y": 0.6206896551724138, 
                "x": 0.6588974200506463, 
                "n": 29.0
            }, 
            {
                "y": 0.88, 
                "x": 0.7596851556772153, 
                "n": 50.0
            }, 
            {
                "y": 0.9714285714285714, 
                "x": 0.8565070342755035, 
                "n": 140.0
            }, 
            {
                "y": 0.9794520547945206, 
                "x": 0.9612687124285968, 
                "n": 438.0
            }, 
            {
                "y": 1, 
                "x": 1, 
                "n": 0
            }
        ], 
        "GALAXY": [
            {
                "y": 0, 
                "x": 0, 
                "n": 0
            }, 
            {
                "y": 0.017107309486780714, 
                "x": 0.03057965499514869, 
                "n": 643.0
            }, 
            {
                "y": 0.031746031746031744, 
                "x": 0.14252164989337868, 
                "n": 126.0
            }, 
            {
                "y": 0.18181818181818182, 
                "x": 0.23995837823426322, 
                "n": 44.0
            }, 
            {
                "y": 0.5, 
                "x": 0.3427517083660081, 
                "n": 24.0
            }, 
            {
                "y": 0.35714285714285715, 
                "x": 0.4417439600844887, 
                "n": 28.0
            }, 
            {
                "y": 0.6521739130434783, 
                "x": 0.5580316513967265, 
                "n": 23.0
            }, 
            {
                "y": 0.8148148148148148, 
                "x": 0.6510238462297372, 
                "n": 27.0
            }, 
            {
                "y": 0.875, 
                "x": 0.7542588111970601, 
                "n": 40.0
            }, 
            {
                "y": 0.9358974358974359, 
                "x": 0.8632720391424155, 
                "n": 78.0
            }, 
            {
                "y": 0.9895697522816167, 
                "x": 0.971411248170381, 
                "n": 767.0
            }, 
            {
                "y": 1, 
                "x": 1, 
                "n": 0
            }
        ]
    }, 
    "oneVsAllCalibrationLoss": {
        "QUASAR": 0.013325482251584376, 
        "STAR": 0.03617488599623085, 
        "GALAXY": 0.03462835216351929
    }, 
    "densityData": {
        "QUASAR": {
            "incorrect": [
                13.886209208063505, 
                14.46183080727861, 
                12.911443233898456, 
                9.987895299599227, 
                6.81190946705137, 
                4.213103153841986, 
                2.4661758084981584, 
                1.4421683685267912, 
                0.8837129054484109, 
                0.5787003550746539, 
                0.4018442754493409, 
                0.2911364856901486, 
                0.21711261227860987, 
                0.16527146622155944, 
                0.12916442015875343, 
                0.10664966004678207, 
                0.09591175325794915, 
                0.09273789565510443, 
                0.09122107152096352, 
                0.08690639867003873, 
                0.07887984381220546, 
                0.06879769778227282, 
                0.05850364452567733, 
                0.049033407917095116, 
                0.04141654117036296, 
                0.037323242295830415, 
                0.03810383367442383, 
                0.04301403140318759, 
                0.048676204864499716, 
                0.05083940802912797, 
                0.04723447108486663, 
                0.0390324757200722, 
                0.029605285104215468, 
                0.02185263239765525, 
                0.016552313587826443, 
                0.012842611856737032, 
                0.009800742159767874, 
                0.007450525944509512, 
                0.006594280853252309, 
                0.00799927028950647, 
                0.011645628778516246, 
                0.016448062998300813, 
                0.020703284988527443, 
                0.02317167958385111, 
                0.023981422625634814, 
                0.024367086565128235, 
                0.025345886652552385, 
                0.02668524872941314, 
                0.027218172059338065, 
                0.026022534146536207, 
                0.023215881464841208, 
                0.019873584304383247, 
                0.01745010790972415, 
                0.017037319953191906, 
                0.01860328381328391, 
                0.020710543620399334, 
                0.02128649255548633, 
                0.01908530752163856, 
                0.014562895521463061, 
                0.00937362656065825, 
                0.005109752431291328, 
                0.0024961318299925673, 
                0.0015021372067990225, 
                0.0018872551876444336, 
                0.0035355222680131335, 
                0.006380785462732464, 
                0.010172724338508814, 
                0.014423330484234217, 
                0.018563502675118564, 
                0.022010256820819113, 
                0.024042058484838556, 
                0.023892904835953774, 
                0.02136840202977746, 
                0.01747348677609738, 
                0.014218898854215612, 
                0.013533505577958484, 
                0.016078178548836815, 
                0.020788459381240933, 
                0.02540495089107579, 
                0.027668714989479176, 
                0.02649870987973076, 
                0.022481333155901558, 
                0.017434768783391917, 
                0.01335685890844744, 
                0.011378598085872773, 
                0.011347952297421108, 
                0.012351596940636455, 
                0.013845491711374355, 
                0.01645787987122536, 
                0.02160831221518726, 
                0.030054032010245722, 
                0.040574833655501207, 
                0.05015283776596485, 
                0.05584303001697115, 
                0.056906336744722064, 
                0.055237415243262464, 
                0.053505502087503334, 
                0.05263211798512691, 
                0.050999291356549396, 
                0.04615196956386968
            ], 
            "incorrectMedian": 0.00579655183396941, 
            "correct": [
                0.25254694407771333, 
                0.2575476079146563, 
                0.26036388433994245, 
                0.2609596830890767, 
                0.2593642697252808, 
                0.2556715140792411, 
                0.25003639941614475, 
                0.2426690463411233, 
                0.2338266404577412, 
                0.2238037514402528, 
                0.21292158783306084, 
                0.20151674540022263, 
                0.18992998037573383, 
                0.1784954793113478, 
                0.16753101376377946, 
                0.15732927148685674, 
                0.1481505567451861, 
                0.14021696025472746, 
                0.13370802131035234, 
                0.12875784533756313, 
                0.12545360089733962, 
                0.12383529979458717, 
                0.1238967588375958, 
                0.1255876468798399, 
                0.12881653027649276, 
                0.13345483821285545, 
                0.13934167185707563, 
                0.14628937482997242, 
                0.1540897658350189, 
                0.16252090821478687, 
                0.17135425831818937, 
                0.18036199899419655, 
                0.18932433135045995, 
                0.19803647251798756, 
                0.20631509455271763, 
                0.21400394375054266, 
                0.22097840293246618, 
                0.22714880207706675, 
                0.23246234330599705, 
                0.23690358087019214, 
                0.2404934799033568, 
                0.24328716255821892, 
                0.24537052945672821, 
                0.24685601116102604, 
                0.24787775262430065, 
                0.24858655901278862, 
                0.24914493177247318, 
                0.24972249961586976, 
                0.2504921028521143, 
                0.2516267258456476, 
                0.2532973975327015, 
                0.25567210081596026, 
                0.2589156552918846, 
                0.26319047043140975, 
                0.2686580129965583, 
                0.27548079633890377, 
                0.28382468152869667, 
                0.2938612802936937, 
                0.30577026505795973, 
                0.31974141815084134, 
                0.3359762857835605, 
                0.3546893375228386, 
                0.3761085636369738, 
                0.40047546624021263, 
                0.42804441186901937, 
                0.45908131044516276, 
                0.4938615674936638, 
                0.5326672237901451, 
                0.5757831522149085, 
                0.6234921307050131, 
                0.6760685604266945, 
                0.733770559484934, 
                0.7968301462590966, 
                0.8654412453012834, 
                0.9397453147143666, 
                1.0198145169218094, 
                1.1056325404450942, 
                1.1970734281554034, 
                1.2938790688342323, 
                1.3956363458692673, 
                1.5017552821503652, 
                1.6114498379101274, 
                1.7237232666319748, 
                1.8373600694459933, 
                1.9509265698833664, 
                2.06278192642737, 
                2.171100992354136, 
                2.2739098225216368, 
                2.3691338390768815, 
                2.4546577497421427, 
                2.528395331768126, 
                2.5883662362470035, 
                2.632776124079999, 
                2.6600958080447406, 
                2.669134724870484, 
                2.6591040549318476, 
                2.629665172916029, 
                2.5809598430734138, 
                2.5136196231913566, 
                2.428753234254653
            ], 
            "correctMedian": 0.9397900028280964
        }, 
        "STAR": {
            "incorrect": [
                6.721254844929247, 
                7.148469120170021, 
                7.215209478496353, 
                6.929649227938148, 
                6.355012015721664, 
                5.590498106028585, 
                4.745437557655782, 
                3.9156200094158016, 
                3.1683706223112034, 
                2.538491066026881, 
                2.0330336721622877, 
                1.6406657574224355, 
                1.3414054900388577, 
                1.1139987974847658, 
                0.9400476887713922, 
                0.8053708332564905, 
                0.6996812902701149, 
                0.6156306157852894, 
                0.5479003226488826, 
                0.4926059423140132, 
                0.44698437398254814, 
                0.409209880386868, 
                0.37819540489216374, 
                0.35331778300358374, 
                0.3340943738284059, 
                0.31989300540467097, 
                0.3097618346011327, 
                0.3024278352532719, 
                0.29645334189812167, 
                0.29048566587556207, 
                0.283507073735593, 
                0.2750004408404167, 
                0.26498291701159354, 
                0.25390810377333856, 
                0.2424774454669654, 
                0.23142197201837283, 
                0.22131412114316215, 
                0.21245103400786441, 
                0.20482379545808435, 
                0.19816119088440962, 
                0.1920204059554894, 
                0.1858948159337075, 
                0.17931708889861048, 
                0.17194517717439392, 
                0.16362214661001476, 
                0.1543993744369055, 
                0.14451468416555374, 
                0.1343287271628122, 
                0.12424052856927295, 
                0.11461426337584521, 
                0.10574373567063108, 
                0.09786009147433035, 
                0.09116472902190792, 
                0.08585753543178834, 
                0.08213628944863344, 
                0.08016098351678273, 
                0.07999572924304263, 
                0.0815513182096644, 
                0.0845501968889584, 
                0.08852588201098116, 
                0.09285762450747237, 
                0.09683450381243515, 
                0.09974219961011765, 
                0.10096577643998171, 
                0.10009686300520326, 
                0.09702305391818652, 
                0.09196910585854286, 
                0.08546456226754864, 
                0.07823472277958055, 
                0.07104227556461767, 
                0.06452822254132319, 
                0.059100044543437744, 
                0.05489330262241403, 
                0.051803535989394515, 
                0.04956407072209666, 
                0.04783969350579038, 
                0.04631281839921035, 
                0.04474919823591863, 
                0.04303787110581601, 
                0.041203795581647294, 
                0.03939408324887358, 
                0.03784221129836843, 
                0.03681881931877281, 
                0.03658031993637027, 
                0.03732545629044022, 
                0.03916520128436939, 
                0.042105554406849745, 
                0.04603924426147471, 
                0.050742986363270355, 
                0.05588077476464511, 
                0.061017481457567496, 
                0.06564773880068636, 
                0.0692420136011394, 
                0.07130684360615695, 
                0.07145189997759115, 
                0.06945385135020625, 
                0.0653053377570141, 
                0.05923648898997566, 
                0.05169804418059565, 
                0.043301771185140156
            ], 
            "incorrectMedian": 0.018217998667719594, 
            "correct": [
                0.11554711781563069, 
                0.11882984754658753, 
                0.11888156788475708, 
                0.11601155068100026, 
                0.11084799121599691, 
                0.10423752867862683, 
                0.0971123445118195, 
                0.09035200049004881, 
                0.08466667373864839, 
                0.08052165964226703, 
                0.07811216782262853, 
                0.07738566250778267, 
                0.07809937607082708, 
                0.07989532971062316, 
                0.08237498462902526, 
                0.08515978712596087, 
                0.0879305058385284, 
                0.0904450867348672, 
                0.09253978599600901, 
                0.09412050877363959, 
                0.09515064890751153, 
                0.09563929691697341, 
                0.09563088677238979, 
                0.09519542262030453, 
                0.09441796521462215, 
                0.0933869057019499, 
                0.0921820021763772, 
                0.0908643456164659, 
                0.08947074972041362, 
                0.0880143846836446, 
                0.08649209970982773, 
                0.08489733045837317, 
                0.08323625329534141, 
                0.08154419691149416, 
                0.07989927745478813, 
                0.07843066003445433, 
                0.07731961396280504, 
                0.07679250202858348, 
                0.07710592040423772, 
                0.07852524651047733, 
                0.08129868222757448, 
                0.08562936035216268, 
                0.09164820734728912, 
                0.0993901809645096, 
                0.10877644670171475, 
                0.11960512110639894, 
                0.13155322782474607, 
                0.14419208576191503, 
                0.1570170796085285, 
                0.16949057234410944, 
                0.18109404266842377, 
                0.1913832227877193, 
                0.20003896541981842, 
                0.2069072368982784, 
                0.21202375028620893, 
                0.21562144384555038, 
                0.21812126306015273, 
                0.22010793649342986, 
                0.2222928161095648, 
                0.22546615400324624, 
                0.23044222867014186, 
                0.23800273501824065, 
                0.24884611010940128, 
                0.2635516011813721, 
                0.28256557746444616, 
                0.3062134360228838, 
                0.3347344122838572, 
                0.3683307443470973, 
                0.40721922787297876, 
                0.45167360782390986, 
                0.5020502535919327, 
                0.5587954263754389, 
                0.6224378288497795, 
                0.6935732452276371, 
                0.7728485122751845, 
                0.860950707159505, 
                0.9586056770930227, 
                1.0665886212208768, 
                1.185747818404072, 
                1.3170391606483323, 
                1.4615623100780661, 
                1.620578874929619, 
                1.795481195709648, 
                1.9876716780109749, 
                2.198312831409428, 
                2.4279223002270434, 
                2.6758174495717513, 
                2.9394583141719934, 
                3.213788552970082, 
                3.490719385729879, 
                3.7589264158304108, 
                4.004119418832742, 
                4.209891287370864, 
                4.359154763789791, 
                4.4360477768866575, 
                4.428056656471369, 
                4.328006327379627, 
                4.1355322637543175, 
                3.857702652380248, 
                3.508600431163168
            ], 
            "correctMedian": 0.9347495905441303
        }, 
        "GALAXY": {
            "incorrect": [
                5.032561964931604, 
                5.48452885621379, 
                5.748053193546029, 
                5.808091075589803, 
                5.675076278345731, 
                5.380701097728431, 
                4.969906946937558, 
                4.491633410150401, 
                3.9907645232944886, 
                3.5028364102995524, 
                3.051916111787753, 
                2.6511063225399147, 
                2.3046453800274698, 
                2.0105664514348303, 
                1.763182596694162, 
                1.5550515456359526, 
                1.378376413465911, 
                1.2259472065599206, 
                1.0917430501698986, 
                0.9712637055382383, 
                0.8616091976345615, 
                0.7613166375190987, 
                0.6699942910749708, 
                0.5878390238886206, 
                0.5151532139042644, 
                0.4519721900504737, 
                0.39787395412895993, 
                0.3519854240947416, 
                0.3131446130041534, 
                0.2801422545647994, 
                0.25195649593304564, 
                0.22790886191408707, 
                0.20770140135581747, 
                0.19133352613052332, 
                0.17893193020095985, 
                0.1705494547297198, 
                0.16599407183038267, 
                0.16473728267175286, 
                0.16592633097782894, 
                0.16849366434306448, 
                0.17132841994248418, 
                0.1734569189850495, 
                0.17417883559864958, 
                0.1731243273369088, 
                0.1702286790165014, 
                0.1656517150769089, 
                0.15968497621549413, 
                0.15268299373254945, 
                0.14503071991873145, 
                0.1371322883782675, 
                0.12939311726628952, 
                0.12217541117109955, 
                0.11573039418370412, 
                0.11013380323281, 
                0.1052595096255248, 
                0.10081432613249607, 
                0.09643169009086404, 
                0.09179650780006704, 
                0.0867601202712822, 
                0.08140767470314116, 
                0.0760564576300442, 
                0.0711849327555907, 
                0.06731102205919202, 
                0.0648507103937339, 
                0.0639933356297272, 
                0.06462765118328628, 
                0.06634226379392157, 
                0.06850557245995588, 
                0.07040721439176682, 
                0.07142248680972202, 
                0.07115195815616021, 
                0.0694960257749551, 
                0.06664692036948426, 
                0.06300959031787734, 
                0.05908563157668405, 
                0.05536142314110342, 
                0.05223106171165167, 
                0.049963227329220754, 
                0.048700262388001285, 
                0.048467861224795045, 
                0.04917880715578524, 
                0.05062982809158449, 
                0.05250660541480813, 
                0.054417608987409674, 
                0.05596773688800183, 
                0.05686161901938591, 
                0.05700506386810775, 
                0.056563839553748545, 
                0.055948217679887675, 
                0.05571624012145784, 
                0.05641762197028004, 
                0.058421392656415994, 
                0.061776570641359746, 
                0.06614634325834705, 
                0.07083724700564976, 
                0.07492147346818895, 
                0.07742718835606585, 
                0.07755267553884172, 
                0.07485017491970236, 
                0.06932963852055939
            ], 
            "incorrectMedian": 0.040887937619999974, 
            "correct": [
                0.07292768856527658, 
                0.08070063232290445, 
                0.08608353153923516, 
                0.0886360729244734, 
                0.08824028651216899, 
                0.08511869889219248, 
                0.07979681802454178, 
                0.07302101016546746, 
                0.06564993491652234, 
                0.058539515266872004, 
                0.0524390333097531, 
                0.04791122008479262, 
                0.045283867899587465, 
                0.04463566999431098, 
                0.045815150296248504, 
                0.04848854225584057, 
                0.05220976282261885, 
                0.0565027106131089, 
                0.060943170865369996, 
                0.0652258151630094, 
                0.06920290805140487, 
                0.07288655511833136, 
                0.07641502061134442, 
                0.07999309742387392, 
                0.08382308067655547, 
                0.08804399520413755, 
                0.0926923655999416, 
                0.09769050420333522, 
                0.10286131838186538, 
                0.10796397515939353, 
                0.11274217981678847, 
                0.11697490689749591, 
                0.1205175718005718, 
                0.12332127838844154, 
                0.12542151531552287, 
                0.12689678668476734, 
                0.12780999927678022, 
                0.12815554873580004, 
                0.12783698116088865, 
                0.12669106329662486, 
                0.12455663924424867, 
                0.12136785114921209, 
                0.11723931879034094, 
                0.11251102757273374, 
                0.10773309032228369, 
                0.1035903695372112, 
                0.1007866507329433, 
                0.09992055593487095, 
                0.10138660332121889, 
                0.10532494483419073, 
                0.11162650372953838, 
                0.11998295388441685, 
                0.12995953601405025, 
                0.14106677951818122, 
                0.15281439491291884, 
                0.16474269969433358, 
                0.17643792956348517, 
                0.18754279741912683, 
                0.19777129869579835, 
                0.20692953976966807, 
                0.21493700533914492, 
                0.22183930226274823, 
                0.22780537772727763, 
                0.23310780081585375, 
                0.2380906371788844, 
                0.24313294324110726, 
                0.248615930443485, 
                0.25489912453139923, 
                0.2623070392728519, 
                0.27112480969155145, 
                0.28160034713221055, 
                0.2939525610445725, 
                0.3083893609033534, 
                0.3251431923863188, 
                0.34453258627572814, 
                0.36705350403573683, 
                0.3934952361919194, 
                0.42506700399262054, 
                0.4635194853332818, 
                0.5112539664500809, 
                0.5714283902020175, 
                0.6480850469178675, 
                0.7463255407043438, 
                0.8725319981376124, 
                1.034572546749004, 
                1.2418394197655478, 
                1.5048733981343532, 
                1.834274017324209, 
                2.238642592513778, 
                2.7215111910613117, 
                3.2775889477252864, 
                3.8891375903045944, 
                4.523700727357722, 
                5.134523813139361, 
                5.664617252959556, 
                6.054500042646832, 
                6.252429990164647, 
                6.224814730261474, 
                5.964001470579628, 
                5.4910818280482045
            ], 
            "correctMedian": 0.970751755225364
        }
    }, 
    "confusion": {
        "totalRows": 1800, 
        "perActual": {
            "QUASAR": {
                "perPredicted": {
                    "QUASAR": 159, 
                    "STAR": 4, 
                    "GALAXY": 8
                }, 
                "actualClassCount": 171.0
            }, 
            "STAR": {
                "perPredicted": {
                    "QUASAR": 15, 
                    "STAR": 649, 
                    "GALAXY": 16
                }, 
                "actualClassCount": 680.0
            }, 
            "GALAXY": {
                "perPredicted": {
                    "QUASAR": 11, 
                    "STAR": 39, 
                    "GALAXY": 899
                }, 
                "actualClassCount": 949.0
            }
        }
    }, 
    "metrics": {
        "f1": 0.9332642174593563, 
        "mcalibrationLoss": 0.028042906803778172, 
        "recall": 0.9438497623736607, 
        "precision": 0.923772854762841, 
        "logLoss": 0.22400663161314352, 
        "mrocAUC": 0.9762394367652223, 
        "hammingLoss": 0.051666666666666666, 
        "accuracy": 0.9483333333333334
    }, 
    "oneVsAllRocAUC": {
        "QUASAR": 0.9751327366913293, 
        "STAR": 0.978484768907563, 
        "GALAXY": 0.9837716490485996
    }, 
    "classes": [
        "GALAXY", 
        "STAR", 
        "QUASAR"
    ], 
    "globalMetrics": {
        "predictionAvg": [
            0.5232021429177246, 
            0.3758770479430565, 
            0.10092080913921886
        ], 
        "predictionStd": [
            0.438277255468052, 
            0.4196624990868797, 
            0.26435892444705783
        ], 
        "targetStd": [
            0.4993971413480556, 
            0.48496638113833646, 
            0.29329642077450047
        ], 
        "targetAvg": [
            0.5272222222222223, 
            0.37777777777777777, 
            0.095
        ], 
        "testWeight": 1800
    }, 
    "oneVsAllRocCurves": {
        "QUASAR": [
            {
                "y": 0.0, 
                "x": 0.0, 
                "p": 1.9999997498350877
            }, 
            {
                "y": 0.05847953216374269, 
                "x": 0.0012277470841006752, 
                "p": 0.998122241326878
            }, 
            {
                "y": 0.21637426900584794, 
                "x": 0.001841620626151013, 
                "p": 0.9878221331212009
            }, 
            {
                "y": 0.3684210526315789, 
                "x": 0.0024554941682013503, 
                "p": 0.9689390878245283
            }, 
            {
                "y": 0.4678362573099415, 
                "x": 0.003069367710251688, 
                "p": 0.946808554809411
            }, 
            {
                "y": 0.5263157894736842, 
                "x": 0.004910988336402701, 
                "p": 0.9329271222553304
            }, 
            {
                "y": 0.6257309941520468, 
                "x": 0.006138735420503376, 
                "p": 0.8738434046321404
            }, 
            {
                "y": 0.7368421052631579, 
                "x": 0.006752608962553714, 
                "p": 0.8165681120496823
            }, 
            {
                "y": 0.8128654970760234, 
                "x": 0.008594229588704727, 
                "p": 0.7266235252027505
            }, 
            {
                "y": 0.8713450292397661, 
                "x": 0.011663597298956415, 
                "p": 0.5368502932199515
            }, 
            {
                "y": 0.9181286549707602, 
                "x": 0.015346838551258441, 
                "p": 0.3488058088188057
            }, 
            {
                "y": 0.9415204678362573, 
                "x": 0.08410067526089625, 
                "p": 0.042881273580704926
            }, 
            {
                "y": 0.9473684210526315, 
                "x": 0.14548802946593, 
                "p": 0.025152918875122006
            }, 
            {
                "y": 0.9532163742690059, 
                "x": 0.20810313075506445, 
                "p": 0.0178011953681518
            }, 
            {
                "y": 0.9649122807017544, 
                "x": 0.2719459791282996, 
                "p": 0.013395661430333083
            }, 
            {
                "y": 0.9707602339181286, 
                "x": 0.43155310006138736, 
                "p": 0.007558551128139239
            }, 
            {
                "y": 0.9883040935672515, 
                "x": 0.4794352363413137, 
                "p": 0.006287784509385718
            }, 
            {
                "y": 0.9941520467836257, 
                "x": 0.6341313689379988, 
                "p": 0.003323586179492387
            }, 
            {
                "y": 1.0, 
                "x": 1.0, 
                "p": 1.230554379641299e-05
            }
        ], 
        "STAR": [
            {
                "y": 0.0, 
                "x": 0.0, 
                "p": 1.9999871637493172
            }, 
            {
                "y": 0.060294117647058824, 
                "x": 0.0, 
                "p": 0.9970550161107969
            }, 
            {
                "y": 0.23088235294117648, 
                "x": 0.0008928571428571428, 
                "p": 0.9777861544938328
            }, 
            {
                "y": 0.29558823529411765, 
                "x": 0.0026785714285714286, 
                "p": 0.9687685665159582
            }, 
            {
                "y": 0.38088235294117645, 
                "x": 0.0035714285714285713, 
                "p": 0.9552558286755417
            }, 
            {
                "y": 0.4470588235294118, 
                "x": 0.004464285714285714, 
                "p": 0.9430386522524211
            }, 
            {
                "y": 0.5117647058823529, 
                "x": 0.005357142857142857, 
                "p": 0.9331131059714235
            }, 
            {
                "y": 0.5602941176470588, 
                "x": 0.007142857142857143, 
                "p": 0.9233506667328001
            }, 
            {
                "y": 0.6470588235294118, 
                "x": 0.008035714285714285, 
                "p": 0.894037213498215
            }, 
            {
                "y": 0.7573529411764706, 
                "x": 0.009821428571428571, 
                "p": 0.8447091719664365
            }, 
            {
                "y": 0.8191176470588235, 
                "x": 0.010714285714285714, 
                "p": 0.8094895484958746
            }, 
            {
                "y": 0.8897058823529411, 
                "x": 0.014285714285714285, 
                "p": 0.7348287547806109
            }, 
            {
                "y": 0.9338235294117647, 
                "x": 0.02857142857142857, 
                "p": 0.5593261192634913
            }, 
            {
                "y": 0.9573529411764706, 
                "x": 0.05625, 
                "p": 0.3783552108796279
            }, 
            {
                "y": 0.9720588235294118, 
                "x": 0.1, 
                "p": 0.2140918817455226
            }, 
            {
                "y": 0.9808823529411764, 
                "x": 0.14464285714285716, 
                "p": 0.1310022269907429
            }, 
            {
                "y": 0.9838235294117647, 
                "x": 0.3107142857142857, 
                "p": 0.04395765899050873
            }, 
            {
                "y": 0.986764705882353, 
                "x": 0.4473214285714286, 
                "p": 0.02296036941077542
            }, 
            {
                "y": 0.9882352941176471, 
                "x": 0.5285714285714286, 
                "p": 0.016052226216874174
            }, 
            {
                "y": 0.9897058823529412, 
                "x": 0.8875, 
                "p": 0.00223791021034616
            }, 
            {
                "y": 0.9926470588235294, 
                "x": 0.9901785714285715, 
                "p": 0.00010347489228545506
            }, 
            {
                "y": 1.0, 
                "x": 1.0, 
                "p": 8.33472501347414e-08
            }
        ], 
        "GALAXY": [
            {
                "y": 0.0, 
                "x": 0.0, 
                "p": 1.9991744039868515
            }, 
            {
                "y": 0.05268703898840885, 
                "x": 0.0, 
                "p": 0.9956807569731073
            }, 
            {
                "y": 0.12434141201264488, 
                "x": 0.0011750881316098707, 
                "p": 0.9927887292148829
            }, 
            {
                "y": 0.2434141201264489, 
                "x": 0.0023501762632197414, 
                "p": 0.9874747284412791
            }, 
            {
                "y": 0.30031612223393045, 
                "x": 0.004700352526439483, 
                "p": 0.9849307498947332
            }, 
            {
                "y": 0.46891464699683877, 
                "x": 0.005875440658049354, 
                "p": 0.9729769164090215
            }, 
            {
                "y": 0.6543730242360379, 
                "x": 0.007050528789659225, 
                "p": 0.9513752398119517
            }, 
            {
                "y": 0.7397260273972602, 
                "x": 0.008225616921269096, 
                "p": 0.926412504104428
            }, 
            {
                "y": 0.839831401475237, 
                "x": 0.009400705052878966, 
                "p": 0.867344070203556
            }, 
            {
                "y": 0.8851422550052687, 
                "x": 0.01527614571092832, 
                "p": 0.7851816878838588
            }, 
            {
                "y": 0.9315068493150684, 
                "x": 0.024676850763807285, 
                "p": 0.6244840923241692
            }, 
            {
                "y": 0.958904109589041, 
                "x": 0.0481786133960047, 
                "p": 0.4290765728671414
            }, 
            {
                "y": 0.9789251844046365, 
                "x": 0.07873090481786134, 
                "p": 0.2753105271237822
            }, 
            {
                "y": 0.9852476290832455, 
                "x": 0.1245593419506463, 
                "p": 0.1883638832982942
            }, 
            {
                "y": 0.9873551106427819, 
                "x": 0.18801410105757932, 
                "p": 0.13685099059961628
            }, 
            {
                "y": 0.9884088514225501, 
                "x": 0.3290246768507638, 
                "p": 0.07568968032190676
            }, 
            {
                "y": 0.9905163329820864, 
                "x": 0.3783783783783784, 
                "p": 0.06199242703092965
            }, 
            {
                "y": 0.9915700737618546, 
                "x": 0.481786133960047, 
                "p": 0.04425064220445306
            }, 
            {
                "y": 0.9936775553213909, 
                "x": 0.5840188014101058, 
                "p": 0.02788683731090559
            }, 
            {
                "y": 0.9947312961011591, 
                "x": 0.6380728554641598, 
                "p": 0.021544739246541888
            }, 
            {
                "y": 0.9968387776606955, 
                "x": 0.7097532314923619, 
                "p": 0.014232797202993423
            }, 
            {
                "y": 0.9978925184404637, 
                "x": 0.8907168037602821, 
                "p": 0.003026611612746053
            }, 
            {
                "y": 1.0, 
                "x": 1.0, 
                "p": 1.0353197578923086e-08
            }
        ]
    }, 
    "processed_feature_names": [
        "A", 
        "B", 
        "C", 
        "D", 
        "E", 
        "F", 
        "G", 
        "H", 
        "I", 
        "J", 
        "camcol", 
        "dec", 
        "field", 
        "g", 
        "i", 
        "r", 
        "ra", 
        "run", 
        "u", 
        "z"
    ]
}