{
    "gridSize": 1, 
    "nThreads": 4, 
    "metric": "ACCURACY", 
    "gridPoints": [
        {
            "scoreTimeMean": 90.0, 
            "best_iteration": 48, 
            "time": 22553, 
            "trainScoreMean": 0.8823449188012992, 
            "finishedAt": 1635183416213, 
            "fitTimeStd": 869.9950804458609, 
            "testScoreStd": 0.010777079769137967, 
            "scoreTimeStd": 17.58408371226661, 
            "parameters": {
                "reg_alpha": 0.0, 
                "colsample_bytree": 1.0, 
                "colsample_bylevel": 1.0, 
                "learning_rate": 0.2, 
                "max_delta_step": 0.0, 
                "min_child_weight": 1.0, 
                "subsample": 1.0, 
                "reg_lambda": 1.0, 
                "max_depth": 3, 
                "gamma": 0.0, 
                "booster": "gbtree"
            }, 
            "testScoreMean": 0.8679679330777275, 
            "score": 0.8679679330777275, 
            "trainScoreStd": 0.011700263302646416, 
            "testScoreGibMean": 0.8679679330777275, 
            "fitTimeMean": 4420.6
        }
    ], 
    "timeout": null, 
    "startedAt": 1635183408237, 
    "nSplits": 5
}