[
    {
        "fit_time": 5598, 
        "best_iteration": 60, 
        "test_score": 0.8808362369337979, 
        "time": 5703, 
        "split_id": 0, 
        "parameters": {
            "reg_alpha": 0.0, 
            "colsample_bytree": 1.0, 
            "colsample_bylevel": 1.0, 
            "learning_rate": 0.2, 
            "max_delta_step": 0.0, 
            "min_child_weight": 1.0, 
            "subsample": 1.0, 
            "reg_lambda": 1.0, 
            "max_depth": 3, 
            "gamma": 0.0, 
            "booster": "gbtree"
        }, 
        "num_samples": 2870, 
        "score_time": 105, 
        "train_score": 0.8942047930283225, 
        "done_at": 1635183413943, 
        "test_score_gib": 0.8808362369337979
    }, 
    {
        "fit_time": 4005, 
        "best_iteration": 40, 
        "test_score": 0.8689895470383275, 
        "time": 4093, 
        "split_id": 1, 
        "parameters": {
            "reg_alpha": 0.0, 
            "colsample_bytree": 1.0, 
            "colsample_bylevel": 1.0, 
            "learning_rate": 0.2, 
            "max_delta_step": 0.0, 
            "min_child_weight": 1.0, 
            "subsample": 1.0, 
            "reg_lambda": 1.0, 
            "max_depth": 3, 
            "gamma": 0.0, 
            "booster": "gbtree"
        }, 
        "num_samples": 2870, 
        "score_time": 88, 
        "train_score": 0.8744226579520697, 
        "done_at": 1635183412334, 
        "test_score_gib": 0.8689895470383275
    }, 
    {
        "fit_time": 3005, 
        "best_iteration": 29, 
        "test_score": 0.8501219937260369, 
        "time": 3063, 
        "split_id": 2, 
        "parameters": {
            "reg_alpha": 0.0, 
            "colsample_bytree": 1.0, 
            "colsample_bylevel": 1.0, 
            "learning_rate": 0.2, 
            "max_delta_step": 0.0, 
            "min_child_weight": 1.0, 
            "subsample": 1.0, 
            "reg_lambda": 1.0, 
            "max_depth": 3, 
            "gamma": 0.0, 
            "booster": "gbtree"
        }, 
        "num_samples": 2869, 
        "score_time": 58, 
        "train_score": 0.8647612408504706, 
        "done_at": 1635183411307, 
        "test_score_gib": 0.8501219937260369
    }, 
    {
        "fit_time": 4685, 
        "best_iteration": 48, 
        "test_score": 0.8633193863319386, 
        "time": 4792, 
        "split_id": 3, 
        "parameters": {
            "reg_alpha": 0.0, 
            "colsample_bytree": 1.0, 
            "colsample_bylevel": 1.0, 
            "learning_rate": 0.2, 
            "max_delta_step": 0.0, 
            "min_child_weight": 1.0, 
            "subsample": 1.0, 
            "reg_lambda": 1.0, 
            "max_depth": 3, 
            "gamma": 0.0, 
            "booster": "gbtree"
        }, 
        "num_samples": 2868, 
        "score_time": 107, 
        "train_score": 0.8828962272370828, 
        "done_at": 1635183413039, 
        "test_score_gib": 0.8633193863319386
    }, 
    {
        "fit_time": 4810, 
        "best_iteration": 58, 
        "test_score": 0.8765690376569037, 
        "time": 4902, 
        "split_id": 4, 
        "parameters": {
            "reg_alpha": 0.0, 
            "colsample_bytree": 1.0, 
            "colsample_bylevel": 1.0, 
            "learning_rate": 0.2, 
            "max_delta_step": 0.0, 
            "min_child_weight": 1.0, 
            "subsample": 1.0, 
            "reg_lambda": 1.0, 
            "max_depth": 3, 
            "gamma": 0.0, 
            "booster": "gbtree"
        }, 
        "num_samples": 2868, 
        "score_time": 92, 
        "train_score": 0.8954430600331097, 
        "done_at": 1635183416213, 
        "test_score_gib": 0.8765690376569037
    }
]