{
    "usedGridSearch": true, 
    "probaAware": true, 
    "gridSize": 1, 
    "rawImportance": {
        "variables": [
            "A", 
            "B", 
            "C", 
            "D", 
            "E", 
            "G", 
            "H", 
            "J", 
            "camcol", 
            "dec", 
            "field", 
            "g", 
            "i", 
            "r", 
            "ra", 
            "run", 
            "u", 
            "z"
        ], 
        "importances": [
            0.005229087080806494, 
            0.02736079692840576, 
            0.011557728983461857, 
            0.01821129024028778, 
            0.014635440893471241, 
            0.005928474944084883, 
            0.027634385973215103, 
            0.026537436991930008, 
            0.006342712324112654, 
            0.02254408597946167, 
            0.011365345679223537, 
            0.10498220473527908, 
            0.04060320556163788, 
            0.28705793619155884, 
            0.06688753515481949, 
            0.03660062700510025, 
            0.12076117843389511, 
            0.1657605618238449
        ]
    }, 
    "modelInputNRows": 14345, 
    "modelInputNCols": 20, 
    "modelInputMemory": 2295200, 
    "gridCells": [
        {
            "scoreTimeStd": 0.01758408371226661, 
            "scoreTime": 0.09, 
            "fitTime": 4.4206, 
            "score": 0.8679679330777275, 
            "params": {
                "reg_alpha": 0.0, 
                "colsample_bytree": 1.0, 
                "colsample_bylevel": 1.0, 
                "learning_rate": 0.2, 
                "max_delta_step": 0.0, 
                "min_child_weight": 1.0, 
                "n_estimators": 49, 
                "subsample": 1.0, 
                "reg_lambda": 1.0, 
                "max_depth": 3, 
                "gamma": 0.0, 
                "booster": "gbtree"
            }, 
            "fitTimeStd": 0.8699950804458609, 
            "scoreStd": 0.010777079769137967
        }
    ], 
    "gridBestScore": 0.8679679330777275, 
    "modelInputIsSparse": false, 
    "nBoostedEstimators": 52
}