{
    "oneVsAllCalibrationCurves": {
        "QUASAR": [
            {
                "y": 0, 
                "x": 0, 
                "n": 0
            }, 
            {
                "y": 0.005778382053025153, 
                "x": 0.031341856642072875, 
                "n": 2942.0
            }, 
            {
                "y": 0.04330708661417323, 
                "x": 0.14408381764344344, 
                "n": 254.0
            }, 
            {
                "y": 0.12903225806451613, 
                "x": 0.23874639407280954, 
                "n": 62.0
            }, 
            {
                "y": 0.15384615384615385, 
                "x": 0.3428388570363705, 
                "n": 26.0
            }, 
            {
                "y": 0.23076923076923078, 
                "x": 0.4402517630503728, 
                "n": 13.0
            }, 
            {
                "y": 0.5555555555555556, 
                "x": 0.5471105343765683, 
                "n": 18.0
            }, 
            {
                "y": 0.4166666666666667, 
                "x": 0.6498118837674459, 
                "n": 12.0
            }, 
            {
                "y": 0.36363636363636365, 
                "x": 0.742322482846, 
                "n": 11.0
            }, 
            {
                "y": 0.6944444444444444, 
                "x": 0.8547897256082959, 
                "n": 36.0
            }, 
            {
                "y": 0.9181494661921709, 
                "x": 0.9664510861834598, 
                "n": 281.0
            }, 
            {
                "y": 1, 
                "x": 1, 
                "n": 0
            }
        ], 
        "STAR": [
            {
                "y": 0, 
                "x": 0, 
                "n": 0
            }, 
            {
                "y": 0.029082774049217, 
                "x": 0.05246347904838705, 
                "n": 894.0
            }, 
            {
                "y": 0.045171339563862926, 
                "x": 0.14135558499354067, 
                "n": 642.0
            }, 
            {
                "y": 0.17251461988304093, 
                "x": 0.2486327952808804, 
                "n": 342.0
            }, 
            {
                "y": 0.2376237623762376, 
                "x": 0.3487728094995612, 
                "n": 202.0
            }, 
            {
                "y": 0.4019607843137255, 
                "x": 0.4499286613335796, 
                "n": 204.0
            }, 
            {
                "y": 0.5934579439252337, 
                "x": 0.5528058454255077, 
                "n": 214.0
            }, 
            {
                "y": 0.7808219178082192, 
                "x": 0.6522757000030448, 
                "n": 219.0
            }, 
            {
                "y": 0.9081364829396326, 
                "x": 0.752569422634255, 
                "n": 381.0
            }, 
            {
                "y": 0.9477806788511749, 
                "x": 0.8486172194269245, 
                "n": 383.0
            }, 
            {
                "y": 0.9885057471264368, 
                "x": 0.9361593336209484, 
                "n": 174.0
            }, 
            {
                "y": 1, 
                "x": 1, 
                "n": 0
            }
        ], 
        "GALAXY": [
            {
                "y": 0, 
                "x": 0, 
                "n": 0
            }, 
            {
                "y": 0.031017369727047148, 
                "x": 0.03996291305614455, 
                "n": 806.0
            }, 
            {
                "y": 0.0784313725490196, 
                "x": 0.14597984142236264, 
                "n": 408.0
            }, 
            {
                "y": 0.18702290076335878, 
                "x": 0.24270743251074361, 
                "n": 262.0
            }, 
            {
                "y": 0.3541666666666667, 
                "x": 0.3491551196202636, 
                "n": 192.0
            }, 
            {
                "y": 0.5135135135135135, 
                "x": 0.45160673502329235, 
                "n": 185.0
            }, 
            {
                "y": 0.6174863387978142, 
                "x": 0.5463688793729563, 
                "n": 183.0
            }, 
            {
                "y": 0.7853658536585366, 
                "x": 0.6552318293873857, 
                "n": 205.0
            }, 
            {
                "y": 0.8830769230769231, 
                "x": 0.7525937232604394, 
                "n": 325.0
            }, 
            {
                "y": 0.9590551181102362, 
                "x": 0.8553980479090233, 
                "n": 635.0
            }, 
            {
                "y": 0.986784140969163, 
                "x": 0.9248097535009426, 
                "n": 454.0
            }, 
            {
                "y": 1, 
                "x": 1, 
                "n": 0
            }
        ]
    }, 
    "oneVsAllCalibrationLoss": {
        "QUASAR": 0.03877014423932029, 
        "STAR": 0.07773808698117651, 
        "GALAXY": 0.06507026623092367
    }, 
    "densityData": {
        "QUASAR": {
            "incorrect": [
                7.47364779222499, 
                10.143419475778297, 
                11.864092561811688, 
                12.061543282969566, 
                10.789920950868611, 
                8.643461165428448, 
                6.352245930932573, 
                4.418512567533786, 
                3.015167799552621, 
                2.0926730604235333, 
                1.525286109680205, 
                1.1950310155797035, 
                1.0118328702911228, 
                0.9080445064130693, 
                0.8345190608168602, 
                0.7624072598945878, 
                0.6827426593765099, 
                0.5989738997671892, 
                0.5170838680275215, 
                0.4406030471431481, 
                0.3712069699102208, 
                0.31008795306338494, 
                0.25761375092634947, 
                0.21307908818542343, 
                0.17589934823538303, 
                0.14671829164660644, 
                0.12672676689371262, 
                0.11583279780615234, 
                0.1116379649348848, 
                0.11010406481006607, 
                0.10716464293025577, 
                0.10022431519287565, 
                0.0890641226529824, 
                0.07582884196370213, 
                0.06376504140640696, 
                0.055184834726660775, 
                0.050156015447387035, 
                0.04708051343189113, 
                0.044530555056918913, 
                0.04238337582918482, 
                0.04114170785944874, 
                0.04051782459747706, 
                0.03920205401874352, 
                0.03614138722332198, 
                0.03173450616610917, 
                0.0275421660427068, 
                0.024926184328888774, 
                0.02408391004827239, 
                0.02425112452407883, 
                0.024580719919020846, 
                0.02476324829929639, 
                0.024979827764609712, 
                0.02547185756748444, 
                0.02619542316479043, 
                0.026741696690135826, 
                0.026458121182848432, 
                0.024743838089695328, 
                0.021505303604005783, 
                0.017495172134442977, 
                0.014113102014315175, 
                0.012662296788252852, 
                0.013628388178420575, 
                0.01652667900773137, 
                0.02030915418782763, 
                0.02394726792769323, 
                0.026863461489744944, 
                0.02901974893843991, 
                0.03057995066458278, 
                0.031402438231492115, 
                0.030953716398467387, 
                0.028870646634183046, 
                0.025544955352853966, 
                0.021981729641510205, 
                0.019115793000770296, 
                0.017425866119950128, 
                0.017140927963939217, 
                0.018499583618116298, 
                0.02157827371012071, 
                0.025888814492349855, 
                0.030285864295148183, 
                0.03340519060076043, 
                0.03432883522677013, 
                0.0330177636914823, 
                0.03033869386482292, 
                0.027766159559624356, 
                0.026833255890715783, 
                0.0284870597363147, 
                0.03274443050973706, 
                0.03893260215537714, 
                0.04627027942922017, 
                0.05424952197376342, 
                0.0625484121817162, 
                0.07062738193193555, 
                0.07732944804079894, 
                0.08080096260242854, 
                0.07901392803765797, 
                0.07087785524074898, 
                0.05728617671653898, 
                0.04111765530047737, 
                0.025925647034211453
            ], 
            "incorrectMedian": 0.028193116188049316, 
            "correct": [
                0.2362124304985207, 
                0.2508550654210728, 
                0.26420027344329416, 
                0.27607750390979885, 
                0.2863685449780033, 
                0.29500862808574163, 
                0.3019837520039372, 
                0.30732463889471245, 
                0.3110980647038799, 
                0.31339655103327957, 
                0.31432753638428945, 
                0.3140031469025062, 
                0.31253156243624497, 
                0.3100107406955335, 
                0.3065249516076384, 
                0.3021442254080839, 
                0.2969264746627641, 
                0.29092175297459205, 
                0.2841778948111903, 
                0.2767466636482335, 
                0.26868952800899365, 
                0.2600822818651343, 
                0.2510179098785766, 
                0.24160734234564027, 
                0.23197801706716378, 
                0.22227043187703863, 
                0.21263310098318522, 
                0.2032164954603021, 
                0.19416663669119624, 
                0.1856190149058432, 
                0.17769342720161346, 
                0.17049018398663196, 
                0.16408794063862644, 
                0.15854319809550102, 
                0.15389130950117816, 
                0.15014865564907656, 
                0.14731553077906512, 
                0.1453792260655499, 
                0.14431681587394046, 
                0.14409723728244428, 
                0.14468239359645374, 
                0.14602718792543679, 
                0.14807857944777056, 
                0.15077392781253843, 
                0.1540390274892989, 
                0.15778631619320235, 
                0.1619137595465007, 
                0.16630486618252385, 
                0.1708301804007766, 
                0.17535044752722598, 
                0.17972146998610092, 
                0.18380049210614102, 
                0.18745379099959422, 
                0.19056502864104857, 
                0.1930438505446853, 
                0.19483420661546985, 
                0.19592192013907225, 
                0.1963411349998237, 
                0.19617941684900267, 
                0.19558145460410062, 
                0.1947514852867385, 
                0.19395472779489079, 
                0.19351824019198396, 
                0.19383169246683402, 
                0.19534855687323183, 
                0.19858814848269038, 
                0.20413879114825814, 
                0.21266213564878436, 
                0.22489832128646375, 
                0.24167126260402916, 
                0.2638928834207001, 
                0.2925646485672847, 
                0.3287743112977251, 
                0.37368546660016644, 
                0.4285173528328105, 
                0.49451245505207536, 
                0.5728899053609163, 
                0.6647835014587684, 
                0.771164393239463, 
                0.8927500895815972, 
                1.0299033251408887, 
                1.1825263478156662, 
                1.3499581296998304, 
                1.5308836111386974, 
                1.723265083907209, 
                1.9243059478915967, 
                2.130456137248503, 
                2.337466408311836, 
                2.54049544813266, 
                2.734269588555696, 
                2.913290137503394, 
                3.07207843526007, 
                3.205444256598193, 
                3.3087596693444015, 
                3.378218421857591, 
                3.4110607220630675, 
                3.405745045281104, 
                3.3620522874891576, 
                3.281112846445497, 
                3.1653535400845003
            ], 
            "correctMedian": 0.9670472741127014
        }, 
        "STAR": {
            "incorrect": [
                1.8368152031943485, 
                2.2568207263562483, 
                2.6667592283754815, 
                3.0391431278509615, 
                3.350801433025316, 
                3.5861402926754864, 
                3.73849045092788, 
                3.8094451120530453, 
                3.806741183595437, 
                3.741589801024199, 
                3.626313062386444, 
                3.472785373780165, 
                3.2917297066063766, 
                3.092598657146826, 
                2.88368188946736, 
                2.672188189000491, 
                2.4642290704541128, 
                2.2647626970372587, 
                2.0775886567335053, 
                1.905434706932069, 
                1.7501023496369623, 
                1.612592560480122, 
                1.49314274650221, 
                1.3911651636775626, 
                1.305153546139057, 
                1.2326749451602426, 
                1.1705536616789491, 
                1.115279592804314, 
                1.063566918153935, 
                1.0129049874705642, 
                0.9619269066649725, 
                0.9104827817404919, 
                0.8594135427409222, 
                0.8101254936299573, 
                0.7641200580134012, 
                0.7226208681388612, 
                0.6863764890980375, 
                0.655636374883806, 
                0.6302360900074646, 
                0.609707702393679, 
                0.5933542903113748, 
                0.5802764687412063, 
                0.5693860129425141, 
                0.5594614289724196, 
                0.5492814813256206, 
                0.5378248253343286, 
                0.5244735504989062, 
                0.5091354359982146, 
                0.49222027754182857, 
                0.4744623287282971, 
                0.45664613679688576, 
                0.439334580282228, 
                0.4226965123138518, 
                0.4064899909834949, 
                0.39019665772471857, 
                0.3732497497808359, 
                0.35527147240741225, 
                0.33624050887037793, 
                0.3165406153600609, 
                0.29688300202228024, 
                0.2781340204662568, 
                0.2611045072395061, 
                0.2463628532526354, 
                0.23412158445041134, 
                0.22422260983703815, 
                0.21621699094054442, 
                0.2095087603863237, 
                0.2035155862424543, 
                0.19779677509033083, 
                0.1921127798653135, 
                0.18640641893625964, 
                0.18072525896315678, 
                0.17512516176528395, 
                0.169597748223356, 
                0.16404845915899538, 
                0.15832532296523766, 
                0.15227501956294007, 
                0.14579370836340175, 
                0.13884835366456486, 
                0.13146347092654065, 
                0.12368686344848928, 
                0.11555646255320991, 
                0.10708616564235987, 
                0.09827613791902014, 
                0.08914030257530521, 
                0.07973691528752941, 
                0.07018883740963086, 
                0.06068591133870474, 
                0.051468785004034096, 
                0.042798802563839534, 
                0.034921281328207564, 
                0.028030012306183905, 
                0.022239835308113517, 
                0.01757218817957231, 
                0.013956033555049615, 
                0.011243867017869266, 
                0.009239821880853568, 
                0.007734400588409641, 
                0.006538551165243319, 
                0.005509511025777483
            ], 
            "incorrectMedian": 0.1274620220065117, 
            "correct": [
                0.0968017073544195, 
                0.11058066429287294, 
                0.12314958385200786, 
                0.13397443512060817, 
                0.1427477003812017, 
                0.14944830946059395, 
                0.15435665474720953, 
                0.1580195058244765, 
                0.16116997219822007, 
                0.16461710127975263, 
                0.1691259318550159, 
                0.17531034905264425, 
                0.18355759687594647, 
                0.19399573591246916, 
                0.2065056011647285, 
                0.22076930510164322, 
                0.2363403002179895, 
                0.2527170401972856, 
                0.26940389628363504, 
                0.2859485995410093, 
                0.3019535336169865, 
                0.3170665525198416, 
                0.330963394317847, 
                0.3433363597823052, 
                0.35390176168071086, 
                0.36243201141966813, 
                0.36880876217127895, 
                0.3730840673040518, 
                0.37553024895285914, 
                0.37665866559923283, 
                0.37719368257614877, 
                0.377999485908887, 
                0.3799705589702627, 
                0.383907438905274, 
                0.3904042798048009, 
                0.3997723032968474, 
                0.4120144649861813, 
                0.42685462405966923, 
                0.44381286519067015, 
                0.4623103470810485, 
                0.4817834726627292, 
                0.501787923372294, 
                0.5220767446756385, 
                0.542641645937203, 
                0.5637119939746023, 
                0.5857114088261398, 
                0.6091776047163782, 
                0.6346571575221708, 
                0.6625925248222546, 
                0.6932224277795573, 
                0.726516847512393, 
                0.7621631417890407, 
                0.799610267455383, 
                0.83816568123764, 
                0.8771274834275358, 
                0.9159263983080871, 
                0.9542507991326393, 
                0.9921335096623516, 
                1.0299893795832586, 
                1.0686037811864857, 
                1.1090802607999362, 
                1.152758242925996, 
                1.2011091560931144, 
                1.2556142762935507, 
                1.3176237805162019, 
                1.3881971709175387, 
                1.46793145107453, 
                1.5567935705165477, 
                1.6539838680942587, 
                1.7578629101593342, 
                1.8659715328709126, 
                1.9751617098153562, 
                2.0818357648349335, 
                2.182267903766406, 
                2.2729611580148843, 
                2.35098064040891, 
                2.414204597615929, 
                2.4614488675139334, 
                2.4924450365416546, 
                2.507681903447816, 
                2.508146657463592, 
                2.495020254487798, 
                2.469387217262868, 
                2.432013204563961, 
                2.3832268466743303, 
                2.3229200286722143, 
                2.2506580455845606, 
                2.165872288817448, 
                2.0680964254481555, 
                1.9572036816470582, 
                1.8336072186577168, 
                1.6983954602986364, 
                1.5533864804051207, 
                1.401097238754619, 
                1.2446327604956458, 
                1.0875070625942966, 
                0.9334127256556489, 
                0.7859606724082773, 
                0.6484162393534042, 
                0.5234609192083611
            ], 
            "correctMedian": 0.7558949589729309
        }, 
        "GALAXY": {
            "incorrect": [
                2.518540521982081, 
                2.779387347293779, 
                2.986714083838793, 
                3.1343058121812395, 
                3.2219954131491306, 
                3.2545392347846067, 
                3.239810365190775, 
                3.1869005127535694, 
                3.104627715690969, 
                3.000701521761096, 
                2.8815190214853907, 
                2.752366248371587, 
                2.6177378095870107, 
                2.481552673811289, 
                2.347176473766288, 
                2.217289127605632, 
                2.093710706665992, 
                1.9773040157992183, 
                1.8680263996823478, 
                1.7651377586107795, 
                1.667516058971863, 
                1.5740023279144786, 
                1.4836965360403174, 
                1.3961465896291387, 
                1.3114041883485028, 
                1.2299539472580612, 
                1.152549065244367, 
                1.0800035845739409, 
                1.0129954942460815, 
                0.9519261536382854, 
                0.896861985088604, 
                0.8475593543378832, 
                0.8035504250784875, 
                0.7642538060512006, 
                0.7290732761443359, 
                0.6974600374466225, 
                0.6689331261167918, 
                0.6430705216308953, 
                0.6194928607907269, 
                0.5978593715871674, 
                0.5778839213288839, 
                0.559364178204956, 
                0.5422060317590485, 
                0.5264235148827032, 
                0.5121021801651527, 
                0.4993277553507485, 
                0.48809624820438846, 
                0.4782310833119204, 
                0.46933415982054966, 
                0.46079068937364537, 
                0.45183454895704483, 
                0.44166530595728715, 
                0.42959401618749016, 
                0.4151858728290459, 
                0.3983662548004351, 
                0.37946354467439597, 
                0.35917605767333277, 
                0.3384682224301253, 
                0.31841799808767907, 
                0.30004855996593155, 
                0.28417934264749345, 
                0.2713243033361592, 
                0.26165152616155196, 
                0.2550027435693791, 
                0.2509587650089346, 
                0.24893019222765922, 
                0.248252594262345, 
                0.24826977410743722, 
                0.24839526000583056, 
                0.24814851372146418, 
                0.24716745665475864, 
                0.24520252451574465, 
                0.24209957074717905, 
                0.23777940921299726, 
                0.2322204863106943, 
                0.22544839372170308, 
                0.21753255950431244, 
                0.2085876145564874, 
                0.19877538122600005, 
                0.18830322136144217, 
                0.17741519897456504, 
                0.16637385791392148, 
                0.15543251799953353, 
                0.1448010930210672, 
                0.13461215555643172, 
                0.12489690873917939, 
                0.11558089090138526, 
                0.10650530188658743, 
                0.09747230888138075, 
                0.08830415755127402, 
                0.07890000359438604, 
                0.06927392356763203, 
                0.059563085999859024, 
                0.050004456154144644, 
                0.040887965605483405, 
                0.03250026765231957, 
                0.025074183007769493, 
                0.018755124752295693, 
                0.013589294064761968, 
                0.009531912733558523
            ], 
            "incorrectMedian": 0.1213800311088562, 
            "correct": [
                0.06934776928219669, 
                0.07946052315906917, 
                0.08886024140506175, 
                0.09728129713658822, 
                0.10462023220072844, 
                0.11094534386543246, 
                0.11647754151219093, 
                0.12154884815819007, 
                0.12654815145158535, 
                0.1318639382453775, 
                0.13783185605484288, 
                0.144692571512686, 
                0.1525635670276595, 
                0.16142727090060158, 
                0.17113657495993634, 
                0.18143672957136225, 
                0.19199992757661657, 
                0.20246654281403884, 
                0.21248618772865357, 
                0.22175311992374153, 
                0.23003354548914556, 
                0.23718555234174712, 
                0.2431741049791387, 
                0.24808286681186814, 
                0.25212200141886876, 
                0.25562802584600636, 
                0.25905002697835694, 
                0.2629173214200495, 
                0.26778711189593635, 
                0.27417604256458505, 
                0.2824853379461296, 
                0.2929337742764801, 
                0.30551450964402715, 
                0.31998956843159626, 
                0.33592906715459964, 
                0.3527918869700195, 
                0.37003282209484406, 
                0.38721185767851557, 
                0.40407778896655944, 
                0.4206029663901351, 
                0.43695788835406624, 
                0.45343027427477417, 
                0.4703082909126856, 
                0.4877574089271828, 
                0.5057225775599082, 
                0.5238820736237197, 
                0.541668271634472, 
                0.5583561269525246, 
                0.5732048614634484, 
                0.5856248349297015, 
                0.5953329200262786, 
                0.6024589863155315, 
                0.607575272440879, 
                0.6116386478826784, 
                0.6158586130815604, 
                0.6215242555267425, 
                0.6298340663140366, 
                0.6417693577150217, 
                0.6580359424478367, 
                0.6790756381153247, 
                0.7051275507676893, 
                0.736306620999035, 
                0.7726674058188004, 
                0.8142332586849629, 
                0.8609894492022254, 
                0.9128559630718134, 
                0.9696653869226569, 
                1.0311703215191912, 
                1.0970942065501958, 
                1.16722366428203, 
                1.2415252463395476, 
                1.3202596281439938, 
                1.4040640519621126, 
                1.4939784107442304, 
                1.5913990374825688, 
                1.6979539347273103, 
                1.8153018218547323, 
                1.9448644776778847, 
                2.0875079104733483, 
                2.243193566504231, 
                2.410626461128562, 
                2.5869330189945297, 
                2.7674080468319775, 
                2.9453782584359396, 
                3.1122386445592154, 
                3.2577242234370676, 
                3.370475606920555, 
                3.4389318505837396, 
                3.452529835005322, 
                3.403106966888445, 
                3.286309620619981, 
                3.102734893051808, 
                2.858515255333259, 
                2.5651214505351168, 
                2.2383084966307707, 
                1.8963287482973188, 
                1.5577244968611714, 
                1.2391265479910467, 
                0.9534833682596706, 
                0.7090273539597448
            ], 
            "correctMedian": 0.8266615867614746
        }
    }, 
    "confusion": {
        "totalRows": 3655, 
        "perActual": {
            "QUASAR": {
                "perPredicted": {
                    "QUASAR": 305, 
                    "STAR": 18, 
                    "GALAXY": 22
                }, 
                "actualClassCount": 345.0
            }, 
            "STAR": {
                "perPredicted": {
                    "QUASAR": 40, 
                    "STAR": 1197, 
                    "GALAXY": 186
                }, 
                "actualClassCount": 1423.0
            }, 
            "GALAXY": {
                "perPredicted": {
                    "QUASAR": 19, 
                    "STAR": 208, 
                    "GALAXY": 1660
                }, 
                "actualClassCount": 1887.0
            }
        }
    }, 
    "metrics": {
        "f1": 0.8619005929190916, 
        "mcalibrationLoss": 0.060526165817140154, 
        "recall": 0.8683139360052979, 
        "precision": 0.8559145519555035, 
        "logLoss": 0.40407019431359004, 
        "mrocAUC": 0.9571490216728384, 
        "hammingLoss": 0.13488372093023257, 
        "accuracy": 0.8651162790697674
    }, 
    "oneVsAllRocAUC": {
        "QUASAR": 0.9686790139673367, 
        "STAR": 0.9378614454796647, 
        "GALAXY": 0.9463150767216512
    }, 
    "classes": [
        "GALAXY", 
        "STAR", 
        "QUASAR"
    ], 
    "globalMetrics": {
        "predictionAvg": [
            0.4782179584155285, 
            0.3887038316246423, 
            0.1330782096941921
        ], 
        "predictionStd": [
            0.3442864736050035, 
            0.31189678912303415, 
            0.26633990483025566
        ], 
        "targetStd": [
            0.49980329884254554, 
            0.48766499536989916, 
            0.2924122632929286
        ], 
        "targetAvg": [
            0.5162790697674419, 
            0.3893296853625171, 
            0.09439124487004104
        ], 
        "testWeight": 3655
    }, 
    "oneVsAllRocCurves": {
        "QUASAR": [
            {
                "y": 0.0, 
                "x": 0.0, 
                "p": 1.9882453680038452
            }, 
            {
                "y": 0.16231884057971013, 
                "x": 0.00030211480362537764, 
                "p": 0.979988694190979
            }, 
            {
                "y": 0.2579710144927536, 
                "x": 0.00030211480362537764, 
                "p": 0.9777552485466003
            }, 
            {
                "y": 0.3652173913043478, 
                "x": 0.00030211480362537764, 
                "p": 0.9752713441848755
            }, 
            {
                "y": 0.41739130434782606, 
                "x": 0.0006042296072507553, 
                "p": 0.9737979173660278
            }, 
            {
                "y": 0.46956521739130436, 
                "x": 0.0015105740181268882, 
                "p": 0.9705393314361572
            }, 
            {
                "y": 0.5942028985507246, 
                "x": 0.002416918429003021, 
                "p": 0.9582979679107666
            }, 
            {
                "y": 0.6434782608695652, 
                "x": 0.003323262839879154, 
                "p": 0.9504175782203674
            }, 
            {
                "y": 0.6985507246376812, 
                "x": 0.004531722054380665, 
                "p": 0.9357239603996277
            }, 
            {
                "y": 0.7507246376811594, 
                "x": 0.006948640483383686, 
                "p": 0.8999223113059998
            }, 
            {
                "y": 0.8144927536231884, 
                "x": 0.00906344410876133, 
                "p": 0.8198755383491516
            }, 
            {
                "y": 0.8608695652173913, 
                "x": 0.01540785498489426, 
                "p": 0.5536811351776123
            }, 
            {
                "y": 0.8985507246376812, 
                "x": 0.030211480362537766, 
                "p": 0.26496508717536926
            }, 
            {
                "y": 0.927536231884058, 
                "x": 0.0513595166163142, 
                "p": 0.18260283768177032
            }, 
            {
                "y": 0.9449275362318841, 
                "x": 0.1, 
                "p": 0.1206982284784317
            }, 
            {
                "y": 0.9536231884057971, 
                "x": 0.14350453172205438, 
                "p": 0.0799056887626648
            }, 
            {
                "y": 0.9594202898550724, 
                "x": 0.20181268882175227, 
                "p": 0.05967345088720322
            }, 
            {
                "y": 0.9594202898550724, 
                "x": 0.2525679758308157, 
                "p": 0.04986990615725517
            }, 
            {
                "y": 0.9623188405797102, 
                "x": 0.30241691842900303, 
                "p": 0.04189605638384819
            }, 
            {
                "y": 0.9652173913043478, 
                "x": 0.4, 
                "p": 0.03349142521619797
            }, 
            {
                "y": 0.9739130434782609, 
                "x": 0.4755287009063444, 
                "p": 0.0294002965092659
            }, 
            {
                "y": 0.9768115942028985, 
                "x": 0.5459214501510574, 
                "p": 0.026192013174295425
            }, 
            {
                "y": 0.9797101449275363, 
                "x": 0.6157099697885197, 
                "p": 0.023570077493786812
            }, 
            {
                "y": 0.9826086956521739, 
                "x": 0.670392749244713, 
                "p": 0.02153378538787365
            }, 
            {
                "y": 0.9884057971014493, 
                "x": 0.7214501510574018, 
                "p": 0.019708219915628433
            }, 
            {
                "y": 0.9884057971014493, 
                "x": 0.783987915407855, 
                "p": 0.017548436298966408
            }, 
            {
                "y": 0.991304347826087, 
                "x": 0.8598187311178248, 
                "p": 0.015397713519632816
            }, 
            {
                "y": 1.0, 
                "x": 0.9030211480362538, 
                "p": 0.014074251987040043
            }, 
            {
                "y": 1.0, 
                "x": 0.9682779456193353, 
                "p": 0.011712453328073025
            }, 
            {
                "y": 1.0, 
                "x": 1.0, 
                "p": 0.0026988640893250704
            }
        ], 
        "STAR": [
            {
                "y": 0.0, 
                "x": 0.0, 
                "p": 1.9887124300003052
            }, 
            {
                "y": 0.06957132817990162, 
                "x": 0.00044802867383512545, 
                "p": 0.9265321493148804
            }, 
            {
                "y": 0.12508784258608574, 
                "x": 0.0008960573476702509, 
                "p": 0.8985631465911865
            }, 
            {
                "y": 0.1904427266338721, 
                "x": 0.002240143369175627, 
                "p": 0.8731672763824463
            }, 
            {
                "y": 0.24174279690794098, 
                "x": 0.0035842293906810036, 
                "p": 0.850601077079773
            }, 
            {
                "y": 0.2902319044272663, 
                "x": 0.005824372759856631, 
                "p": 0.8323237895965576
            }, 
            {
                "y": 0.3387210119465917, 
                "x": 0.008512544802867384, 
                "p": 0.8117198348045349
            }, 
            {
                "y": 0.3865073787772312, 
                "x": 0.010752688172043012, 
                "p": 0.7951608300209045
            }, 
            {
                "y": 0.4342937456078707, 
                "x": 0.012992831541218637, 
                "p": 0.7749704718589783
            }, 
            {
                "y": 0.4848910751932537, 
                "x": 0.015232974910394265, 
                "p": 0.7599655389785767
            }, 
            {
                "y": 0.5347856640899508, 
                "x": 0.019265232974910396, 
                "p": 0.7434679865837097
            }, 
            {
                "y": 0.5832747716092762, 
                "x": 0.0228494623655914, 
                "p": 0.7171916365623474
            }, 
            {
                "y": 0.6303583977512298, 
                "x": 0.027777777777777776, 
                "p": 0.6939711570739746
            }, 
            {
                "y": 0.6788475052705552, 
                "x": 0.035842293906810034, 
                "p": 0.652707576751709
            }, 
            {
                "y": 0.7217146872803936, 
                "x": 0.04345878136200717, 
                "p": 0.6176061034202576
            }, 
            {
                "y": 0.7617709065354884, 
                "x": 0.053763440860215055, 
                "p": 0.5767298936843872
            }, 
            {
                "y": 0.7990161630358398, 
                "x": 0.06765232974910394, 
                "p": 0.5439596176147461
            }, 
            {
                "y": 0.8306394940267041, 
                "x": 0.08691756272401434, 
                "p": 0.49626579880714417
            }, 
            {
                "y": 0.8566408995080815, 
                "x": 0.11424731182795698, 
                "p": 0.45077553391456604
            }, 
            {
                "y": 0.8840477863668307, 
                "x": 0.13709677419354838, 
                "p": 0.4078604280948639
            }, 
            {
                "y": 0.9051300070274069, 
                "x": 0.1693548387096774, 
                "p": 0.35493505001068115
            }, 
            {
                "y": 0.9184820801124385, 
                "x": 0.2078853046594982, 
                "p": 0.30292484164237976
            }, 
            {
                "y": 0.9367533380182712, 
                "x": 0.2414874551971326, 
                "p": 0.27495893836021423
            }, 
            {
                "y": 0.9472944483485594, 
                "x": 0.2840501792114695, 
                "p": 0.2357753962278366
            }, 
            {
                "y": 0.9592410400562192, 
                "x": 0.3234767025089606, 
                "p": 0.2066473364830017
            }, 
            {
                "y": 0.9669711876317639, 
                "x": 0.3660394265232975, 
                "p": 0.1822788417339325
            }, 
            {
                "y": 0.9725931131412509, 
                "x": 0.4112903225806452, 
                "p": 0.16121788322925568
            }, 
            {
                "y": 0.977512297962052, 
                "x": 0.45698924731182794, 
                "p": 0.14346633851528168
            }, 
            {
                "y": 0.9789177793394237, 
                "x": 0.5344982078853047, 
                "p": 0.11663684993982315
            }, 
            {
                "y": 0.9810260014054814, 
                "x": 0.5900537634408602, 
                "p": 0.10438868403434753
            }, 
            {
                "y": 0.9824314827828531, 
                "x": 0.6474014336917563, 
                "p": 0.09076347947120667
            }, 
            {
                "y": 0.9845397048489107, 
                "x": 0.696236559139785, 
                "p": 0.0767897292971611
            }, 
            {
                "y": 0.9859451862262825, 
                "x": 0.7455197132616488, 
                "p": 0.06398065388202667
            }, 
            {
                "y": 0.9873506676036542, 
                "x": 0.7983870967741935, 
                "p": 0.05347168818116188
            }, 
            {
                "y": 0.9922698524244554, 
                "x": 0.8530465949820788, 
                "p": 0.043135881423950195
            }, 
            {
                "y": 0.9929725931131412, 
                "x": 0.9036738351254481, 
                "p": 0.0340166836977005
            }, 
            {
                "y": 0.9971890372452565, 
                "x": 0.9511648745519713, 
                "p": 0.017075389623641968
            }, 
            {
                "y": 0.9992972593113141, 
                "x": 1.0, 
                "p": 0.009400791488587856
            }, 
            {
                "y": 1.0, 
                "x": 1.0, 
                "p": 0.008898027241230011
            }
        ], 
        "GALAXY": [
            {
                "y": 0.0, 
                "x": 0.0, 
                "p": 1.9546083807945251
            }, 
            {
                "y": 0.06783253842077372, 
                "x": 0.0005656108597285068, 
                "p": 0.9342564344406128
            }, 
            {
                "y": 0.13301536830948596, 
                "x": 0.0005656108597285068, 
                "p": 0.9223009943962097
            }, 
            {
                "y": 0.1875993640699523, 
                "x": 0.0022624434389140274, 
                "p": 0.9104956984519958
            }, 
            {
                "y": 0.24960254372019078, 
                "x": 0.003393665158371041, 
                "p": 0.8964953422546387
            }, 
            {
                "y": 0.30895601483836777, 
                "x": 0.005656108597285068, 
                "p": 0.8817304372787476
            }, 
            {
                "y": 0.35877053524112346, 
                "x": 0.007352941176470588, 
                "p": 0.8701713681221008
            }, 
            {
                "y": 0.43667196608373077, 
                "x": 0.008484162895927601, 
                "p": 0.8488911986351013
            }, 
            {
                "y": 0.48860625331213564, 
                "x": 0.010180995475113122, 
                "p": 0.8304474353790283
            }, 
            {
                "y": 0.5347111817700053, 
                "x": 0.014705882352941176, 
                "p": 0.8107841610908508
            }, 
            {
                "y": 0.589825119236884, 
                "x": 0.018665158371040724, 
                "p": 0.7831552624702454
            }, 
            {
                "y": 0.6380498145204028, 
                "x": 0.026583710407239818, 
                "p": 0.7550680041313171
            }, 
            {
                "y": 0.6820349761526232, 
                "x": 0.0333710407239819, 
                "p": 0.7243678569793701
            }, 
            {
                "y": 0.7223105458399576, 
                "x": 0.04411764705882353, 
                "p": 0.6936006546020508
            }, 
            {
                "y": 0.7636459989401165, 
                "x": 0.053167420814479636, 
                "p": 0.6471507549285889
            }, 
            {
                "y": 0.8023317435082141, 
                "x": 0.0661764705882353, 
                "p": 0.5918208360671997
            }, 
            {
                "y": 0.830948595654478, 
                "x": 0.08880090497737557, 
                "p": 0.5341664552688599
            }, 
            {
                "y": 0.8627450980392157, 
                "x": 0.1080316742081448, 
                "p": 0.4926724135875702
            }, 
            {
                "y": 0.8913619501854796, 
                "x": 0.12952488687782807, 
                "p": 0.445112943649292
            }, 
            {
                "y": 0.9104398516163222, 
                "x": 0.16119909502262444, 
                "p": 0.39242374897003174
            }, 
            {
                "y": 0.9332273449920508, 
                "x": 0.19117647058823528, 
                "p": 0.3396424651145935
            }, 
            {
                "y": 0.9454160042395336, 
                "x": 0.2313348416289593, 
                "p": 0.2901766300201416
            }, 
            {
                "y": 0.9554848966613673, 
                "x": 0.27149321266968324, 
                "p": 0.2509811818599701
            }, 
            {
                "y": 0.9650238473767886, 
                "x": 0.3156108597285068, 
                "p": 0.21896469593048096
            }, 
            {
                "y": 0.9703232644409115, 
                "x": 0.36142533936651583, 
                "p": 0.19161036610603333
            }, 
            {
                "y": 0.9772125066242713, 
                "x": 0.4066742081447964, 
                "p": 0.16546611487865448
            }, 
            {
                "y": 0.9819819819819819, 
                "x": 0.4592760180995475, 
                "p": 0.1375083178281784
            }, 
            {
                "y": 0.9846316905140434, 
                "x": 0.5237556561085973, 
                "p": 0.11128603667020798
            }, 
            {
                "y": 0.9878113407525172, 
                "x": 0.5882352941176471, 
                "p": 0.09207424521446228
            }, 
            {
                "y": 0.9894011658717541, 
                "x": 0.6453619909502263, 
                "p": 0.07713327556848526
            }, 
            {
                "y": 0.9915209326974033, 
                "x": 0.7138009049773756, 
                "p": 0.05588918551802635
            }, 
            {
                "y": 0.9936406995230525, 
                "x": 0.7697963800904978, 
                "p": 0.03499187156558037
            }, 
            {
                "y": 0.9968203497615262, 
                "x": 0.8190045248868778, 
                "p": 0.018980655819177628
            }, 
            {
                "y": 0.9984101748807631, 
                "x": 0.879524886877828, 
                "p": 0.0077887955121695995
            }, 
            {
                "y": 0.9989401165871754, 
                "x": 0.9309954751131222, 
                "p": 0.005775000434368849
            }, 
            {
                "y": 0.9994700582935877, 
                "x": 0.9813348416289592, 
                "p": 0.004485812969505787
            }, 
            {
                "y": 1.0, 
                "x": 1.0, 
                "p": 0.0019937423057854176
            }
        ]
    }, 
    "processed_feature_names": [
        "A", 
        "B", 
        "C", 
        "D", 
        "E", 
        "F", 
        "G", 
        "H", 
        "I", 
        "J", 
        "camcol", 
        "dec", 
        "field", 
        "g", 
        "i", 
        "r", 
        "ra", 
        "run", 
        "u", 
        "z"
    ]
}