{
  "state": "DONE",
  "preSearchDescription": {
    "gridLength": 1,
    "searchStrategy": "GRID",
    "importantParams": [
      {
        "name": "trees",
        "val": "300"
      },
      {
        "name": "max_depth",
        "vals": [
          "3"
        ]
      }
    ]
  },
  "postSearchDescription": {
    "importantParams": [
      {
        "name": "trees",
        "val": "49"
      },
      {
        "name": "max_depth",
        "val": "3"
      }
    ]
  },
  "resumed": false,
  "timeOrderingEnabled": false,
  "sampleWeightsEnabled": false,
  "modelId": "m1",
  "progress": {
    "top_level_todo": [],
    "stack": [],
    "top_level_done": [
      {
        "name": "Loading train set",
        "time": 56
      },
      {
        "name": "Loading test set",
        "time": 16
      },
      {
        "name": "Collecting statistics",
        "time": 27
      },
      {
        "name": "Preprocessing train set",
        "time": 50
      },
      {
        "name": "Preprocessing test set",
        "time": 22
      },
      {
        "name": "Fitting model",
        "time": 11660
      },
      {
        "name": "Saving model",
        "time": 5
      },
      {
        "name": "Scoring model",
        "time": 259
      }
    ]
  },
  "startTime": 1635183407936,
  "endTime": 1635183420128,
  "preprocessingTime": 174,
  "trainingTime": 12018,
  "hyperparamsSearchTime": 0
}