{
  "pages": [
    {
      "id": "8jkNXg5",
      "grid": {
        "tiles": []
      },
      "showTitle": false
    }
  ],
  "owner": "admin",
  "listed": true,
  "name": "DSC#2\u0027s default dashboard",
  "showGrid": true,
  "versionTag": {
    "versionNumber": 0,
    "lastModifiedBy": {
      "login": "admin"
    },
    "lastModifiedOn": 1635169433586
  },
  "creationTag": {
    "versionNumber": 0,
    "lastModifiedBy": {
      "login": "admin"
    },
    "lastModifiedOn": 1635169433586
  },
  "tags": [],
  "customFields": {},
  "checklists": {
    "checklists": []
  }
}