{
    "oneVsAllCalibrationCurves": {
        "QUASAR": [
            {
                "y": 0, 
                "x": 0, 
                "n": 0
            }, 
            {
                "y": 0.006430868167202572, 
                "x": 0.011233850476553392, 
                "n": 1555.0
            }, 
            {
                "y": 0.2, 
                "x": 0.14638095044143387, 
                "n": 25.0
            }, 
            {
                "y": 0.0, 
                "x": 0.25251055086398705, 
                "n": 6.0
            }, 
            {
                "y": 0.5, 
                "x": 0.3310735783019584, 
                "n": 14.0
            }, 
            {
                "y": 0.6, 
                "x": 0.44639370645564896, 
                "n": 10.0
            }, 
            {
                "y": 0.5, 
                "x": 0.5386565485689794, 
                "n": 4.0
            }, 
            {
                "y": 0.6363636363636364, 
                "x": 0.6493850606072115, 
                "n": 11.0
            }, 
            {
                "y": 0.7333333333333333, 
                "x": 0.7598089911540101, 
                "n": 15.0
            }, 
            {
                "y": 0.8461538461538461, 
                "x": 0.8522176809435038, 
                "n": 39.0
            }, 
            {
                "y": 0.9421487603305785, 
                "x": 0.9661548540041872, 
                "n": 121.0
            }, 
            {
                "y": 1, 
                "x": 1, 
                "n": 0
            }
        ], 
        "STAR": [
            {
                "y": 0, 
                "x": 0, 
                "n": 0
            }, 
            {
                "y": 0.012304250559284116, 
                "x": 0.022774872373312386, 
                "n": 894.0
            }, 
            {
                "y": 0.039603960396039604, 
                "x": 0.14136778423137103, 
                "n": 101.0
            }, 
            {
                "y": 0.14, 
                "x": 0.24165672919689613, 
                "n": 50.0
            }, 
            {
                "y": 0.2647058823529412, 
                "x": 0.34479591120695785, 
                "n": 34.0
            }, 
            {
                "y": 0.42105263157894735, 
                "x": 0.4569126423809586, 
                "n": 19.0
            }, 
            {
                "y": 0.5, 
                "x": 0.5492380070465914, 
                "n": 26.0
            }, 
            {
                "y": 0.6285714285714286, 
                "x": 0.6543770220542396, 
                "n": 35.0
            }, 
            {
                "y": 0.8269230769230769, 
                "x": 0.7546823335415228, 
                "n": 52.0
            }, 
            {
                "y": 0.9536423841059603, 
                "x": 0.8559874751964661, 
                "n": 151.0
            }, 
            {
                "y": 0.9748858447488584, 
                "x": 0.9596137049095881, 
                "n": 438.0
            }, 
            {
                "y": 1, 
                "x": 1, 
                "n": 0
            }
        ], 
        "GALAXY": [
            {
                "y": 0, 
                "x": 0, 
                "n": 0
            }, 
            {
                "y": 0.022488755622188907, 
                "x": 0.030837138016071096, 
                "n": 667.0
            }, 
            {
                "y": 0.07692307692307693, 
                "x": 0.14132337702431128, 
                "n": 143.0
            }, 
            {
                "y": 0.16666666666666666, 
                "x": 0.24708661275682373, 
                "n": 42.0
            }, 
            {
                "y": 0.41935483870967744, 
                "x": 0.34743310573413194, 
                "n": 31.0
            }, 
            {
                "y": 0.4, 
                "x": 0.4590790230966182, 
                "n": 25.0
            }, 
            {
                "y": 0.6875, 
                "x": 0.550409797361676, 
                "n": 16.0
            }, 
            {
                "y": 0.7037037037037037, 
                "x": 0.6615617100719612, 
                "n": 27.0
            }, 
            {
                "y": 0.8478260869565217, 
                "x": 0.7544825672943185, 
                "n": 46.0
            }, 
            {
                "y": 0.9285714285714286, 
                "x": 0.8592050288553741, 
                "n": 84.0
            }, 
            {
                "y": 0.9930458970792768, 
                "x": 0.9698927553429025, 
                "n": 719.0
            }, 
            {
                "y": 1, 
                "x": 1, 
                "n": 0
            }
        ]
    }, 
    "oneVsAllCalibrationLoss": {
        "QUASAR": 0.010034129718874107, 
        "STAR": 0.030833950478396634, 
        "GALAXY": 0.0288670924810962
    }, 
    "densityData": {
        "QUASAR": {
            "incorrect": [
                13.221763453723371, 
                13.782607485072596, 
                12.499091015214791, 
                9.9531705863073, 
                7.057604483085928, 
                4.5490683910201035, 
                2.742759013198058, 
                1.6026558891877474, 
                0.9415080032040839, 
                0.5734941383700479, 
                0.37084146329778245, 
                0.25995648848246616, 
                0.2006849141666432, 
                0.16985861559231, 
                0.15273715221309472, 
                0.13963779023428943, 
                0.12489039207735357, 
                0.10658352173233243, 
                0.08618099195856051, 
                0.06718163584949732, 
                0.05281288012253153, 
                0.044080872438711824, 
                0.039637007255063215, 
                0.037363510010678044, 
                0.03606372726326884, 
                0.03584780820226926, 
                0.03729620460422356, 
                0.04053564554703687, 
                0.045067090533560505, 
                0.05016620162873347, 
                0.05512023278462864, 
                0.05899912030814923, 
                0.0604863836043221, 
                0.05839877548200081, 
                0.05263438541858468, 
                0.04454258657136191, 
                0.036190727233788765, 
                0.029150581757044783, 
                0.023829384690565975, 
                0.01972021417783288, 
                0.01616629639381584, 
                0.013015932224812225, 
                0.010780689908420252, 
                0.010286494894540815, 
                0.012127834432369908, 
                0.016297415118615585, 
                0.02211310532024616, 
                0.028308252423225905, 
                0.033233439605665605, 
                0.03534748492166783, 
                0.03398973480256214, 
                0.029862492572081685, 
                0.024599575738598178, 
                0.019659485693794426, 
                0.015561205387204421, 
                0.01209770918198236, 
                0.009092449980696178, 
                0.006839064603804515, 
                0.005911852726928915, 
                0.006698419507362016, 
                0.00911716664717698, 
                0.012696460475163771, 
                0.01688351234657912, 
                0.021277915590793908, 
                0.025568718178103633, 
                0.029299926945925703, 
                0.03181384637929688, 
                0.03248855769535653, 
                0.031024113044519176, 
                0.027564305393893398, 
                0.022721146313134252, 
                0.017598707336218645, 
                0.013712903031142946, 
                0.012665974462291023, 
                0.015608848724000918, 
                0.022672682944974102, 
                0.03262009152310514, 
                0.0430014479666808, 
                0.050953182354366744, 
                0.05435298666918031, 
                0.05267840825487639, 
                0.047051292504074915, 
                0.039543314215635304, 
                0.03228468968437485, 
                0.02683995105570732, 
                0.023945025334280064, 
                0.023521353821554788, 
                0.02490652581458131, 
                0.02719052628837332, 
                0.029478287156448582, 
                0.031047278300937835, 
                0.03156456259475014, 
                0.03138841208192656, 
                0.03161478785849913, 
                0.03350537710276948, 
                0.037459676575951485, 
                0.042271675109707, 
                0.045421214079986866, 
                0.04445780633652315, 
                0.03859402433335695
            ], 
            "incorrectMedian": 0.006061159830171784, 
            "correct": [
                0.21841665246164219, 
                0.2277933924928842, 
                0.23583739431546727, 
                0.24245783524658188, 
                0.24760684457849094, 
                0.2512807583973879, 
                0.25351938652622835, 
                0.25440341815198725, 
                0.2540502036374708, 
                0.2526082328384685, 
                0.2502506790984584, 
                0.24716839139481145, 
                0.2435626975722981, 
                0.2396383356519575, 
                0.2355967669264988, 
                0.23163005427038397, 
                0.22791542184193056, 
                0.2246105564702931, 
                0.22184967203445066, 
                0.2197403381622418, 
                0.21836107222210252, 
                0.21775970445036538, 
                0.21795254366317765, 
                0.21892438796838928, 
                0.2206294342419879, 
                0.22299313644441918, 
                0.22591504311171076, 
                0.22927260839022606, 
                0.23292592141938104, 
                0.23672324066332273, 
                0.24050715944329093, 
                0.24412117347164072, 
                0.24741637723422513, 
                0.25025798890028905, 
                0.2525313964356763, 
                0.2541474319329893, 
                0.2550466158666907, 
                0.25520216520057754, 
                0.25462162484659046, 
                0.253347055975351, 
                0.2514537920109083, 
                0.24904784900368598, 
                0.246262147286045, 
                0.2432517624743238, 
                0.24018847338735952, 
                0.2372549104159942, 
                0.2346386290007863, 
                0.23252643832926687, 
                0.2310993047326529, 
                0.23052812254986688, 
                0.23097060294271268, 
                0.23256947443465167, 
                0.23545211972886926, 
                0.23973169444350803, 
                0.24550968849333604, 
                0.2528798044681364, 
                0.26193294460630456, 
                0.2727630241425177, 
                0.28547326895280545, 
                0.3001826137446534, 
                0.31703179640739265, 
                0.33618874560955486, 
                0.35785288128324877, 
                0.38225798813075074, 
                0.40967337572796264, 
                0.4404030989003077, 
                0.47478307209794984, 
                0.5131759654211479, 
                0.5559638134360361, 
                0.6035382994906492, 
                0.656288699996954, 
                0.7145874910970841, 
                0.7787736438951992, 
                0.8491336762322913, 
                0.9258806019572217, 
                1.0091310346185292, 
                1.0988808693578886, 
                1.1949801858902878, 
                1.297108279446284, 
                1.4047500179714358, 
                1.517175015030896, 
                1.6334213621698845, 
                1.7522858394407492, 
                1.8723225744976606, 
                1.9918520093463892, 
                2.108981730159723, 
                2.221640206486109, 
                2.327623779797844, 
                2.4246563697492807, 
                2.510460385988022, 
                2.5828363212936454, 
                2.6397475506470016, 
                2.679406069153718, 
                2.700354363561442, 
                2.7015384054582583, 
                2.6823669306248825, 
                2.64275274517329, 
                2.583132752341027, 
                2.5044646618303847, 
                2.4081998290919753
            ], 
            "correctMedian": 0.9297802748495843
        }, 
        "STAR": {
            "incorrect": [
                5.951552623636083, 
                6.320505153462152, 
                6.430579651868278, 
                6.280516048188016, 
                5.903250649605823, 
                5.357194803482441, 
                4.712994135207346, 
                4.0397586717743605, 
                3.394274961824137, 
                2.8151651532753963, 
                2.3221256486221926, 
                1.9189756654236665, 
                1.5986336604400064, 
                1.3482733248271492, 
                1.1534923479411145, 
                1.0010116935099076, 
                0.8799671752097343, 
                0.7821603883307295, 
                0.7017176392397176, 
                0.6345351357316571, 
                0.5777490877489724, 
                0.5293290021950802, 
                0.48779452729500394, 
                0.45201524537757715, 
                0.42105796721916766, 
                0.39407163321831423, 
                0.37022013887609745, 
                0.3486746949718037, 
                0.3286617978198211, 
                0.30954271161347546, 
                0.29088837166735265, 
                0.2725162435551093, 
                0.2544714034653459, 
                0.2369560204777877, 
                0.2202308963994892, 
                0.2045224793376837, 
                0.18996517967385612, 
                0.1765934267053829, 
                0.16437734962476955, 
                0.15327935991969172, 
                0.14330338244067742, 
                0.13451543782158676, 
                0.12702897808962796, 
                0.12096315362682217, 
                0.11639098816247118, 
                0.11329552101017352, 
                0.111547375089514, 
                0.11091013634434035, 
                0.11107259091328958, 
                0.1117001803296092, 
                0.1124927420209651, 
                0.11323310342215631, 
                0.11381295695930224, 
                0.11422898629565345, 
                0.11455160616618912, 
                0.11487744949150742, 
                0.11528149164120288, 
                0.11578380747421459, 
                0.11634010715240987, 
                0.11685672816443043, 
                0.11722245669474425, 
                0.11734381620116541, 
                0.11716908406297141, 
                0.11669029054330093, 
                0.11592142785105984, 
                0.11486241636146816, 
                0.113467182082216, 
                0.11163523719362281, 
                0.10923697784166926, 
                0.10616646256348244, 
                0.10239966561456694, 
                0.09803012458071642, 
                0.0932621149381541, 
                0.08836078123124076, 
                0.08357932228914701, 
                0.07909456993771856, 
                0.07497838041679485, 
                0.0712154896093101, 
                0.06775746779046835, 
                0.06458707108271865, 
                0.061763970775197, 
                0.059432015080475714, 
                0.05778516207267101, 
                0.05700672181284852, 
                0.05720748918453259, 
                0.058388260506905786, 
                0.0604408661720608, 
                0.06318374265446305, 
                0.06641127509574359, 
                0.06992907580550896, 
                0.07355459471924752, 
                0.0770816669439166, 
                0.08022977802081938, 
                0.08261227491950422, 
                0.0837542013384295, 
                0.0831699453316396, 
                0.08048251715932363, 
                0.0755437873830252, 
                0.06850974427313235, 
                0.059839701065033904
            ], 
            "incorrectMedian": 0.02115259242627279, 
            "correct": [
                0.08894389717109032, 
                0.09434309035750599, 
                0.09802729560211554, 
                0.10008525017548695, 
                0.10073526748228415, 
                0.10026880032866212, 
                0.0989942224694594, 
                0.09719503321060136, 
                0.09510965104002503, 
                0.09293136714090511, 
                0.09082022964471739, 
                0.08891598601878231, 
                0.08734323772852054, 
                0.08620531034382357, 
                0.08556954208079032, 
                0.08545123338809756, 
                0.08580477380732301, 
                0.08652823617423061, 
                0.08748304546523526, 
                0.0885249926196423, 
                0.0895387433121944, 
                0.09046640986426008, 
                0.09132211507677748, 
                0.09218822283259609, 
                0.09319378915037413, 
                0.09448031500243542, 
                0.09616283848406626, 
                0.0982951828035075, 
                0.10084687843040796, 
                0.10369654124609287, 
                0.10664316747865278, 
                0.10943364877460375, 
                0.11180227231026231, 
                0.1135162082859469, 
                0.11441999108725638, 
                0.11447176413827788, 
                0.11376467948023243, 
                0.1125284954060309, 
                0.11110919836210836, 
                0.10992821068005391, 
                0.10942683884395102, 
                0.11000509259930559, 
                0.1119657678902485, 
                0.11547394699766628, 
                0.12053876389521005, 
                0.127019265257469, 
                0.13465103817069782, 
                0.14308667937082664, 
                0.15194224230598868, 
                0.16084345070031103, 
                0.16946844717400467, 
                0.177586270923258, 
                0.1850905977622972, 
                0.19202623426114185, 
                0.19860268678573845, 
                0.20518711232072476, 
                0.21227027024015457, 
                0.2204045457655572, 
                0.23012149665219336, 
                0.241844765087328, 
                0.2558191750656035, 
                0.2720760120956294, 
                0.29044760088328825, 
                0.31063335368064926, 
                0.3323078023639987, 
                0.3552520087380193, 
                0.3794851126514843, 
                0.40537281839610545, 
                0.43369324943265897, 
                0.4656464385865478, 
                0.5028009412558665, 
                0.5469795932588541, 
                0.6000964168291075, 
                0.6639675189285126, 
                0.7401285335744144, 
                0.8296964346751233, 
                0.9333107963468974, 
                1.0511765272416798, 
                1.1832073178217253, 
                1.3292406291628023, 
                1.489268100434782, 
                1.6636079393821648, 
                1.8529448595244278, 
                2.058181205976, 
                2.28007770678311, 
                2.518706850558912, 
                2.7727868574879797, 
                3.039000685729467, 
                3.311426382600505, 
                3.581209661934456, 
                3.8365964324369037, 
                4.063411922620884, 
                4.2460229647283825, 
                4.368750172688267, 
                4.417610429013966, 
                4.382178736787481, 
                4.257283357131347, 
                4.044216562941982, 
                3.751179271138672, 
                3.392789962858313
            ], 
            "correctMedian": 0.9281355287035712
        }, 
        "GALAXY": {
            "incorrect": [
                5.057418547375254, 
                5.524276362471519, 
                5.795506110885233, 
                5.857013748559863, 
                5.721729759044274, 
                5.424134043332073, 
                5.011052661869758, 
                4.531800675519844, 
                4.030295597619095, 
                3.54050478823321, 
                3.085204874347442, 
                2.6770886252746666, 
                2.3209747362402338, 
                2.016135255149291, 
                1.758248039964441, 
                1.5409110216449302, 
                1.3568596910294053, 
                1.1990104056668165, 
                1.0613219456146794, 
                0.9393614443618579, 
                0.8304600847243186, 
                0.7334452294971666, 
                0.6480708665579508, 
                0.5743572338039782, 
                0.5120498091225192, 
                0.460328406321024, 
                0.41778701777426114, 
                0.3826158948431306, 
                0.3528777038807425, 
                0.326778342666896, 
                0.30286985897177704, 
                0.28016417131536764, 
                0.258165826989331, 
                0.23684437993384022, 
                0.21656494058210277, 
                0.19798611557317428, 
                0.1819259111975346, 
                0.16919476622024768, 
                0.1604038437018532, 
                0.15577405743448192, 
                0.15498936239630107, 
                0.15714534869040078, 
                0.16083157694671268, 
                0.16435190405332017, 
                0.16604135531359113, 
                0.1645996530973946, 
                0.15934882730179878, 
                0.15034351440212623, 
                0.13831009996322993, 
                0.12444492733163517, 
                0.11014019381403156, 
                0.09671538449587383, 
                0.08521327840218872, 
                0.07628631412776285, 
                0.07016893555548842, 
                0.06671600821976402, 
                0.0654867542598021, 
                0.06585902048297428, 
                0.06715998824017029, 
                0.06879340409568017, 
                0.0703359893988621, 
                0.07157695151953958, 
                0.07249007027687009, 
                0.0731531928707652, 
                0.07365237135509965, 
                0.07401426558808247, 
                0.07419601105929963, 
                0.07413319776301064, 
                0.07381815909991711, 
                0.07336610131510736, 
                0.07303176621011429, 
                0.07316062213877272, 
                0.07408577676936014, 
                0.07600386329894648, 
                0.07887291166813269, 
                0.08237082398261243, 
                0.08593663700695357, 
                0.08889246873076033, 
                0.09061756799381951, 
                0.09072462107653001, 
                0.08918075523047686, 
                0.08632754444389594, 
                0.0827851214712449, 
                0.07926579808576824, 
                0.07635689033900575, 
                0.07434602074162318, 
                0.07314831353944895, 
                0.0723583696235078, 
                0.07140490840071578, 
                0.06974999286545198, 
                0.06706139682023272, 
                0.06330034682085046, 
                0.05870136240141145, 
                0.05366209220431564, 
                0.048592640890300985, 
                0.04378411423186817, 
                0.03934234989526187, 
                0.035202359650523735, 
                0.031205653931500182, 
                0.027200364024969618
            ], 
            "incorrectMedian": 0.04184482101534298, 
            "correct": [
                0.09668040482792441, 
                0.10707866210589341, 
                0.11576920624305838, 
                0.12247693191565105, 
                0.12713075572426638, 
                0.12984544397439013, 
                0.13087207800608402, 
                0.1305319275650638, 
                0.12915139299503262, 
                0.12701306945840624, 
                0.12433115160333644, 
                0.12125103013176144, 
                0.11786606229085334, 
                0.11424130480481416, 
                0.11043501362467185, 
                0.10651274991441037, 
                0.10255372521168145, 
                0.09865232021664598, 
                0.09491829193596737, 
                0.09147731183152448, 
                0.0884706545988396, 
                0.08605096298744375, 
                0.08437130598471002, 
                0.08356721931185189, 
                0.08373482982457334, 
                0.08491071741785969, 
                0.08705944607118286, 
                0.09007241884724418, 
                0.09377789376441771, 
                0.09795844853322751, 
                0.10237059835450167, 
                0.10676236400209808, 
                0.11088768800915003, 
                0.11451994253433438, 
                0.11746836218881204, 
                0.11959985391190074, 
                0.12086455778180974, 
                0.12131853827777259, 
                0.12113364301298067, 
                0.12058506468397823, 
                0.12001219779789717, 
                0.11975672700018127, 
                0.12009061533350701, 
                0.121152342183728, 
                0.12290981091379515, 
                0.12516223209802074, 
                0.12758273483282953, 
                0.1297919236510747, 
                0.13144395942525405, 
                0.13230384670710157, 
                0.13229824789878997, 
                0.1315308276400088, 
                0.13026371532725173, 
                0.1288755526228905, 
                0.12781098479189246, 
                0.12753532818684454, 
                0.12850248003079232, 
                0.13113646667884346, 
                0.13582046834809652, 
                0.14288425829839188, 
                0.1525828072390428, 
                0.1650645156432558, 
                0.18033477518846402, 
                0.19822629489768726, 
                0.21838934399069906, 
                0.24031177262350767, 
                0.2633713380147763, 
                0.2869140550982195, 
                0.31034516988630767, 
                0.3332164244327613, 
                0.3552954403668315, 
                0.37660934289211856, 
                0.3974629293889121, 
                0.4184392329088742, 
                0.44039542192254527, 
                0.4644689679326114, 
                0.49210822391255343, 
                0.5251385932783875, 
                0.5658704718194638, 
                0.617247394500739, 
                0.6830209150438468, 
                0.7679213663505664, 
                0.8777707545784185, 
                1.0194583101497798, 
                1.2006773680095122, 
                1.4293155339815384, 
                1.7124130034695106, 
                2.0546699975353504, 
                2.456599034820877, 
                2.91257001500202, 
                3.409152140717409, 
                3.9242620637075674, 
                4.427620331377199, 
                4.882852695020428, 
                5.25124711458723, 
                5.496750434437116, 
                5.591376293730344, 
                5.519938176773932, 
                5.2830324214892626, 
                4.897512137846142
            ], 
            "correctMedian": 0.9691200970364215
        }
    }, 
    "confusion": {
        "totalRows": 1800, 
        "perActual": {
            "QUASAR": {
                "perPredicted": {
                    "QUASAR": 179, 
                    "STAR": 5, 
                    "GALAXY": 11
                }, 
                "actualClassCount": 195.0
            }, 
            "STAR": {
                "perPredicted": {
                    "QUASAR": 23, 
                    "STAR": 648, 
                    "GALAXY": 17
                }, 
                "actualClassCount": 688.0
            }, 
            "GALAXY": {
                "perPredicted": {
                    "QUASAR": 11, 
                    "STAR": 49, 
                    "GALAXY": 857
                }, 
                "actualClassCount": 917.0
            }
        }
    }, 
    "metrics": {
        "f1": 0.9203301509735607, 
        "mcalibrationLoss": 0.023245057559455648, 
        "recall": 0.9314594768704478, 
        "precision": 0.9106046972840957, 
        "logLoss": 0.23444294712228433, 
        "mrocAUC": 0.9794100025859303, 
        "hammingLoss": 0.06444444444444444, 
        "accuracy": 0.9355555555555556
    }, 
    "oneVsAllRocAUC": {
        "QUASAR": 0.9790494448438374, 
        "STAR": 0.9781924460431655, 
        "GALAXY": 0.9824974589699287
    }, 
    "classes": [
        "GALAXY", 
        "STAR", 
        "QUASAR"
    ], 
    "globalMetrics": {
        "predictionAvg": [
            0.5023909378349015, 
            0.3850654980886468, 
            0.11254356407645161
        ], 
        "predictionStd": [
            0.43668387950417353, 
            0.41781841683528465, 
            0.2770279236522161
        ], 
        "targetStd": [
            0.5000497165079488, 
            0.486065479563273, 
            0.3108873062320316
        ], 
        "targetAvg": [
            0.5094444444444445, 
            0.38222222222222224, 
            0.10833333333333334
        ], 
        "testWeight": 1800
    }, 
    "oneVsAllRocCurves": {
        "QUASAR": [
            {
                "y": 0.0, 
                "x": 0.0, 
                "p": 1.9999999283985463
            }, 
            {
                "y": 0.07692307692307693, 
                "x": 0.0, 
                "p": 0.9953588536682643
            }, 
            {
                "y": 0.15384615384615385, 
                "x": 0.0006230529595015577, 
                "p": 0.9917113903921995
            }, 
            {
                "y": 0.26666666666666666, 
                "x": 0.001869158878504673, 
                "p": 0.9813201265407796
            }, 
            {
                "y": 0.35384615384615387, 
                "x": 0.0024922118380062306, 
                "p": 0.9609832843103161
            }, 
            {
                "y": 0.5076923076923077, 
                "x": 0.003115264797507788, 
                "p": 0.9283776561139401
            }, 
            {
                "y": 0.5846153846153846, 
                "x": 0.004361370716510903, 
                "p": 0.9000689180184612
            }, 
            {
                "y": 0.6410256410256411, 
                "x": 0.004984423676012461, 
                "p": 0.8783771809796237
            }, 
            {
                "y": 0.7025641025641025, 
                "x": 0.005607476635514018, 
                "p": 0.8374553686183223
            }, 
            {
                "y": 0.7538461538461538, 
                "x": 0.00809968847352025, 
                "p": 0.8000165500621688
            }, 
            {
                "y": 0.8051282051282052, 
                "x": 0.009968847352024923, 
                "p": 0.708688814255656
            }, 
            {
                "y": 0.8564102564102564, 
                "x": 0.013707165109034268, 
                "p": 0.5369045181811365
            }, 
            {
                "y": 0.9025641025641026, 
                "x": 0.020560747663551402, 
                "p": 0.3238176808062676
            }, 
            {
                "y": 0.9435897435897436, 
                "x": 0.03551401869158879, 
                "p": 0.11238268644524105
            }, 
            {
                "y": 0.958974358974359, 
                "x": 0.07165109034267912, 
                "p": 0.049678546272509505
            }, 
            {
                "y": 0.9692307692307692, 
                "x": 0.15202492211838006, 
                "p": 0.026823294150119928
            }, 
            {
                "y": 0.9743589743589743, 
                "x": 0.21806853582554517, 
                "p": 0.017319151950717284
            }, 
            {
                "y": 0.9794871794871794, 
                "x": 0.4342679127725857, 
                "p": 0.007502421703731172
            }, 
            {
                "y": 0.9846153846153847, 
                "x": 0.5115264797507788, 
                "p": 0.005812981522281674
            }, 
            {
                "y": 0.9897435897435898, 
                "x": 0.5757009345794393, 
                "p": 0.004411370842412951
            }, 
            {
                "y": 0.9948717948717949, 
                "x": 0.9289719626168225, 
                "p": 0.00047651900497061995
            }, 
            {
                "y": 1.0, 
                "x": 1.0, 
                "p": 7.117562050357973e-06
            }
        ], 
        "STAR": [
            {
                "y": 0.0, 
                "x": 0.0, 
                "p": 1.9999925533133693
            }, 
            {
                "y": 0.19767441860465115, 
                "x": 0.0008992805755395684, 
                "p": 0.9813787344649363
            }, 
            {
                "y": 0.25726744186046513, 
                "x": 0.0035971223021582736, 
                "p": 0.9734598361491485
            }, 
            {
                "y": 0.32558139534883723, 
                "x": 0.00539568345323741, 
                "p": 0.9594901198702089
            }, 
            {
                "y": 0.43459302325581395, 
                "x": 0.007194244604316547, 
                "p": 0.9421016710185719
            }, 
            {
                "y": 0.5537790697674418, 
                "x": 0.008093525179856115, 
                "p": 0.9180970102719138
            }, 
            {
                "y": 0.6133720930232558, 
                "x": 0.008992805755395683, 
                "p": 0.903034529683261
            }, 
            {
                "y": 0.6773255813953488, 
                "x": 0.011690647482014389, 
                "p": 0.8810800071755988
            }, 
            {
                "y": 0.811046511627907, 
                "x": 0.013489208633093525, 
                "p": 0.8156963070402229
            }, 
            {
                "y": 0.8575581395348837, 
                "x": 0.017985611510791366, 
                "p": 0.7730335901392797
            }, 
            {
                "y": 0.8997093023255814, 
                "x": 0.02697841726618705, 
                "p": 0.6850697184015204
            }, 
            {
                "y": 0.938953488372093, 
                "x": 0.04136690647482014, 
                "p": 0.5417371734854822
            }, 
            {
                "y": 0.9622093023255814, 
                "x": 0.06924460431654676, 
                "p": 0.3346795668211189
            }, 
            {
                "y": 0.9738372093023255, 
                "x": 0.11241007194244604, 
                "p": 0.2105079666728792
            }, 
            {
                "y": 0.9825581395348837, 
                "x": 0.18974820143884893, 
                "p": 0.11245427413298785
            }, 
            {
                "y": 0.9883720930232558, 
                "x": 0.256294964028777, 
                "p": 0.07157564965765827
            }, 
            {
                "y": 0.9898255813953488, 
                "x": 0.39568345323741005, 
                "p": 0.03513942117893147
            }, 
            {
                "y": 0.9912790697674418, 
                "x": 0.6429856115107914, 
                "p": 0.010955942293941489
            }, 
            {
                "y": 0.9927325581395349, 
                "x": 0.8525179856115108, 
                "p": 0.003777538551025488
            }, 
            {
                "y": 0.9941860465116279, 
                "x": 0.9577338129496403, 
                "p": 0.0011255914306763026
            }, 
            {
                "y": 1.0, 
                "x": 1.0, 
                "p": 3.246318019257807e-08
            }
        ], 
        "GALAXY": [
            {
                "y": 0.0, 
                "x": 0.0, 
                "p": 1.9991103330267967
            }, 
            {
                "y": 0.061068702290076333, 
                "x": 0.0, 
                "p": 0.9947922870532885
            }, 
            {
                "y": 0.23773173391494, 
                "x": 0.0011325028312570782, 
                "p": 0.9862669771535261
            }, 
            {
                "y": 0.6968375136314068, 
                "x": 0.0022650056625141564, 
                "p": 0.9369695688312457
            }, 
            {
                "y": 0.7633587786259542, 
                "x": 0.0033975084937712344, 
                "p": 0.9091829603881986
            }, 
            {
                "y": 0.8113413304252999, 
                "x": 0.007927519818799546, 
                "p": 0.8769984547645283
            }, 
            {
                "y": 0.8593238822246456, 
                "x": 0.011325028312570781, 
                "p": 0.8081629782850385
            }, 
            {
                "y": 0.906215921483097, 
                "x": 0.020385050962627407, 
                "p": 0.7046177393169478
            }, 
            {
                "y": 0.9422028353326063, 
                "x": 0.035107587768969425, 
                "p": 0.49053363680607515
            }, 
            {
                "y": 0.960741548527808, 
                "x": 0.06681766704416761, 
                "p": 0.32315356641476073
            }, 
            {
                "y": 0.9705561613958561, 
                "x": 0.10758776896942242, 
                "p": 0.20835836052837087
            }, 
            {
                "y": 0.9760087241003271, 
                "x": 0.1868629671574179, 
                "p": 0.13734226102174002
            }, 
            {
                "y": 0.9825517993456925, 
                "x": 0.26160815402038506, 
                "p": 0.10089082069741807
            }, 
            {
                "y": 0.9847328244274809, 
                "x": 0.32163080407701017, 
                "p": 0.08017315812456874
            }, 
            {
                "y": 0.9869138495092693, 
                "x": 0.3895809739524349, 
                "p": 0.06205574288989074
            }, 
            {
                "y": 0.9890948745910578, 
                "x": 0.5175537938844847, 
                "p": 0.0390259569572563
            }, 
            {
                "y": 0.9923664122137404, 
                "x": 0.6024915062287656, 
                "p": 0.025589600439407018
            }, 
            {
                "y": 0.9945474372955289, 
                "x": 0.7032842582106456, 
                "p": 0.014689974394932796
            }, 
            {
                "y": 0.9956379498364231, 
                "x": 0.7791619479048698, 
                "p": 0.008216711206033667
            }, 
            {
                "y": 0.9989094874591058, 
                "x": 0.9943374858437146, 
                "p": 2.310634954561353e-07
            }, 
            {
                "y": 1.0, 
                "x": 1.0, 
                "p": 2.5459637218266247e-08
            }
        ]
    }, 
    "processed_feature_names": [
        "A", 
        "B", 
        "C", 
        "D", 
        "E", 
        "F", 
        "G", 
        "H", 
        "I", 
        "J", 
        "camcol", 
        "dec", 
        "field", 
        "g", 
        "i", 
        "r", 
        "ra", 
        "run", 
        "u", 
        "z"
    ]
}