{
    "oneVsAllCalibrationCurves": {
        "QUASAR": [
            {
                "y": 0, 
                "x": 0, 
                "n": 0
            }, 
            {
                "y": 0.006975269499048827, 
                "x": 0.010334665664226663, 
                "n": 1577.0
            }, 
            {
                "y": 0.22727272727272727, 
                "x": 0.13774728833558297, 
                "n": 22.0
            }, 
            {
                "y": 0.42857142857142855, 
                "x": 0.2666376843741221, 
                "n": 7.0
            }, 
            {
                "y": 0.3333333333333333, 
                "x": 0.36309101787324183, 
                "n": 9.0
            }, 
            {
                "y": 0.6666666666666666, 
                "x": 0.44973821498330874, 
                "n": 6.0
            }, 
            {
                "y": 0.6666666666666666, 
                "x": 0.5496756620757696, 
                "n": 3.0
            }, 
            {
                "y": 0.7777777777777778, 
                "x": 0.6425299679658439, 
                "n": 9.0
            }, 
            {
                "y": 0.8125, 
                "x": 0.7428967262299935, 
                "n": 16.0
            }, 
            {
                "y": 0.9375, 
                "x": 0.8618593300928101, 
                "n": 32.0
            }, 
            {
                "y": 0.9159663865546218, 
                "x": 0.9682995917198252, 
                "n": 119.0
            }, 
            {
                "y": 1, 
                "x": 1, 
                "n": 0
            }
        ], 
        "STAR": [
            {
                "y": 0, 
                "x": 0, 
                "n": 0
            }, 
            {
                "y": 0.011827956989247311, 
                "x": 0.022425099460682066, 
                "n": 930.0
            }, 
            {
                "y": 0.037037037037037035, 
                "x": 0.14499823306920956, 
                "n": 81.0
            }, 
            {
                "y": 0.14814814814814814, 
                "x": 0.23827516318815845, 
                "n": 54.0
            }, 
            {
                "y": 0.2608695652173913, 
                "x": 0.33902760440927077, 
                "n": 23.0
            }, 
            {
                "y": 0.34615384615384615, 
                "x": 0.4537168990681098, 
                "n": 26.0
            }, 
            {
                "y": 0.6153846153846154, 
                "x": 0.5563959383396605, 
                "n": 26.0
            }, 
            {
                "y": 0.7878787878787878, 
                "x": 0.661468383560805, 
                "n": 33.0
            }, 
            {
                "y": 0.8928571428571429, 
                "x": 0.7563920304679712, 
                "n": 56.0
            }, 
            {
                "y": 0.937984496124031, 
                "x": 0.8534520791457532, 
                "n": 129.0
            }, 
            {
                "y": 0.9683257918552036, 
                "x": 0.9605732672810573, 
                "n": 442.0
            }, 
            {
                "y": 1, 
                "x": 1, 
                "n": 0
            }
        ], 
        "GALAXY": [
            {
                "y": 0, 
                "x": 0, 
                "n": 0
            }, 
            {
                "y": 0.030864197530864196, 
                "x": 0.03028295169447808, 
                "n": 648.0
            }, 
            {
                "y": 0.049586776859504134, 
                "x": 0.14231364545907257, 
                "n": 121.0
            }, 
            {
                "y": 0.1346153846153846, 
                "x": 0.24687054357678545, 
                "n": 52.0
            }, 
            {
                "y": 0.17857142857142858, 
                "x": 0.3438503931842912, 
                "n": 28.0
            }, 
            {
                "y": 0.5, 
                "x": 0.44231004356968706, 
                "n": 28.0
            }, 
            {
                "y": 0.5769230769230769, 
                "x": 0.5506382583438112, 
                "n": 26.0
            }, 
            {
                "y": 0.8181818181818182, 
                "x": 0.6585567303550505, 
                "n": 22.0
            }, 
            {
                "y": 0.7916666666666666, 
                "x": 0.7582635656898526, 
                "n": 48.0
            }, 
            {
                "y": 0.918918918918919, 
                "x": 0.85796593319974, 
                "n": 74.0
            }, 
            {
                "y": 0.9880478087649402, 
                "x": 0.9720411799525216, 
                "n": 753.0
            }, 
            {
                "y": 1, 
                "x": 1, 
                "n": 0
            }
        ]
    }, 
    "oneVsAllCalibrationLoss": {
        "QUASAR": 0.011833478901962536, 
        "STAR": 0.030966625198784074, 
        "GALAXY": 0.025577230532686165
    }, 
    "densityData": {
        "QUASAR": {
            "incorrect": [
                14.300434970533638, 
                14.850738068297296, 
                13.14970074997353, 
                10.028323879843061, 
                6.695048406006981, 
                4.019567894744634, 
                2.2664352470115143, 
                1.2759885110665277, 
                0.7628511956139489, 
                0.4961661239836193, 
                0.34107273981048436, 
                0.23541493735673574, 
                0.1576402678391351, 
                0.10351345231842948, 
                0.07229261559608485, 
                0.060729101905313346, 
                0.06260812735550425, 
                0.07044644261782258, 
                0.07702577152839186, 
                0.07680366735332825, 
                0.06766671030903525, 
                0.0518755295705459, 
                0.03468746645555622, 
                0.02128246162188187, 
                0.014365392092298816, 
                0.013825740720800065, 
                0.017750537625962837, 
                0.02352075209181889, 
                0.028621568988217706, 
                0.0314450261088815, 
                0.03200646614944989, 
                0.031911133788688206, 
                0.033208309405560604, 
                0.0368807027464626, 
                0.042202140160323705, 
                0.04728701230680016, 
                0.050090666336956045, 
                0.04922431018422743, 
                0.04453400041927304, 
                0.03726792074458624, 
                0.0294372116431663, 
                0.02269966326639925, 
                0.01777970805043565, 
                0.014729214624952138, 
                0.013267212296474038, 
                0.012720307113229936, 
                0.01206031244389309, 
                0.010467122620649982, 
                0.007927061895042276, 
                0.005179182059911008, 
                0.0031188751112192323, 
                0.002318770704766007, 
                0.002960447711662374, 
                0.0048967744123250495, 
                0.007595060637758982, 
                0.010172103167662124, 
                0.011839669372132138, 
                0.012534125957573968, 
                0.013020264771860182, 
                0.014177501432490117, 
                0.01611559153753293, 
                0.017991262534143147, 
                0.018627996369959855, 
                0.017319353390574013, 
                0.014251791558856917, 
                0.010417473595420024, 
                0.007175105938384363, 
                0.0057370265356816615, 
                0.0068201967306003395, 
                0.010475334140687876, 
                0.015984242924422073, 
                0.021879514767397672, 
                0.02629049659731789, 
                0.02765738798493712, 
                0.02552592076937766, 
                0.020937812772554087, 
                0.01605166241646273, 
                0.013082890244971107, 
                0.01314022779695536, 
                0.015640010565201697, 
                0.018650573285210328, 
                0.020007011129905505, 
                0.01855107938458756, 
                0.014686839248355744, 
                0.009909091680438208, 
                0.005784804295569532, 
                0.0032321754056756536, 
                0.002481190716364449, 
                0.0033884203110492502, 
                0.0055971668869331075, 
                0.008488452057438886, 
                0.011359268408532627, 
                0.014118689132575152, 
                0.018029054519982754, 
                0.02551658409010047, 
                0.038592370279560355, 
                0.05661916782642904, 
                0.07507438053836862, 
                0.08688082354980046, 
                0.08631462609786923
            ], 
            "incorrectMedian": 0.005324978680042436, 
            "correct": [
                0.2702193308031044, 
                0.2802083577400794, 
                0.2884806393551495, 
                0.29491970573035836, 
                0.2994552080114846, 
                0.302065068940205, 
                0.30277571133234593, 
                0.30166039033030567, 
                0.2988357535488505, 
                0.29445683959343055, 
                0.28871079504762026, 
                0.28180963974283735, 
                0.2739824384928222, 
                0.26546724465093696, 
                0.2565031683411701, 
                0.24732289257556905, 
                0.23814591695325374, 
                0.22917275487322078, 
                0.2205802499320025, 
                0.21251811407239501, 
                0.20510672751391898, 
                0.19843618159662715, 
                0.19256649305072188, 
                0.18752887401699614, 
                0.18332790798230886, 
                0.179944458635698, 
                0.17733912680003733, 
                0.17545606966363908, 
                0.17422700546323325, 
                0.17357524388875387, 
                0.17341960565210948, 
                0.1736781214534244, 
                0.1742714284774458, 
                0.17512580919640525, 
                0.17617584064248556, 
                0.17736664097820468, 
                0.1786557133247615, 
                0.18001439429366864, 
                0.18142891706521289, 
                0.18290109730683324, 
                0.18444864629620225, 
                0.18610511112714845, 
                0.1879194387000431, 
                0.1899551600480309, 
                0.19228919580783738, 
                0.19501029320081165, 
                0.19821712003482153, 
                0.20201606158877683, 
                0.20651879073152207, 
                0.21183970854296333, 
                0.21809337978356036, 
                0.2253921121288975, 
                0.23384384726056956, 
                0.24355054279529686, 
                0.2546072239873184, 
                0.2671018709662191, 
                0.28111627945944634, 
                0.2967279898293357, 
                0.31401332113108615, 
                0.3330514751109972, 
                0.35392959200208085, 
                0.3767485490377145, 
                0.4016291981266581, 
                0.42871864627295664, 
                0.45819609692778157, 
                0.4902776989020056, 
                0.5252197984564979, 
                0.5633199665231301, 
                0.6049151832779274, 
                0.650376612463917, 
                0.700100492814603, 
                0.7544948168341382, 
                0.8139616588526574, 
                0.8788752524265487, 
                0.9495561957807018, 
                1.0262424727943154, 
                1.1090583011343136, 
                1.197982139142841, 
                1.2928154756094348, 
                1.393154265331432, 
                1.4983650308896477, 
                1.6075677008366736, 
                1.719627173646083, 
                1.8331553689531845, 
                1.9465251458186927, 
                2.0578969367128823, 
                2.1652582838269567, 
                2.2664757033280187, 
                2.3593574886019364, 
                2.4417252515001975, 
                2.5114912541902306, 
                2.56673796827101, 
                2.6057958729961292, 
                2.627315320853385, 
                2.63032839006752, 
                2.6142970223435626, 
                2.5791443987904494, 
                2.5252674012077323, 
                2.4535290808203998, 
                2.3652312349304063
            ], 
            "correctMedian": 0.9314157944839448
        }, 
        "STAR": {
            "incorrect": [
                6.1978411907175355, 
                6.58074316067986, 
                6.684195581495757, 
                6.507811764080519, 
                6.088747111874926, 
                5.4915584070783225, 
                4.79320721915282, 
                4.0678875173037445, 
                3.3756269305187696, 
                2.7566476084651867, 
                2.231285223771594, 
                1.80373292729248, 
                1.4673808770243701, 
                1.2099089644084848, 
                1.017108040554524, 
                0.8751990401697195, 
                0.7719269036394348, 
                0.6968860512540325, 
                0.6414850978846174, 
                0.5988122491710054, 
                0.5635157285257284, 
                0.5317104018098489, 
                0.5008709605229926, 
                0.4696656523121702, 
                0.43770890128101214, 
                0.4052493900070126, 
                0.3728439941573856, 
                0.3410822657296042, 
                0.3104146628748828, 
                0.28110542569322694, 
                0.2532914830146354, 
                0.22709781152438963, 
                0.20274847084607248, 
                0.18062359840304903, 
                0.16123946645540635, 
                0.14515925017915055, 
                0.13286455919519877, 
                0.12462564100321225, 
                0.12040267440869681, 
                0.11979831244414015, 
                0.12206956091149528, 
                0.1261982928771418, 
                0.13101286106307927, 
                0.13534555824479363, 
                0.13820149456255842, 
                0.13890683062534334, 
                0.1372030771638879, 
                0.1332627056174899, 
                0.12761904561084073, 
                0.12102566214695781, 
                0.11427997608754153, 
                0.10805592626111413, 
                0.10278694078453561, 
                0.0986240107107073, 
                0.0954697348254972, 
                0.0930664053271703, 
                0.09110280452323354, 
                0.08930480097133983, 
                0.08748764960218075, 
                0.08556651487763058, 
                0.0835374723865495, 
                0.08144752460512329, 
                0.07936777865693824, 
                0.07737359100599257, 
                0.07552702131658064, 
                0.07385638938846362, 
                0.07233520382560363, 
                0.070872032790321, 
                0.06932560939493197, 
                0.06755106022365917, 
                0.0654667101073625, 
                0.06311577543915034, 
                0.06069314099554666, 
                0.058518188535487896, 
                0.05695583751709363, 
                0.056309494998204666, 
                0.05672162656536738, 
                0.05811553444029703, 
                0.060197795741951644, 
                0.06252137942979559, 
                0.06459212764170527, 
                0.0659909821373879, 
                0.06648237551053492, 
                0.06608407612974473, 
                0.065082788127834, 
                0.06399053008670644, 
                0.0634476687759943, 
                0.06408852765475283, 
                0.06639381301108076, 
                0.07055932638506691, 
                0.07641072703996361, 
                0.08338784500510585, 
                0.09060892235155603, 
                0.09700721080081288, 
                0.10151406424426715, 
                0.10324972171962873, 
                0.10167997206071587, 
                0.09670517068186227, 
                0.08866503415812421, 
                0.07826289919476684
            ], 
            "incorrectMedian": 0.018266812444279582, 
            "correct": [
                0.12052878540041279, 
                0.11962392036513723, 
                0.11479364492076469, 
                0.10664610050063414, 
                0.09613834557927547, 
                0.08443940425757845, 
                0.07277165087825149, 
                0.06226076547635911, 
                0.053817940597361044, 
                0.04806679815085805, 
                0.04531575103419338, 
                0.045567922138032124, 
                0.0485570489935775, 
                0.05379876564698347, 
                0.06065034461600695, 
                0.06837587329091369, 
                0.07621587462591425, 
                0.08345971324807423, 
                0.08951630170690673, 
                0.09397522689394627, 
                0.09664837865812616, 
                0.09758295335374928, 
                0.09704075219118552, 
                0.09544518787041179, 
                0.09330456977457177, 
                0.09112591812101904, 
                0.08933599950855951, 
                0.08822467884713496, 
                0.08792043371310222, 
                0.08840038266795573, 
                0.08952939518849024, 
                0.0911167118885643, 
                0.09297542997340683, 
                0.09497080413562933, 
                0.09704727620869961, 
                0.09923037256920912, 
                0.10160644469942856, 
                0.10428886223206389, 
                0.10738218773976127, 
                0.11095530111304502, 
                0.11503065254975606, 
                0.1195910595412116, 
                0.12459960668389264, 
                0.13002414830593942, 
                0.13585690158122093, 
                0.14212183600371797, 
                0.1488671105749331, 
                0.15614507236105213, 
                0.16398660200934528, 
                0.1723786490658115, 
                0.18125322571183067, 
                0.1904932965515045, 
                0.199956801496994, 
                0.20951551676295688, 
                0.21910151729827024, 
                0.2287513638653017, 
                0.2386373307571357, 
                0.24907639568530252, 
                0.260511474969132, 
                0.27346520407108915, 
                0.2884734796045379, 
                0.3060123569989141, 
                0.32643572791051184, 
                0.3499407378476881, 
                0.37657243348669917, 
                0.4062695264451929, 
                0.43894191411213135, 
                0.4745611582371151, 
                0.5132407334809027, 
                0.5552853147124114, 
                0.6011972255183334, 
                0.6516407848093096, 
                0.7073777616665758, 
                0.7691957249561231, 
                0.8378534240608269, 
                0.9140631530783013, 
                0.9985207675084327, 
                1.0919819228797538, 
                1.1953703775222462, 
                1.3098924728823607, 
                1.4371224177248823, 
                1.5790171689657104, 
                1.737819486605783, 
                1.915815438774415, 
                2.1149299967037214, 
                2.336171463638282, 
                2.5789699214343424, 
                2.8404917011322004, 
                3.1150442459076233, 
                3.393705935679174, 
                3.6643159831871435, 
                3.9119341760212736, 
                4.119825565003962, 
                4.270942652478343, 
                4.3497761429031865, 
                4.344342817740962, 
                4.248001154149942, 
                4.06075949342551, 
                3.789788162854489, 
                3.448969067461472
            ], 
            "correctMedian": 0.9323036670130607
        }, 
        "GALAXY": {
            "incorrect": [
                4.717673025131535, 
                5.101784487015741, 
                5.331580460837693, 
                5.39454783411605, 
                5.296592830606089, 
                5.059728500830904, 
                4.717084828346228, 
                4.30665251333931, 
                3.86528312959423, 
                3.424132248964628, 
                3.006137587319952, 
                2.6255095610712136, 
                2.288763720619447, 
                1.9966243374521677, 
                1.7461541189616059, 
                1.5326337965947876, 
                1.3509334347278805, 
                1.1963144424835788, 
                1.0647415193332324, 
                0.9528591312084587, 
                0.8578051615956747, 
                0.7770088337274107, 
                0.7080669246052138, 
                0.6487294373143837, 
                0.5969713327321389, 
                0.5510951961612071, 
                0.5098069991366123, 
                0.4722286206781029, 
                0.4378429323787764, 
                0.40639414140887886, 
                0.3777770324818864, 
                0.3519426375952061, 
                0.32883214251401305, 
                0.30833612806945165, 
                0.2902700241222738, 
                0.2743597499359258, 
                0.2602389543204441, 
                0.24746433230849088, 
                0.2355540780699061, 
                0.22404722897069068, 
                0.21257273048143016, 
                0.20091145213402054, 
                0.18903484385175792, 
                0.17710982163234212, 
                0.165467799922625, 
                0.15454324982988024, 
                0.14479197811389102, 
                0.13660167948582816, 
                0.13020842924805381, 
                0.12563341714656606, 
                0.12265378021455144, 
                0.12081823089627405, 
                0.11951093799970043, 
                0.1180561830604231, 
                0.11584439884843921, 
                0.11245158440323982, 
                0.10772279439160759, 
                0.10179814555823374, 
                0.09507486113936263, 
                0.08811650583836497, 
                0.08153469963166872, 
                0.07587438700038943, 
                0.07152954252126549, 
                0.06870420877470809, 
                0.06741892921485201, 
                0.06755038739973465, 
                0.06888601329842324, 
                0.07117606579704625, 
                0.07417121854452136, 
                0.07764087563697043, 
                0.08137385025627734, 
                0.08516756452245074, 
                0.08881447881294739, 
                0.09209500715848395, 
                0.09478427372695374, 
                0.0966753117814189, 
                0.09761437716109626, 
                0.09753727897676774, 
                0.09649234151558066, 
                0.09463831305084133, 
                0.09221410746182937, 
                0.08948842543307259, 
                0.08670596890224058, 
                0.08404882481985812, 
                0.08162544361949194, 
                0.07948807506514678, 
                0.07766766193277992, 
                0.07620813979581713, 
                0.07518262809132732, 
                0.07468157597463626, 
                0.07477428686519895, 
                0.07545606025994517, 
                0.07659978290924806, 
                0.0779312249268287, 
                0.07904157053219076, 
                0.07944050114591951, 
                0.07864122306067696, 
                0.0762585020986039, 
                0.07209519669157843, 
                0.06619410649350038
            ], 
            "incorrectMedian": 0.04009002711735296, 
            "correct": [
                0.13398795141034836, 
                0.14469728271890486, 
                0.15153811081949073, 
                0.15405067241225515, 
                0.15219937884706322, 
                0.14637640341364988, 
                0.1373422857238279, 
                0.1261166593329488, 
                0.1138402410979546, 
                0.10163187819437754, 
                0.09046216399875665, 
                0.0810595427885844, 
                0.0738578892463916, 
                0.06898779722727426, 
                0.06630799757180454, 
                0.0654685949029201, 
                0.06599416461976226, 
                0.06737243428169933, 
                0.0691338734672858, 
                0.07090964564105946, 
                0.07246016400387373, 
                0.07367319602620116, 
                0.07453746576093921, 
                0.07510300293609878, 
                0.07544144173423556, 
                0.07561749597630975, 
                0.07567769530764543, 
                0.07565600750054417, 
                0.07559041590668926, 
                0.07554161287273863, 
                0.07560535989827268, 
                0.07591317294264688, 
                0.07662037310442815, 
                0.07788456163929816, 
                0.07984005054149124, 
                0.08257432086924586, 
                0.08611153969470597, 
                0.09040625847009394, 
                0.09534829709690452, 
                0.10077784046296208, 
                0.10650801741572923, 
                0.11235073452450212, 
                0.11814052353435711, 
                0.12375108048321437, 
                0.1291004825469866, 
                0.13414386959043345, 
                0.13885613560317364, 
                0.1432107186303457, 
                0.1471624754132682, 
                0.15064182524265654, 
                0.15356377430874005, 
                0.1558502263040192, 
                0.1574591481044876, 
                0.1584117023835047, 
                0.15880942887505842, 
                0.15883745155389228, 
                0.15875464011572776, 
                0.15887534472320916, 
                0.15954820340912762, 
                0.161135638704999, 
                0.16399459983284445, 
                0.1684570357950674, 
                0.17480892302787548, 
                0.18326918719961025, 
                0.19397276485576215, 
                0.20696309546352842, 
                0.22219726485062363, 
                0.23956252464782268, 
                0.25889841823253357, 
                0.28001712326896044, 
                0.3027174968852419, 
                0.32679494833169953, 
                0.3520567310251954, 
                0.378356806835722, 
                0.405663490899734, 
                0.43416661039879095, 
                0.46442159774276476, 
                0.4975198745343151, 
                0.5352713197631425, 
                0.5803858663455641, 
                0.6366438000319018, 
                0.7090417321221645, 
                0.8038870429798058, 
                0.9287853689772697, 
                1.0924286788364708, 
                1.3040604523924775, 
                1.5724920041335158, 
                1.9045940478006622, 
                2.303304978144779, 
                2.765375563169432, 
                3.2792722662067195, 
                3.823822500222022, 
                4.368224850195956, 
                4.8739004554285215, 
                5.298312124956486, 
                5.600383036714721, 
                5.74663787635879, 
                5.716835654500498, 
                5.507812927680575, 
                5.134570414928355
            ], 
            "correctMedian": 0.971425516552014
        }
    }, 
    "confusion": {
        "totalRows": 1800, 
        "perActual": {
            "QUASAR": {
                "perPredicted": {
                    "QUASAR": 169, 
                    "STAR": 4, 
                    "GALAXY": 14
                }, 
                "actualClassCount": 187.0
            }, 
            "STAR": {
                "perPredicted": {
                    "QUASAR": 16, 
                    "STAR": 646, 
                    "GALAXY": 16
                }, 
                "actualClassCount": 678.0
            }, 
            "GALAXY": {
                "perPredicted": {
                    "QUASAR": 11, 
                    "STAR": 53, 
                    "GALAXY": 871
                }, 
                "actualClassCount": 935.0
            }
        }
    }, 
    "metrics": {
        "f1": 0.9222874055833913, 
        "mcalibrationLoss": 0.022792444877810927, 
        "recall": 0.9293654925096883, 
        "precision": 0.915955826491739, 
        "logLoss": 0.2762234414293263, 
        "mrocAUC": 0.9724566987594265, 
        "hammingLoss": 0.06333333333333334, 
        "accuracy": 0.9366666666666666
    }, 
    "oneVsAllRocAUC": {
        "QUASAR": 0.9710938199323015, 
        "STAR": 0.9719080445264726, 
        "GALAXY": 0.9759413928472072
    }, 
    "classes": [
        "GALAXY", 
        "STAR", 
        "QUASAR"
    ], 
    "globalMetrics": {
        "predictionAvg": [
            0.5179616921069813, 
            0.37687929976386586, 
            0.10515900812915281
        ], 
        "predictionStd": [
            0.4373206984969297, 
            0.4184230741082579, 
            0.2716981597883554
        ], 
        "targetStd": [
            0.499760612201233, 
            0.48468484571573034, 
            0.3052011408837844
        ], 
        "targetAvg": [
            0.5194444444444445, 
            0.37666666666666665, 
            0.10388888888888889
        ], 
        "testWeight": 1800
    }, 
    "oneVsAllRocCurves": {
        "QUASAR": [
            {
                "y": 0.0, 
                "x": 0.0, 
                "p": 1.9999999613440869
            }, 
            {
                "y": 0.06951871657754011, 
                "x": 0.0037197768133911966, 
                "p": 0.9950508307674473
            }, 
            {
                "y": 0.25133689839572193, 
                "x": 0.0043397396156230625, 
                "p": 0.9777611492767299
            }, 
            {
                "y": 0.5133689839572193, 
                "x": 0.005579665220086794, 
                "p": 0.9269597528984985
            }, 
            {
                "y": 0.7112299465240641, 
                "x": 0.006199628022318661, 
                "p": 0.8452753083968105
            }, 
            {
                "y": 0.7700534759358288, 
                "x": 0.007439553626782393, 
                "p": 0.7594980438163655
            }, 
            {
                "y": 0.839572192513369, 
                "x": 0.009299442033477991, 
                "p": 0.6399430315672047
            }, 
            {
                "y": 0.8877005347593583, 
                "x": 0.013019218846869188, 
                "p": 0.3820044516177067
            }, 
            {
                "y": 0.9411764705882353, 
                "x": 0.02417854928704278, 
                "p": 0.11095202881395923
            }, 
            {
                "y": 0.9518716577540107, 
                "x": 0.0638561686298822, 
                "p": 0.04608279847868733
            }, 
            {
                "y": 0.9625668449197861, 
                "x": 0.10725356478611284, 
                "p": 0.02941397913733012
            }, 
            {
                "y": 0.9625668449197861, 
                "x": 0.19342839429634223, 
                "p": 0.018335444446118992
            }, 
            {
                "y": 0.9786096256684492, 
                "x": 0.6243025418474891, 
                "p": 0.0031850032658389937
            }, 
            {
                "y": 0.983957219251337, 
                "x": 0.800991940483571, 
                "p": 0.0012599080537181839
            }, 
            {
                "y": 0.9893048128342246, 
                "x": 0.9367637941723497, 
                "p": 0.0003404441855700142
            }, 
            {
                "y": 1.0, 
                "x": 1.0, 
                "p": 6.52436276229542e-06
            }
        ], 
        "STAR": [
            {
                "y": 0.0, 
                "x": 0.0, 
                "p": 1.9999934739653367
            }, 
            {
                "y": 0.0855457227138643, 
                "x": 0.0017825311942959, 
                "p": 0.9945955702077627
            }, 
            {
                "y": 0.14601769911504425, 
                "x": 0.00267379679144385, 
                "p": 0.9880568806697494
            }, 
            {
                "y": 0.24631268436578171, 
                "x": 0.0035650623885918, 
                "p": 0.9756893688854134
            }, 
            {
                "y": 0.33480825958702065, 
                "x": 0.0053475935828877, 
                "p": 0.9627832287263554
            }, 
            {
                "y": 0.4174041297935103, 
                "x": 0.008912655971479501, 
                "p": 0.9458201958313611
            }, 
            {
                "y": 0.56047197640118, 
                "x": 0.011586452762923352, 
                "p": 0.9189850800527503
            }, 
            {
                "y": 0.644542772861357, 
                "x": 0.012477718360071301, 
                "p": 0.895546543656948
            }, 
            {
                "y": 0.7109144542772862, 
                "x": 0.013368983957219251, 
                "p": 0.8637614820815035
            }, 
            {
                "y": 0.7861356932153393, 
                "x": 0.01693404634581105, 
                "p": 0.8207887312899191
            }, 
            {
                "y": 0.8436578171091446, 
                "x": 0.020499108734402853, 
                "p": 0.7671535635582791
            }, 
            {
                "y": 0.8923303834808259, 
                "x": 0.025846702317290554, 
                "p": 0.6915242488939229
            }, 
            {
                "y": 0.9336283185840708, 
                "x": 0.035650623885918005, 
                "p": 0.561807615606514
            }, 
            {
                "y": 0.9601769911504425, 
                "x": 0.059714795008912656, 
                "p": 0.3679873337212423
            }, 
            {
                "y": 0.971976401179941, 
                "x": 0.10427807486631016, 
                "p": 0.21423946521417853
            }, 
            {
                "y": 0.9837758112094396, 
                "x": 0.6381461675579323, 
                "p": 0.011630191445770776
            }, 
            {
                "y": 0.9852507374631269, 
                "x": 0.8288770053475936, 
                "p": 0.004422989346280709
            }, 
            {
                "y": 0.9882005899705014, 
                "x": 0.8778966131907309, 
                "p": 0.0029328681113963396
            }, 
            {
                "y": 0.9896755162241888, 
                "x": 0.9313725490196079, 
                "p": 0.001666269358761755
            }, 
            {
                "y": 0.9941002949852508, 
                "x": 0.9982174688057041, 
                "p": 4.007319868556709e-05
            }, 
            {
                "y": 1.0, 
                "x": 1.0, 
                "p": 1.3092459214147758e-08
            }
        ], 
        "GALAXY": [
            {
                "y": 0.0, 
                "x": 0.0, 
                "p": 1.999483865924063
            }, 
            {
                "y": 0.12834224598930483, 
                "x": 0.0011560693641618498, 
                "p": 0.9921593584977626
            }, 
            {
                "y": 0.32941176470588235, 
                "x": 0.004624277456647399, 
                "p": 0.9830755063343832
            }, 
            {
                "y": 0.6438502673796791, 
                "x": 0.005780346820809248, 
                "p": 0.954274155598526
            }, 
            {
                "y": 0.7197860962566844, 
                "x": 0.008092485549132947, 
                "p": 0.9372520349530976
            }, 
            {
                "y": 0.7935828877005348, 
                "x": 0.009248554913294798, 
                "p": 0.903935490624868
            }, 
            {
                "y": 0.841711229946524, 
                "x": 0.013872832369942197, 
                "p": 0.8533395236817323
            }, 
            {
                "y": 0.8844919786096257, 
                "x": 0.021965317919075144, 
                "p": 0.773392300840248
            }, 
            {
                "y": 0.9294117647058824, 
                "x": 0.03352601156069364, 
                "p": 0.598804888104944
            }, 
            {
                "y": 0.9561497326203209, 
                "x": 0.057803468208092484, 
                "p": 0.41444117598376007
            }, 
            {
                "y": 0.9668449197860962, 
                "x": 0.09826589595375723, 
                "p": 0.2737299952232458
            }, 
            {
                "y": 0.9732620320855615, 
                "x": 0.14219653179190753, 
                "p": 0.19434191659821262
            }, 
            {
                "y": 0.9775401069518717, 
                "x": 0.2682080924855491, 
                "p": 0.10417410252077484
            }, 
            {
                "y": 0.9786096256684492, 
                "x": 0.3213872832369942, 
                "p": 0.08331187063224273
            }, 
            {
                "y": 0.9807486631016042, 
                "x": 0.41271676300578036, 
                "p": 0.05655901408777852
            }, 
            {
                "y": 0.983957219251337, 
                "x": 0.4751445086705202, 
                "p": 0.045159652985584255
            }, 
            {
                "y": 0.9871657754010695, 
                "x": 0.5398843930635838, 
                "p": 0.0343436114774259
            }, 
            {
                "y": 0.9882352941176471, 
                "x": 0.6046242774566474, 
                "p": 0.026729319581093293
            }, 
            {
                "y": 0.9914438502673797, 
                "x": 0.6832369942196532, 
                "p": 0.018181452093387278
            }, 
            {
                "y": 0.9925133689839573, 
                "x": 0.7479768786127168, 
                "p": 0.012095545997877172
            }, 
            {
                "y": 0.9957219251336898, 
                "x": 0.869364161849711, 
                "p": 0.004093919123456144
            }, 
            {
                "y": 0.9967914438502674, 
                "x": 0.9826589595375722, 
                "p": 8.519380818460472e-07
            }, 
            {
                "y": 1.0, 
                "x": 1.0, 
                "p": 1.6719011351629362e-09
            }
        ]
    }, 
    "processed_feature_names": [
        "A", 
        "B", 
        "C", 
        "D", 
        "E", 
        "F", 
        "G", 
        "H", 
        "I", 
        "J", 
        "camcol", 
        "dec", 
        "field", 
        "g", 
        "i", 
        "r", 
        "ra", 
        "run", 
        "u", 
        "z"
    ]
}