{
    "oneVsAllCalibrationCurves": {
        "QUASAR": [
            {
                "y": 0, 
                "x": 0, 
                "n": 0
            }, 
            {
                "y": 0.005795235028976175, 
                "x": 0.01090828694263423, 
                "n": 1553.0
            }, 
            {
                "y": 0.03571428571428571, 
                "x": 0.13273365998024372, 
                "n": 28.0
            }, 
            {
                "y": 0.2727272727272727, 
                "x": 0.24933181575036126, 
                "n": 11.0
            }, 
            {
                "y": 0.2, 
                "x": 0.3408429846520963, 
                "n": 10.0
            }, 
            {
                "y": 0.7777777777777778, 
                "x": 0.4641777383053619, 
                "n": 9.0
            }, 
            {
                "y": 0.6428571428571429, 
                "x": 0.5501787957038757, 
                "n": 14.0
            }, 
            {
                "y": 0.7, 
                "x": 0.635805646155533, 
                "n": 10.0
            }, 
            {
                "y": 0.8823529411764706, 
                "x": 0.764824120993018, 
                "n": 17.0
            }, 
            {
                "y": 0.9354838709677419, 
                "x": 0.8600318859809237, 
                "n": 31.0
            }, 
            {
                "y": 0.9487179487179487, 
                "x": 0.9631942716677018, 
                "n": 117.0
            }, 
            {
                "y": 1, 
                "x": 1, 
                "n": 0
            }
        ], 
        "STAR": [
            {
                "y": 0, 
                "x": 0, 
                "n": 0
            }, 
            {
                "y": 0.015909090909090907, 
                "x": 0.023595961052683256, 
                "n": 880.0
            }, 
            {
                "y": 0.05154639175257732, 
                "x": 0.14206036907129216, 
                "n": 97.0
            }, 
            {
                "y": 0.13953488372093023, 
                "x": 0.2408210330885015, 
                "n": 43.0
            }, 
            {
                "y": 0.17142857142857143, 
                "x": 0.35162956338673695, 
                "n": 35.0
            }, 
            {
                "y": 0.44, 
                "x": 0.4521052437732587, 
                "n": 25.0
            }, 
            {
                "y": 0.72, 
                "x": 0.5491569049443912, 
                "n": 25.0
            }, 
            {
                "y": 0.7083333333333334, 
                "x": 0.6496243771108591, 
                "n": 48.0
            }, 
            {
                "y": 0.9032258064516129, 
                "x": 0.7533291151735029, 
                "n": 62.0
            }, 
            {
                "y": 0.9785714285714285, 
                "x": 0.8629831175033805, 
                "n": 140.0
            }, 
            {
                "y": 0.9707865168539326, 
                "x": 0.9607334347197665, 
                "n": 445.0
            }, 
            {
                "y": 1, 
                "x": 1, 
                "n": 0
            }
        ], 
        "GALAXY": [
            {
                "y": 0, 
                "x": 0, 
                "n": 0
            }, 
            {
                "y": 0.02242152466367713, 
                "x": 0.03168841622729568, 
                "n": 669.0
            }, 
            {
                "y": 0.031007751937984496, 
                "x": 0.13953589675453204, 
                "n": 129.0
            }, 
            {
                "y": 0.17857142857142858, 
                "x": 0.2493985533781767, 
                "n": 56.0
            }, 
            {
                "y": 0.26666666666666666, 
                "x": 0.34442135130884904, 
                "n": 45.0
            }, 
            {
                "y": 0.2692307692307692, 
                "x": 0.4379251086437573, 
                "n": 26.0
            }, 
            {
                "y": 0.5789473684210527, 
                "x": 0.562161290715313, 
                "n": 19.0
            }, 
            {
                "y": 0.8148148148148148, 
                "x": 0.6531157790009835, 
                "n": 27.0
            }, 
            {
                "y": 0.8108108108108109, 
                "x": 0.7489004242078997, 
                "n": 37.0
            }, 
            {
                "y": 0.968421052631579, 
                "x": 0.8613258915328321, 
                "n": 95.0
            }, 
            {
                "y": 0.9827833572453372, 
                "x": 0.970193481045557, 
                "n": 697.0
            }, 
            {
                "y": 1, 
                "x": 1, 
                "n": 0
            }
        ]
    }, 
    "oneVsAllCalibrationLoss": {
        "QUASAR": 0.01284192443961005, 
        "STAR": 0.03530442166416215, 
        "GALAXY": 0.03220871751307064
    }, 
    "densityData": {
        "QUASAR": {
            "incorrect": [
                15.070924479704484, 
                15.732756923329791, 
                13.62337103173163, 
                9.964853804721214, 
                6.348417742870375, 
                3.6977985699697276, 
                2.100180562745828, 
                1.2355982469724889, 
                0.7785025038797144, 
                0.5315895133763243, 
                0.3964519237508269, 
                0.32008990091102313, 
                0.2689771944530338, 
                0.22451427557288098, 
                0.18159450115334883, 
                0.14262346958790756, 
                0.11083213261378953, 
                0.08726366064593971, 
                0.07092895193850106, 
                0.060095968931358205, 
                0.0533649027851937, 
                0.04974890345403348, 
                0.048368379397889676, 
                0.04872464325910364, 
                0.05070473874662964, 
                0.05343031706410814, 
                0.05473972413072495, 
                0.05303636439714767, 
                0.049276285057306725, 
                0.04590622881717084, 
                0.04416792280339231, 
                0.04382587101267255, 
                0.04530766548326747, 
                0.05007833954123724, 
                0.057786340895897195, 
                0.0642486243979571, 
                0.06399349008637642, 
                0.055020812551693124, 
                0.040468171168629996, 
                0.025897741663493706, 
                0.015619589189425727, 
                0.011053068838920184, 
                0.011118610391611302, 
                0.013507908897414378, 
                0.01616314719644236, 
                0.018324819176690755, 
                0.020466547128257687, 
                0.023363811851711512, 
                0.02723790393080753, 
                0.03144697535440419, 
                0.034820113067237944, 
                0.03655412928131212, 
                0.03677154318017645, 
                0.03592503763194251, 
                0.03392213006196677, 
                0.030364547483551187, 
                0.02566329918528056, 
                0.021555973936056207, 
                0.020194329101623346, 
                0.02246534154045484, 
                0.026995859370828858, 
                0.03071071748608744, 
                0.030647339133354504, 
                0.025891102219366184, 
                0.01817101242800593, 
                0.010481228144242115, 
                0.004997378195442636, 
                0.002227009495545165, 
                0.0017169474233963665, 
                0.003036511983037134, 
                0.005969898022404649, 
                0.010037864522823148, 
                0.014205199316139444, 
                0.01728049530583406, 
                0.018539206862074338, 
                0.017931199155554103, 
                0.016046174803709144, 
                0.014078106271167104, 
                0.01331309494365348, 
                0.014147298540529067, 
                0.015780726463241128, 
                0.01706109540381772, 
                0.01729809041796655, 
                0.01618959206012271, 
                0.013644453122800854, 
                0.01018146159968387, 
                0.0072029072714372665, 
                0.006501388310453108, 
                0.00937961448076272, 
                0.01581093739538706, 
                0.02387216524739529, 
                0.0301894137626327, 
                0.03184354473293754, 
                0.02851597659578304, 
                0.022980355421149335, 
                0.019472204030306407, 
                0.020985058230077902, 
                0.026989416682514814, 
                0.033256175443923376, 
                0.03472718860280495
            ], 
            "incorrectMedian": 0.005525745627716238, 
            "correct": [
                0.20603108918004712, 
                0.21021483354153936, 
                0.2123834627567657, 
                0.21257076424467436, 
                0.21088887663124484, 
                0.2075216144799734, 
                0.20271341118169517, 
                0.19675472615004605, 
                0.18996503602952128, 
                0.1826746951135795, 
                0.1752069951188812, 
                0.16786168037889407, 
                0.16090099588237924, 
                0.15453908712240538, 
                0.1489352635384439, 
                0.14419131449563838, 
                0.1403527590845365, 
                0.13741364373888387, 
                0.13532429214518912, 
                0.13400126895830577, 
                0.13333874321676656, 
                0.1332204234149657, 
                0.13353127406614504, 
                0.1341683015486331, 
                0.13504980353288795, 
                0.13612260144251198, 
                0.13736691161962042, 
                0.13879865277093223, 
                0.1404691310280082, 
                0.14246218626395965, 
                0.14488902041429327, 
                0.1478810555386448, 
                0.15158127996340376, 
                0.15613462782082269, 
                0.1616779933469228, 
                0.1683305003150715, 
                0.17618462539063473, 
                0.18529871205059592, 
                0.195691313304166, 
                0.20733767519701046, 
                0.22016853071280082, 
                0.23407122876641248, 
                0.24889308903085225, 
                0.26444676185608856, 
                0.2805172913168252, 
                0.2968705314676281, 
                0.31326254912912116, 
                0.3294496544965632, 
                0.34519872408407043, 
                0.3602975085260274, 
                0.3745646412585157, 
                0.3878590769317702, 
                0.40008868887997684, 
                0.4112177463900517, 
                0.4212729826299682, 
                0.4303479637133079, 
                0.43860549015961287, 
                0.44627781398473915, 
                0.4536645437373465, 
                0.4611282358049645, 
                0.46908782581798625, 
                0.4780102242460493, 
                0.4884005643847538, 
                0.5007917240109536, 
                0.5157338184024532, 
                0.5337843594896559, 
                0.5554996777683328, 
                0.581428004720944, 
                0.6121043213243796, 
                0.6480467145723647, 
                0.6897535846819695, 
                0.7377006585789969, 
                0.7923364460666334, 
                0.8540745816941042, 
                0.9232814809569407, 
                1.0002579450127749, 
                1.0852137949222034, 
                1.178235300059108, 
                1.2792460514044255, 
                1.3879629534882596, 
                1.5038500746893317, 
                1.6260740880857145, 
                1.7534658256790117, 
                1.8844929305895237, 
                2.0172486147028796, 
                2.149461036172979, 
                2.2785267725555562, 
                2.4015703098090855, 
                2.5155294868775715, 
                2.617264582898594, 
                2.7036864124772486, 
                2.771896639047206, 
                2.8193317691563404, 
                2.8439011718013796, 
                2.8441091461051693, 
                2.819151631180637, 
                2.768979614225366, 
                2.6943235474987413, 
                2.596675939499919, 
                2.478232474020045
            ], 
            "correctMedian": 0.92869421080731
        }, 
        "STAR": {
            "incorrect": [
                6.061188046586683, 
                6.466184020972008, 
                6.594302529882836, 
                6.442862757486903, 
                6.047860113178593, 
                5.473895444570237, 
                4.798780519957416, 
                4.097676978836326, 
                3.430978750768569, 
                2.838177411620453, 
                2.3376809614424645, 
                1.9308955976148638, 
                1.608241184296882, 
                1.355044224686569, 
                1.1560265693028609, 
                0.9979507023418844, 
                0.8706133274640644, 
                0.766705319770031, 
                0.681115910414668, 
                0.6101461442739393, 
                0.5509089275965681, 
                0.501007339419142, 
                0.4584473272293951, 
                0.4216739457297921, 
                0.3896159185806679, 
                0.36166063441891866, 
                0.3375358421074078, 
                0.3171241223207219, 
                0.3002673451342248, 
                0.2866236810099463, 
                0.2756198127845365, 
                0.2665044142129553, 
                0.2584709543963893, 
                0.2507949854302246, 
                0.24293328037429957, 
                0.2345571873479722, 
                0.2255263344759359, 
                0.21583335597976258, 
                0.20555404808622954, 
                0.19482164291694495, 
                0.18382119865726176, 
                0.17278545903919437, 
                0.16197494440925986, 
                0.15163932407284808, 
                0.14197325623759105, 
                0.13308684654593192, 
                0.12500454373316544, 
                0.11769127580461813, 
                0.11109069408590325, 
                0.1051561848103345, 
                0.09986319484175671, 
                0.09520611136845734, 
                0.09119455977511681, 
                0.08786403216995693, 
                0.0853027424460125, 
                0.08367792082866057, 
                0.08323303019685328, 
                0.08423280111578407, 
                0.0868562169334663, 
                0.09106806576756593, 
                0.09652091297991804, 
                0.10253826243786796, 
                0.10820423036974464, 
                0.11254549885537352, 
                0.11475468416101788, 
                0.11438586271437612, 
                0.11145980266263374, 
                0.10644517686209695, 
                0.100121763503061, 
                0.09336857990493455, 
                0.08694205027099493, 
                0.08130987944878428, 
                0.07658550470739818, 
                0.07257313269196579, 
                0.06889682909230088, 
                0.06516222899912033, 
                0.06109513142287203, 
                0.05661798288540058, 
                0.05185446314195429, 
                0.047080451596965535, 
                0.04265466000500162, 
                0.038959639053188326, 
                0.03636798046028347, 
                0.035229095744659836, 
                0.03585865121459126, 
                0.038510910214651944, 
                0.04332364378351689, 
                0.05024144080134029, 
                0.058939612873993866, 
                0.06878072404132779, 
                0.0788339942218653, 
                0.08797293036047685, 
                0.09504212973417261, 
                0.09905867982853098, 
                0.0993972562161341, 
                0.09590848604704588, 
                0.08893833560868733, 
                0.07924560103733257, 
                0.06784381910661375, 
                0.05581242787661305
            ], 
            "incorrectMedian": 0.022302625568673944, 
            "correct": [
                0.11564482209745336, 
                0.12219670315844568, 
                0.12596636543809459, 
                0.1269503693259632, 
                0.12541701552262066, 
                0.12185751332463327, 
                0.11690537495473996, 
                0.11124025065971886, 
                0.10549420781025452, 
                0.10017629032062314, 
                0.09562608128419645, 
                0.09200042923609314, 
                0.0892909805454292, 
                0.08736486437657731, 
                0.08601756886731239, 
                0.08502611485621486, 
                0.08419211583843579, 
                0.08336787177876312, 
                0.08246351995813786, 
                0.08143832195286464, 
                0.080283103321905, 
                0.0790025802966264, 
                0.07760528370834704, 
                0.07610531857025034, 
                0.07453535846432459, 
                0.0729656228079554, 
                0.07152065974349249, 
                0.07038557060473896, 
                0.06979600565433401, 
                0.07001104011775003, 
                0.07127341473621635, 
                0.07376589021220196, 
                0.07757425925442604, 
                0.08266632051952454, 
                0.08889226008586137, 
                0.0960066347700553, 
                0.10370709587967068, 
                0.11168152348491868, 
                0.11965411207983986, 
                0.1274221132570303, 
                0.13487771922284306, 
                0.1420130158322616, 
                0.1489092089063382, 
                0.1557139160353886, 
                0.16261200388351388, 
                0.169796165887621, 
                0.17744309976117828, 
                0.18569967207861698, 
                0.1946809045377811, 
                0.2044783737186039, 
                0.21517447371599344, 
                0.22685596983932163, 
                0.23962024591212813, 
                0.25356992246837895, 
                0.2687955807220387, 
                0.28535089935353375, 
                0.3032279879625699, 
                0.32234173244742836, 
                0.34253001658323495, 
                0.36357229483528064, 
                0.3852236408079368, 
                0.40725696185328636, 
                0.4295041143223365, 
                0.451887803159916, 
                0.4744398487104247, 
                0.4973061557846945, 
                0.5207427285313713, 
                0.5451090070835387, 
                0.5708643269272092, 
                0.5985711423040582, 
                0.6289061276814543, 
                0.6626785388231317, 
                0.7008546295429189, 
                0.7445868167825237, 
                0.7952453714280078, 
                0.8544475941748163, 
                0.9240746957696883, 
                1.0062614177201916, 
                1.1033404349223, 
                1.2177254653313558, 
                1.3517250903629177, 
                1.5072924193163995, 
                1.6857302187079923, 
                1.8873819328713233, 
                2.111341948875038, 
                2.3552124456699812, 
                2.6149225187125777, 
                2.8846149038701427, 
                3.1566041849431343, 
                3.421422126313437, 
                3.6679880625093335, 
                3.883964498946398, 
                4.056364502462123, 
                4.17245354544023, 
                4.2209285498530225, 
                4.19326984345624, 
                4.085071432224873, 
                3.8970939010464125, 
                3.6357819578735344, 
                3.313059240187323
            ], 
            "correctMedian": 0.9257434917770584
        }, 
        "GALAXY": {
            "incorrect": [
                4.702816872827674, 
                5.110575960993802, 
                5.358273113935665, 
                5.433397485763245, 
                5.343409543520285, 
                5.1124440141629375, 
                4.7752348611305395, 
                4.3701422376921215, 
                3.9330708478097898, 
                3.4934307207426825, 
                3.07244621635007, 
                2.6834119640010767, 
                2.3331281867499545, 
                2.0237380692685396, 
                1.7544149744216897, 
                1.522642359270367, 
                1.325065986810184, 
                1.1580212011632762, 
                1.0178578859015917, 
                0.9011471494238016, 
                0.8048041109237143, 
                0.726130308975175, 
                0.6627751119128792, 
                0.6126301171992764, 
                0.5736900053872931, 
                0.5439258328906447, 
                0.5212161092811323, 
                0.5033665406225797, 
                0.4882243280428673, 
                0.4738634058192842, 
                0.4587909820802277, 
                0.4421119350929489, 
                0.42359285114777756, 
                0.4035932302414864, 
                0.3828713627251606, 
                0.36231342782492637, 
                0.34266103814617666, 
                0.3243136812162464, 
                0.30725698585389144, 
                0.29112508839145046, 
                0.2753621773246827, 
                0.25942082947538486, 
                0.2429319279233486, 
                0.22580090603196545, 
                0.20821689595171694, 
                0.19059094026656465, 
                0.17345610355946772, 
                0.15736314509522098, 
                0.14279494074634505, 
                0.13010920015528107, 
                0.1195089260370919, 
                0.11103575622532412, 
                0.10458093288031498, 
                0.0999089597739422, 
                0.0966884475733309, 
                0.09452414826966657, 
                0.09298574714420392, 
                0.09163326662166911, 
                0.09004394741646239, 
                0.08784752621289754, 
                0.08477315958193832, 
                0.08070239012516693, 
                0.07571275704202389, 
                0.07009182080217807, 
                0.06430571043850553, 
                0.058919663361261816, 
                0.05448549919918036, 
                0.051425017523439115, 
                0.049942372360975665, 
                0.04999018397869304, 
                0.051296569584569456, 
                0.05344057046538965, 
                0.05594956919160352, 
                0.05838929245577679, 
                0.060424869560414866, 
                0.061845446665534765, 
                0.06255831661353238, 
                0.06256614607032626, 
                0.06194114402362536, 
                0.06080509170396958, 
                0.05931788062917521, 
                0.057672616228211085, 
                0.056093359072815686, 
                0.05483138683771275, 
                0.05415628866174514, 
                0.05433878262196388, 
                0.05562321735716666, 
                0.05818978075835753, 
                0.062109529022748536, 
                0.06729894311967512, 
                0.07348400235026685, 
                0.08018580818160029, 
                0.08673947589430539, 
                0.09235406957212783, 
                0.09621301403546126, 
                0.097602532597654, 
                0.09604349612189111, 
                0.09139469806720679, 
                0.08389766277625985, 
                0.07414612364598143
            ], 
            "incorrectMedian": 0.04365501916818276, 
            "correct": [
                0.08087374898494501, 
                0.093284690150683, 
                0.1045400244529222, 
                0.11384720938050652, 
                0.12051450484096282, 
                0.12405045058196985, 
                0.1242475508781747, 
                0.12123327065851917, 
                0.11547517601806927, 
                0.10773446027380221, 
                0.09897188584707427, 
                0.09022011309015994, 
                0.0824439506479072, 
                0.07641320332914177, 
                0.07261058593969473, 
                0.07119007428117717, 
                0.07199077473904068, 
                0.07460037010646563, 
                0.07845300685232288, 
                0.08294112954233704, 
                0.08752015653906407, 
                0.09178863994604708, 
                0.09553316957187541, 
                0.09873474942306362, 
                0.10153990980473662, 
                0.10420445486559972, 
                0.10702048508217996, 
                0.11023876632700312, 
                0.11399915316101071, 
                0.11828150376124956, 
                0.12288756970902746, 
                0.12745980855629016, 
                0.13153580382282196, 
                0.1346282511726577, 
                0.13631290940500623, 
                0.1363035884357101, 
                0.13449620124592876, 
                0.1309729049664406, 
                0.12596955849986594, 
                0.11982065704345889, 
                0.11290136614565296, 
                0.105584275131715, 
                0.09822019263619931, 
                0.09114149593670491, 
                0.08467780265384253, 
                0.07917031636544625, 
                0.07497369186427806, 
                0.07244065094792532, 
                0.07189156447328818, 
                0.07357601663377732, 
                0.07763493104885899, 
                0.08407091975644086, 
                0.09273271244924712, 
                0.10331798253969304, 
                0.11539754295951844, 
                0.12846169010068534, 
                0.14198544136066157, 
                0.15550374359261576, 
                0.16868223738867677, 
                0.1813665942058684, 
                0.19359603532747188, 
                0.2055747045363227, 
                0.21760596380592734, 
                0.23000556366391867, 
                0.24301610220338601, 
                0.2567450058044827, 
                0.2711418323421049, 
                0.2860207026701471, 
                0.30112372804539583, 
                0.3162142831817052, 
                0.33118584196827183, 
                0.34617188309880403, 
                0.3616432529760261, 
                0.3784801557182292, 
                0.39800713150907374, 
                0.4219830424877306, 
                0.4525464073472064, 
                0.492129764298465, 
                0.5433721794819265, 
                0.6090704424386583, 
                0.6922093695625003, 
                0.7960938376290373, 
                0.9245677460480751, 
                1.0822521853969875, 
                1.274677566254808, 
                1.5081395645046227, 
                1.7890982505453334, 
                2.1229860025625698, 
                2.5124081819408253, 
                2.9549089031990334, 
                3.4407018967351766, 
                3.950969708467811, 
                4.457425999616224, 
                4.923732134831994, 
                5.309021456687449, 
                5.573254631648782, 
                5.6835416739101134, 
                5.620117274294026, 
                5.3805347772902, 
                4.980948125100517
            ], 
            "correctMedian": 0.9690905405093069
        }
    }, 
    "confusion": {
        "totalRows": 1800, 
        "perActual": {
            "QUASAR": {
                "perPredicted": {
                    "QUASAR": 179, 
                    "STAR": 6, 
                    "GALAXY": 8
                }, 
                "actualClassCount": 193.0
            }, 
            "STAR": {
                "perPredicted": {
                    "QUASAR": 18, 
                    "STAR": 679, 
                    "GALAXY": 22
                }, 
                "actualClassCount": 719.0
            }, 
            "GALAXY": {
                "perPredicted": {
                    "QUASAR": 11, 
                    "STAR": 41, 
                    "GALAXY": 836
                }, 
                "actualClassCount": 888.0
            }
        }
    }, 
    "metrics": {
        "f1": 0.9286033940936792, 
        "mcalibrationLoss": 0.02678502120561428, 
        "recall": 0.9377565859906762, 
        "precision": 0.9203988662444468, 
        "logLoss": 0.2398163239949881, 
        "mrocAUC": 0.9798206405941854, 
        "hammingLoss": 0.058888888888888886, 
        "accuracy": 0.9411111111111111
    }, 
    "oneVsAllRocAUC": {
        "QUASAR": 0.9814638675999755, 
        "STAR": 0.9769697609100932, 
        "GALAXY": 0.9810386043938676
    }, 
    "classes": [
        "GALAXY", 
        "STAR", 
        "QUASAR"
    ], 
    "globalMetrics": {
        "predictionAvg": [
            0.49673685333160633, 
            0.39359476918244835, 
            0.10966837748594534
        ], 
        "predictionStd": [
            0.4339510281636857, 
            0.41819538799160744, 
            0.2718484872334763
        ], 
        "targetStd": [
            0.5000944880147611, 
            0.4899203259319064, 
            0.3094815466935118
        ], 
        "targetAvg": [
            0.49333333333333335, 
            0.39944444444444444, 
            0.10722222222222222
        ], 
        "testWeight": 1800
    }, 
    "oneVsAllRocCurves": {
        "QUASAR": [
            {
                "y": 0.0, 
                "x": 0.0, 
                "p": 1.9999999999999076
            }, 
            {
                "y": 0.46113989637305697, 
                "x": 0.001866832607342875, 
                "p": 0.9438584530556604
            }, 
            {
                "y": 0.5233160621761658, 
                "x": 0.002489110143123833, 
                "p": 0.9237508444658376
            }, 
            {
                "y": 0.689119170984456, 
                "x": 0.00373366521468575, 
                "p": 0.8541123556571435
            }, 
            {
                "y": 0.772020725388601, 
                "x": 0.004978220286247666, 
                "p": 0.7645727916927526
            }, 
            {
                "y": 0.8290155440414507, 
                "x": 0.006222775357809583, 
                "p": 0.6326716347311202
            }, 
            {
                "y": 0.8860103626943006, 
                "x": 0.009334163036714374, 
                "p": 0.5341847076619829
            }, 
            {
                "y": 0.9326424870466321, 
                "x": 0.017423771001866834, 
                "p": 0.3018408044977328
            }, 
            {
                "y": 0.9533678756476683, 
                "x": 0.09645301804604854, 
                "p": 0.041544094650405615
            }, 
            {
                "y": 0.9585492227979274, 
                "x": 0.1655258245177349, 
                "p": 0.023354752823898862
            }, 
            {
                "y": 0.9637305699481865, 
                "x": 0.2507778469197262, 
                "p": 0.015300976706943133
            }, 
            {
                "y": 0.9689119170984456, 
                "x": 0.29744866210329807, 
                "p": 0.012083762555139942
            }, 
            {
                "y": 0.9792746113989638, 
                "x": 0.37647790914747975, 
                "p": 0.008784823155567495
            }, 
            {
                "y": 0.9896373056994818, 
                "x": 0.418170504044804, 
                "p": 0.007540740472054088
            }, 
            {
                "y": 0.9948186528497409, 
                "x": 0.5090230242688238, 
                "p": 0.00540661195722704
            }, 
            {
                "y": 1.0, 
                "x": 1.0, 
                "p": 2.459637647981992e-05
            }
        ], 
        "STAR": [
            {
                "y": 0.0, 
                "x": 0.0, 
                "p": 1.9999753701013825
            }, 
            {
                "y": 0.23922114047287898, 
                "x": 0.0009250693802035153, 
                "p": 0.97491583783451
            }, 
            {
                "y": 0.33657858136300417, 
                "x": 0.0027752081406105457, 
                "p": 0.9617045705679842
            }, 
            {
                "y": 0.3852573018080668, 
                "x": 0.004625346901017576, 
                "p": 0.9512554890469055
            }, 
            {
                "y": 0.4853963838664812, 
                "x": 0.008325624421831638, 
                "p": 0.9284566797747759
            }, 
            {
                "y": 0.5326842837273992, 
                "x": 0.011100832562442183, 
                "p": 0.9178510239586388
            }, 
            {
                "y": 0.7107093184979137, 
                "x": 0.012025901942645698, 
                "p": 0.8671353951548895
            }, 
            {
                "y": 0.7649513212795549, 
                "x": 0.012950971322849213, 
                "p": 0.8236725940479818
            }, 
            {
                "y": 0.8219749652294854, 
                "x": 0.014801110083256245, 
                "p": 0.768921306780998
            }, 
            {
                "y": 0.8706536856745479, 
                "x": 0.020351526364477335, 
                "p": 0.6984913278645285
            }, 
            {
                "y": 0.9095966620305981, 
                "x": 0.032377428307123035, 
                "p": 0.6147374261833509
            }, 
            {
                "y": 0.9471488178025035, 
                "x": 0.04625346901017576, 
                "p": 0.455494082450846
            }, 
            {
                "y": 0.9652294853963839, 
                "x": 0.0851063829787234, 
                "p": 0.27195619732371396
            }, 
            {
                "y": 0.9735744089012517, 
                "x": 0.13135985198889916, 
                "p": 0.16707891282021564
            }, 
            {
                "y": 0.980528511821975, 
                "x": 0.21461609620721553, 
                "p": 0.09186716678085688
            }, 
            {
                "y": 0.9847009735744089, 
                "x": 0.3820536540240518, 
                "p": 0.03686086830697624
            }, 
            {
                "y": 0.9888734353268428, 
                "x": 0.4902867715078631, 
                "p": 0.02339122810764642
            }, 
            {
                "y": 0.9902642559109874, 
                "x": 0.6530989824236818, 
                "p": 0.011260031096110627
            }, 
            {
                "y": 0.9916550764951322, 
                "x": 0.7363552266419982, 
                "p": 0.007310757320998193
            }, 
            {
                "y": 0.9944367176634215, 
                "x": 0.8667900092506938, 
                "p": 0.003141003439942538
            }, 
            {
                "y": 0.9972183588317107, 
                "x": 1.0, 
                "p": 4.336049927162073e-05
            }, 
            {
                "y": 1.0, 
                "x": 1.0, 
                "p": 3.0777684001465296e-14
            }
        ], 
        "GALAXY": [
            {
                "y": 0.0, 
                "x": 0.0, 
                "p": 1.9989913429297546
            }, 
            {
                "y": 0.15427927927927929, 
                "x": 0.0, 
                "p": 0.991285330394324
            }, 
            {
                "y": 0.22409909909909909, 
                "x": 0.0010964912280701754, 
                "p": 0.987537296538421
            }, 
            {
                "y": 0.2905405405405405, 
                "x": 0.0021929824561403508, 
                "p": 0.9842797906430343
            }, 
            {
                "y": 0.45382882882882886, 
                "x": 0.0043859649122807015, 
                "p": 0.9733440454384412
            }, 
            {
                "y": 0.5225225225225225, 
                "x": 0.005482456140350877, 
                "p": 0.9662624240461544
            }, 
            {
                "y": 0.6261261261261262, 
                "x": 0.007675438596491228, 
                "p": 0.948932852509056
            }, 
            {
                "y": 0.6970720720720721, 
                "x": 0.009868421052631578, 
                "p": 0.9322306214556856
            }, 
            {
                "y": 0.7578828828828829, 
                "x": 0.010964912280701754, 
                "p": 0.9077180322080126
            }, 
            {
                "y": 0.8355855855855856, 
                "x": 0.013157894736842105, 
                "p": 0.856047873343888
            }, 
            {
                "y": 0.8896396396396397, 
                "x": 0.019736842105263157, 
                "p": 0.7561774771803037
            }, 
            {
                "y": 0.9324324324324325, 
                "x": 0.02850877192982456, 
                "p": 0.6076100082209461
            }, 
            {
                "y": 0.9538288288288288, 
                "x": 0.06469298245614036, 
                "p": 0.3857324180114861
            }, 
            {
                "y": 0.9695945945945946, 
                "x": 0.09978070175438597, 
                "p": 0.2927161213314304
            }, 
            {
                "y": 0.9763513513513513, 
                "x": 0.14473684210526316, 
                "p": 0.20343875240962403
            }, 
            {
                "y": 0.9819819819819819, 
                "x": 0.2598684210526316, 
                "p": 0.10977615063062897
            }, 
            {
                "y": 0.9831081081081081, 
                "x": 0.32456140350877194, 
                "p": 0.08680960065496157
            }, 
            {
                "y": 0.9876126126126126, 
                "x": 0.4024122807017544, 
                "p": 0.06479317990573408
            }, 
            {
                "y": 0.990990990990991, 
                "x": 0.46271929824561403, 
                "p": 0.05205205422425222
            }, 
            {
                "y": 0.9943693693693694, 
                "x": 0.5789473684210527, 
                "p": 0.03032918810836825
            }, 
            {
                "y": 0.9977477477477478, 
                "x": 0.8782894736842105, 
                "p": 0.0034732212450652175
            }, 
            {
                "y": 0.9988738738738738, 
                "x": 0.9791666666666666, 
                "p": 2.5088277954199993e-06
            }, 
            {
                "y": 1.0, 
                "x": 1.0, 
                "p": 6.155537764999311e-14
            }
        ]
    }, 
    "processed_feature_names": [
        "A", 
        "B", 
        "C", 
        "D", 
        "E", 
        "F", 
        "G", 
        "H", 
        "I", 
        "J", 
        "camcol", 
        "dec", 
        "field", 
        "g", 
        "i", 
        "r", 
        "ra", 
        "run", 
        "u", 
        "z"
    ]
}