{
    "oneVsAllCalibrationCurves": {
        "QUASAR": [
            {
                "y": 0, 
                "x": 0, 
                "n": 0
            }, 
            {
                "y": 0.006948831332912192, 
                "x": 0.01078976183613575, 
                "n": 1583.0
            }, 
            {
                "y": 0.0, 
                "x": 0.15379522636460968, 
                "n": 23.0
            }, 
            {
                "y": 0.4, 
                "x": 0.24407855802206072, 
                "n": 10.0
            }, 
            {
                "y": 0.14285714285714285, 
                "x": 0.3621181076990771, 
                "n": 7.0
            }, 
            {
                "y": 0.7, 
                "x": 0.46143375868453057, 
                "n": 10.0
            }, 
            {
                "y": 0.8181818181818182, 
                "x": 0.5362147543315676, 
                "n": 11.0
            }, 
            {
                "y": 1.0, 
                "x": 0.6326887498387633, 
                "n": 3.0
            }, 
            {
                "y": 0.9, 
                "x": 0.7624739021756717, 
                "n": 10.0
            }, 
            {
                "y": 0.9259259259259259, 
                "x": 0.8572700267965017, 
                "n": 27.0
            }, 
            {
                "y": 0.9655172413793104, 
                "x": 0.9670251565516194, 
                "n": 116.0
            }, 
            {
                "y": 1, 
                "x": 1, 
                "n": 0
            }
        ], 
        "STAR": [
            {
                "y": 0, 
                "x": 0, 
                "n": 0
            }, 
            {
                "y": 0.010787486515641856, 
                "x": 0.023221240991016065, 
                "n": 927.0
            }, 
            {
                "y": 0.08247422680412371, 
                "x": 0.14019558966591972, 
                "n": 97.0
            }, 
            {
                "y": 0.1111111111111111, 
                "x": 0.24377332407894312, 
                "n": 36.0
            }, 
            {
                "y": 0.16666666666666666, 
                "x": 0.3410824595863146, 
                "n": 24.0
            }, 
            {
                "y": 0.4074074074074074, 
                "x": 0.4439601976539294, 
                "n": 27.0
            }, 
            {
                "y": 0.6363636363636364, 
                "x": 0.546338499411591, 
                "n": 33.0
            }, 
            {
                "y": 0.8648648648648649, 
                "x": 0.6529142879367102, 
                "n": 37.0
            }, 
            {
                "y": 0.8793103448275862, 
                "x": 0.7519604633584528, 
                "n": 58.0
            }, 
            {
                "y": 0.9477611940298507, 
                "x": 0.8602960333320475, 
                "n": 134.0
            }, 
            {
                "y": 0.9578454332552693, 
                "x": 0.9617764752633634, 
                "n": 427.0
            }, 
            {
                "y": 1, 
                "x": 1, 
                "n": 0
            }
        ], 
        "GALAXY": [
            {
                "y": 0, 
                "x": 0, 
                "n": 0
            }, 
            {
                "y": 0.031545741324921134, 
                "x": 0.029755935148493468, 
                "n": 634.0
            }, 
            {
                "y": 0.05555555555555555, 
                "x": 0.13623773363305658, 
                "n": 108.0
            }, 
            {
                "y": 0.14516129032258066, 
                "x": 0.24431335044455854, 
                "n": 62.0
            }, 
            {
                "y": 0.1111111111111111, 
                "x": 0.339625189838915, 
                "n": 27.0
            }, 
            {
                "y": 0.34285714285714286, 
                "x": 0.4492900884008669, 
                "n": 35.0
            }, 
            {
                "y": 0.5416666666666666, 
                "x": 0.5504277207481904, 
                "n": 24.0
            }, 
            {
                "y": 0.8064516129032258, 
                "x": 0.6597138733486689, 
                "n": 31.0
            }, 
            {
                "y": 0.84375, 
                "x": 0.7627979169870074, 
                "n": 32.0
            }, 
            {
                "y": 0.925531914893617, 
                "x": 0.8644309418636024, 
                "n": 94.0
            }, 
            {
                "y": 0.9827357237715804, 
                "x": 0.969812241801506, 
                "n": 753.0
            }, 
            {
                "y": 1, 
                "x": 1, 
                "n": 0
            }
        ]
    }, 
    "oneVsAllCalibrationLoss": {
        "QUASAR": 0.012613692581876992, 
        "STAR": 0.03259554838431472, 
        "GALAXY": 0.027064082535733253
    }, 
    "densityData": {
        "QUASAR": {
            "incorrect": [
                17.859893259490416, 
                18.78298951236051, 
                15.126471509863812, 
                9.705741842599052, 
                5.3240340478789285, 
                2.775704771532452, 
                1.523050358880964, 
                0.906708994928837, 
                0.5679211378846346, 
                0.36537878764942255, 
                0.24299717310085303, 
                0.1717049493196865, 
                0.13567456307305414, 
                0.1269186936600297, 
                0.13797515566477078, 
                0.15723659809358387, 
                0.17049769406805237, 
                0.1667875161396035, 
                0.14455489624791354, 
                0.11268535449632469, 
                0.08311138687294664, 
                0.06177134323024648, 
                0.04802755371795233, 
                0.04065887076690787, 
                0.03972225716864047, 
                0.042879337572453186, 
                0.04471424163339043, 
                0.04121791304517193, 
                0.03325426564468894, 
                0.025646919470580783, 
                0.023337904574853255, 
                0.026624972890456775, 
                0.03022750463756375, 
                0.030083661028171216, 
                0.029677937230624285, 
                0.03495264952333789, 
                0.044461089738628466, 
                0.04979730997344165, 
                0.04536911904663598, 
                0.03399255452796405, 
                0.023146200050507992, 
                0.017908110390556623, 
                0.017668858018801362, 
                0.019413598376786495, 
                0.022480939021299322, 
                0.026981689447137126, 
                0.029482914718436653, 
                0.025917851322748355, 
                0.018036637644760583, 
                0.012200988555703273, 
                0.012486361897788121, 
                0.017484161682304395, 
                0.022581529443844332, 
                0.023790044697857306, 
                0.02002969482720413, 
                0.013245161545199615, 
                0.006714520013819384, 
                0.0025499931410291714, 
                0.0007133203113872112, 
                0.00014541707774183576, 
                2.1470542389854282e-05, 
                2.2881229417030114e-06, 
                1.7567954768597164e-07, 
                9.708245228265258e-09, 
                3.8593328281661317e-10, 
                1.1071659200168587e-11, 
                2.3653943050815356e-12, 
                8.625885501676866e-11, 
                2.5012094751515843e-09, 
                5.214509349995114e-08, 
                7.815863811913349e-07, 
                8.422493026475231e-06, 
                6.525360326912004e-05, 
                0.0003634700449149595, 
                0.0014555728841501648, 
                0.004190898346688465, 
                0.008676332094820348, 
                0.012926146675153715, 
                0.013938564275732616, 
                0.011326992498364996, 
                0.00869833835024085, 
                0.010509932107520825, 
                0.017711108009737457, 
                0.025722384738323584, 
                0.027672680342605324, 
                0.021531789467852062, 
                0.012162453970142791, 
                0.005423984855939554, 
                0.0034638609598048923, 
                0.005668246221823405, 
                0.010192149969321747, 
                0.013992014314897053, 
                0.014717797051282212, 
                0.013686118448748981, 
                0.014603454751927423, 
                0.019009143859085805, 
                0.02511143970294353, 
                0.030229480421751453, 
                0.03182229953596111, 
                0.02790670997799816
            ], 
            "incorrectMedian": 0.005805021721241935, 
            "correct": [
                0.23641678606032224, 
                0.24186461432935505, 
                0.2453639715604136, 
                0.24689882626980855, 
                0.2465165481519847, 
                0.24432520413281816, 
                0.24048765962574054, 
                0.2352128704388593, 
                0.22874495475318488, 
                0.22135079301721805, 
                0.21330700278071346, 
                0.204887167117316, 
                0.1963501571963293, 
                0.18793028583357432, 
                0.1798298692763628, 
                0.17221457350893615, 
                0.1652116966335012, 
                0.15891130948530374, 
                0.15336996137261616, 
                0.14861647353956683, 
                0.14465920315433622, 
                0.14149407454113008, 
                0.13911264636840878, 
                0.13750951303110417, 
                0.13668842042796542, 
                0.13666660183589727, 
                0.13747699691862458, 
                0.13916819273285613, 
                0.1418021061161826, 
                0.14544959892217413, 
                0.15018436967055251, 
                0.15607558805753308, 
                0.16317982589352456, 
                0.17153288574093012, 
                0.1811421359323374, 
                0.19197992938088643, 
                0.20397861737578457, 
                0.21702757376155166, 
                0.23097252609561247, 
                0.24561735590594702, 
                0.26072838778044544, 
                0.2760410445665218, 
                0.2912686111245527, 
                0.30611272910481596, 
                0.3202751466318784, 
                0.3334701750923527, 
                0.345437264604835, 
                0.35595310272907893, 
                0.3648426681558383, 
                0.371988731034116, 
                0.37733938064592304, 
                0.3809132737566372, 
                0.38280242591815355, 
                0.38317250487156224, 
                0.38226072100535285, 
                0.3803715356873046, 
                0.37787051605979616, 
                0.37517674772963405, 
                0.3727542695741017, 
                0.3711030144594258, 
                0.3707497248721282, 
                0.3722392640589644, 
                0.3761266637402011, 
                0.38297014278231845, 
                0.3933252026719533, 
                0.4077397616954225, 
                0.42675013804631023, 
                0.45087754154343224, 
                0.48062459444208, 
                0.5164712854721843, 
                0.5588696803604734, 
                0.6082366799273126, 
                0.6649441463572707, 
                0.7293058208118789, 
                0.8015606393074284, 
                0.8818523216477501, 
                0.9702054559493807, 
                1.0664987158287589, 
                1.170436305583138, 
                1.281519197531339, 
                1.399018162930683, 
                1.521950954936453, 
                1.6490662278318675, 
                1.7788368229062317, 
                1.9094648784008894, 
                2.0389008044446864, 
                2.1648775001080343, 
                2.284960299639222, 
                2.396612066188419, 
                2.4972716768218137, 
                2.5844429562278304, 
                2.6557900253334097, 
                2.709234145206934, 
                2.7430465574415663, 
                2.7559316301298757, 
                2.747094862392, 
                2.7162909895298992, 
                2.6638485312604683, 
                2.590668560883943, 
                2.498197131288165
            ], 
            "correctMedian": 0.9405202258807346
        }, 
        "STAR": {
            "incorrect": [
                5.975878441948643, 
                6.346297088477847, 
                6.47046183585017, 
                6.344742556536404, 
                5.996633229759494, 
                5.477630506746278, 
                4.851972801423628, 
                4.1845146720305175, 
                3.5307514560004045, 
                2.9308482436132515, 
                2.408043903497757, 
                1.9705700409390328, 
                1.6155846542273236, 
                1.3336031606426193, 
                1.1123221057636374, 
                0.9393000255675863, 
                0.8034576716331178, 
                0.6956647801287179, 
                0.6087777122251193, 
                0.5374372789360283, 
                0.47781122046756913, 
                0.4273444120166262, 
                0.38450565866345826, 
                0.34850264039756573, 
                0.31896001099023513, 
                0.2955924066903912, 
                0.27792958102936494, 
                0.26515187284062103, 
                0.2560707199290977, 
                0.2492507621362799, 
                0.24323136073398013, 
                0.2367791442900918, 
                0.22909745181453245, 
                0.2199342388846513, 
                0.20956143178195363, 
                0.19863584628118836, 
                0.1879837286669983, 
                0.17836913853623917, 
                0.1703065973704773, 
                0.16396164034811242, 
                0.15915477492184776, 
                0.15545367048715708, 
                0.15231468222235425, 
                0.1492252636248992, 
                0.1458057876653352, 
                0.1418492304346388, 
                0.13730189945604152, 
                0.1322083211333934, 
                0.12665140840828004, 
                0.12071331048365244, 
                0.11446700722375085, 
                0.1079917242298068, 
                0.10139463509898972, 
                0.09482132012674924, 
                0.08844658396168968, 
                0.08244940385608589, 
                0.07698391616904851, 
                0.07215852243346128, 
                0.06802870485926613, 
                0.06460123386708677, 
                0.06184353353903712, 
                0.0596938713319939, 
                0.05807292090767202, 
                0.056899963063102646, 
                0.05611418952778317, 
                0.05569459011490235, 
                0.05566620381386266, 
                0.05608192812676572, 
                0.05697933421528223, 
                0.05832665160602366, 
                0.059982831725566566, 
                0.061695865829238195, 
                0.06314957132640928, 
                0.06404752235894107, 
                0.06420409083121784, 
                0.0636063840333502, 
                0.06242101077457287, 
                0.060941870436288216, 
                0.059499396504053344, 
                0.05836689422916353, 
                0.05769929989240004, 
                0.057524796794094064, 
                0.05778770086735278, 
                0.05842175769881108, 
                0.059423875007981436, 
                0.06090117861930728, 
                0.06307555273899583, 
                0.06624345317389096, 
                0.07069983983961349, 
                0.07664184118844755, 
                0.08407127857712869, 
                0.09271705169423534, 
                0.10199868493554595, 
                0.11104914432477055, 
                0.11880597520543226, 
                0.12416442838768342, 
                0.12616760512063643, 
                0.12419296280104858, 
                0.11808871130996668, 
                0.1082220107754468
            ], 
            "incorrectMedian": 0.02085037730561418, 
            "correct": [
                0.08100217267383623, 
                0.08880427891844903, 
                0.09600980638896636, 
                0.10259875909796277, 
                0.10857338297807048, 
                0.11392413602096033, 
                0.11860415818320835, 
                0.12252051309154133, 
                0.1255450344538894, 
                0.12754136693828189, 
                0.12839975622663793, 
                0.12806883166285013, 
                0.12657462328724786, 
                0.12402093951526197, 
                0.1205707911141609, 
                0.11641417078464236, 
                0.11173160008489158, 
                0.10666425880766846, 
                0.10129974343616921, 
                0.09567795842130174, 
                0.0898155608744022, 
                0.08374154255522046, 
                0.07753277207462408, 
                0.07133790796022614, 
                0.06538127560288001, 
                0.05994415858363216, 
                0.05532767958376822, 
                0.051806944393305965, 
                0.04958871443158084, 
                0.04878382574980862, 
                0.04940128791796728, 
                0.05136482363906894, 
                0.054546387614479934, 
                0.05880670626377893, 
                0.0640313385811249, 
                0.0701525530320535, 
                0.07715189338529858, 
                0.08504432427366317, 
                0.09385051454684173, 
                0.10356738545875505, 
                0.11414734866426891, 
                0.12549350944659, 
                0.13747247989832947, 
                0.1499402091059335, 
                0.16277157988022342, 
                0.17588316573579799, 
                0.18924106672454574, 
                0.20285129546276887, 
                0.21673673426898588, 
                0.23090976008413744, 
                0.2453512784041782, 
                0.2600044645306127, 
                0.2747859155724581, 
                0.2896103520714654, 
                0.30442004367700587, 
                0.3192086932758606, 
                0.33403209301310444, 
                0.34900332409810464, 
                0.3642763086607727, 
                0.38002563700682795, 
                0.3964311469907412, 
                0.41367263961692463, 
                0.43193487792366697, 
                0.4514180602604594, 
                0.4723465639714668, 
                0.4949700488819339, 
                0.5195554728760002, 
                0.5463742727398251, 
                0.5756934054110717, 
                0.6077801357547079, 
                0.6429277270133885, 
                0.68150341589548, 
                0.7240132339460871, 
                0.7711726433845904, 
                0.8239692565981768, 
                0.8837046119983132, 
                0.9520053866132835, 
                1.0307990413463761, 
                1.1222530570671234, 
                1.2286793761082748, 
                1.352405885871123, 
                1.49561499259288, 
                1.6601463808116794, 
                1.8472583069214508, 
                2.0573411318938097, 
                2.289580666232775, 
                2.541579827814816, 
                2.8089667729291676, 
                3.0850452123823433, 
                3.3605730393776727, 
                3.6237788125282693, 
                3.860728859508553, 
                4.056128354599767, 
                4.194571859550173, 
                4.262158771146859, 
                4.248277449513907, 
                4.147270070688792, 
                3.9596520357139946, 
                3.6925984849279097, 
                3.35952857522382
            ], 
            "correctMedian": 0.9303208477250169
        }, 
        "GALAXY": {
            "incorrect": [
                4.5179752408493545, 
                4.851414521524947, 
                5.051494034913557, 
                5.108475797395733, 
                5.0268341493530455, 
                4.8235748595024175, 
                4.524648682114413, 
                4.160404709838223, 
                3.7611263631068854, 
                3.3534976003415906, 
                2.958463816084857, 
                2.5905289932486184, 
                2.258199268763027, 
                1.965115843377422, 
                1.7114202618430217, 
                1.4950128720136544, 
                1.3125292138537237, 
                1.1600055050309708, 
                1.0332957501477777, 
                0.9283320114688266, 
                0.8413018683005196, 
                0.7687794528329983, 
                0.7078132350352091, 
                0.6559592771879754, 
                0.611254464680038, 
                0.5721415704166083, 
                0.5373742212380762, 
                0.505934827440758, 
                0.4769892868191219, 
                0.4498833868999715, 
                0.42416642516870456, 
                0.3996163393661866, 
                0.376241653522145, 
                0.3542467993783099, 
                0.33396255271104885, 
                0.31575547902345225, 
                0.29993527179199436, 
                0.28667677888702797, 
                0.275967601091593, 
                0.2675862499292958, 
                0.26111203222695284, 
                0.25596559056710383, 
                0.2514763816252889, 
                0.24696884217132736, 
                0.24185316198848833, 
                0.23570215915055812, 
                0.2282960600870221, 
                0.2196238165855984, 
                0.20984170657130247, 
                0.19920319937918626, 
                0.1879830770463649, 
                0.1764196048829424, 
                0.1646905113288404, 
                0.15292483279256913, 
                0.14123888178160582, 
                0.12977620360059453, 
                0.11873142730610547, 
                0.10834579195538857, 
                0.09887414338603104, 
                0.09053439036218519, 
                0.08345672638618405, 
                0.07764969400207025, 
                0.07299434335777691, 
                0.06926900538784683, 
                0.06619861794152179, 
                0.06351640591135913, 
                0.06102310307787805, 
                0.05862985080542695, 
                0.05637484668303489, 
                0.05440987884786529, 
                0.05295995308319055, 
                0.05226586301177187, 
                0.05252409956795499, 
                0.053839449866486505, 
                0.056202301170512996, 
                0.059495661584393136, 
                0.06352822794634357, 
                0.0680822797165439, 
                0.07296134944580843, 
                0.07802382672689132, 
                0.08319431178213077, 
                0.08845236003785603, 
                0.0938052171358655, 
                0.09925477267853239, 
                0.10476841686012876, 
                0.11025979701100574, 
                0.1155808824590441, 
                0.12052349201687454, 
                0.1248276394364541, 
                0.12819529520937245, 
                0.1303099458958365, 
                0.13086304554769326, 
                0.12958730164341692, 
                0.12629409804748687, 
                0.12090946883605191, 
                0.11350129360982043, 
                0.10429067786073455, 
                0.09364289745169718, 
                0.08203719852104549, 
                0.07001912653096104
            ], 
            "incorrectMedian": 0.04181175848116177, 
            "correct": [
                0.14014523781468724, 
                0.15037992566568414, 
                0.15674691513925587, 
                0.15901263852414163, 
                0.1573573175831645, 
                0.15231642949530155, 
                0.14466511268761037, 
                0.13527558537736334, 
                0.12498213376058799, 
                0.11448287305596586, 
                0.1042945088500497, 
                0.0947601286999501, 
                0.08609562307761175, 
                0.07845163685292483, 
                0.07196685553713789, 
                0.06679442816256924, 
                0.06309400574223822, 
                0.060993820788596935, 
                0.06053705180822816, 
                0.061631850917258535, 
                0.0640236727582531, 
                0.06730230575888117, 
                0.07094610298990262, 
                0.07439519293711365, 
                0.0771370681601179, 
                0.07878443391028375, 
                0.07912762548356014, 
                0.07815144866697014, 
                0.07601643612466495, 
                0.0730138657331193, 
                0.06950944378447355, 
                0.06589078110399607, 
                0.06252915322319305, 
                0.05975873444691722, 
                0.05786949714665022, 
                0.05710579815433284, 
                0.057662485427028856, 
                0.05967364798974531, 
                0.06319417096664669, 
                0.0681789429948352, 
                0.07446726337284419, 
                0.0817800204104746, 
                0.08973480628481892, 
                0.09788015220189974, 
                0.10574559168699169, 
                0.11290033946823766, 
                0.1190109037377603, 
                0.12388756676883673, 
                0.12751158509724386, 
                0.13003879069197777, 
                0.13178001420763, 
                0.13316303053529757, 
                0.13468330149435592, 
                0.13685105712749668, 
                0.140140522006152, 
                0.14494444131393383, 
                0.15153487520133604, 
                0.16003057541116747, 
                0.1703724123312569, 
                0.182310627858639, 
                0.19540980098929805, 
                0.20907781821044114, 
                0.2226227996194967, 
                0.2353367775380936, 
                0.24659803722209983, 
                0.25597738890551736, 
                0.2633295232671428, 
                0.26885082504058516, 
                0.27309028958876597, 
                0.2769097746840124, 
                0.28140164292642067, 
                0.28778295203703663, 
                0.29729265445970565, 
                0.31111945885919634, 
                0.33038232964134484, 
                0.35617433088402933, 
                0.3896668346220546, 
                0.43225920266039075, 
                0.4857525577595294, 
                0.5525264582621762, 
                0.6357017717830447, 
                0.7392757731847253, 
                0.868208844794808, 
                1.0284208627288356, 
                1.2266212673216312, 
                1.469862430079272, 
                1.7646940606296353, 
                2.115834078560954, 
                2.5243779895308918, 
                2.9857416181611183, 
                3.4877354252279495, 
                4.0093344586196755, 
                4.520752421586728, 
                4.9852835313247, 
                5.3630264569510855, 
                5.616112593143866, 
                5.7145620114771845, 
                5.641556054699936, 
                5.396889455668981, 
                4.997699641380313
            ], 
            "correctMedian": 0.9675599112058566
        }
    }, 
    "confusion": {
        "totalRows": 1800, 
        "perActual": {
            "QUASAR": {
                "perPredicted": {
                    "QUASAR": 166, 
                    "STAR": 4, 
                    "GALAXY": 11
                }, 
                "actualClassCount": 181.0
            }, 
            "STAR": {
                "perPredicted": {
                    "QUASAR": 11, 
                    "STAR": 644, 
                    "GALAXY": 22
                }, 
                "actualClassCount": 677.0
            }, 
            "GALAXY": {
                "perPredicted": {
                    "QUASAR": 7, 
                    "STAR": 52, 
                    "GALAXY": 883
                }, 
                "actualClassCount": 942.0
            }
        }
    }, 
    "metrics": {
        "f1": 0.9318133907344531, 
        "mcalibrationLoss": 0.02409110783397499, 
        "recall": 0.9352499715252751, 
        "precision": 0.9287159040567053, 
        "logLoss": 0.27177598113301304, 
        "mrocAUC": 0.9750810897961746, 
        "hammingLoss": 0.059444444444444446, 
        "accuracy": 0.9405555555555556
    }, 
    "oneVsAllRocAUC": {
        "QUASAR": 0.9737543466910549, 
        "STAR": 0.9746590360542491, 
        "GALAXY": 0.9750308078333555
    }, 
    "classes": [
        "GALAXY", 
        "STAR", 
        "QUASAR"
    ], 
    "globalMetrics": {
        "predictionAvg": [
            0.5240096968837893, 
            0.3754626311348985, 
            0.10052767198131221
        ], 
        "predictionStd": [
            0.4354162724652459, 
            0.4168130533354802, 
            0.26368708712274475
        ], 
        "targetStd": [
            0.499594054218584, 
            0.4845430606683991, 
            0.3008228888814068
        ], 
        "targetAvg": [
            0.5233333333333333, 
            0.3761111111111111, 
            0.10055555555555555
        ], 
        "testWeight": 1800
    }, 
    "oneVsAllRocCurves": {
        "QUASAR": [
            {
                "y": 0.0, 
                "x": 0.0, 
                "p": 1.9999998038490412
            }, 
            {
                "y": 0.11602209944751381, 
                "x": 0.0006176652254478073, 
                "p": 0.9895864986634765
            }, 
            {
                "y": 0.36464088397790057, 
                "x": 0.0012353304508956147, 
                "p": 0.9694268269197835
            }, 
            {
                "y": 0.5580110497237569, 
                "x": 0.0018529956763434219, 
                "p": 0.9242623471553236
            }, 
            {
                "y": 0.712707182320442, 
                "x": 0.0024706609017912293, 
                "p": 0.8474702259855302
            }, 
            {
                "y": 0.7624309392265194, 
                "x": 0.0037059913526868438, 
                "p": 0.7915057570832975
            }, 
            {
                "y": 0.8397790055248618, 
                "x": 0.004323656578134651, 
                "p": 0.5460456594180944
            }, 
            {
                "y": 0.9005524861878453, 
                "x": 0.006176652254478073, 
                "p": 0.4657580599823053
            }, 
            {
                "y": 0.9392265193370166, 
                "x": 0.04014823965410747, 
                "p": 0.07054665726819441
            }, 
            {
                "y": 0.9558011049723757, 
                "x": 0.11179740580605312, 
                "p": 0.031247179802348406
            }, 
            {
                "y": 0.9668508287292817, 
                "x": 0.15565163681284744, 
                "p": 0.022259521129506275
            }, 
            {
                "y": 0.9668508287292817, 
                "x": 0.22730080296479308, 
                "p": 0.016111778786501718
            }, 
            {
                "y": 0.9723756906077348, 
                "x": 0.33477455219271157, 
                "p": 0.010083449531293875
            }, 
            {
                "y": 0.9779005524861878, 
                "x": 0.6528721432983323, 
                "p": 0.003169843009027572
            }, 
            {
                "y": 0.9834254143646409, 
                "x": 0.8103767757875232, 
                "p": 0.00142573810564163
            }, 
            {
                "y": 0.988950276243094, 
                "x": 0.8980852378011118, 
                "p": 0.0006542227639584863
            }, 
            {
                "y": 0.994475138121547, 
                "x": 0.9623224212476837, 
                "p": 0.00018487242765373958
            }, 
            {
                "y": 1.0, 
                "x": 1.0, 
                "p": 5.0010904026734814e-08
            }
        ], 
        "STAR": [
            {
                "y": 0.0, 
                "x": 0.0, 
                "p": 1.9999999499890762
            }, 
            {
                "y": 0.11669128508124077, 
                "x": 0.003561887800534283, 
                "p": 0.9907553999127325
            }, 
            {
                "y": 0.1757754800590842, 
                "x": 0.006233303650934996, 
                "p": 0.9829796471002963
            }, 
            {
                "y": 0.28360413589364847, 
                "x": 0.008014247551202136, 
                "p": 0.9690232287361185
            }, 
            {
                "y": 0.33825701624815363, 
                "x": 0.01068566340160285, 
                "p": 0.9604491029651572
            }, 
            {
                "y": 0.41063515509601184, 
                "x": 0.012466607301869992, 
                "p": 0.9480161438826628
            }, 
            {
                "y": 0.5022156573116692, 
                "x": 0.014247551202137132, 
                "p": 0.9302749018212123
            }, 
            {
                "y": 0.5760709010339734, 
                "x": 0.015138023152270703, 
                "p": 0.9085210830219312
            }, 
            {
                "y": 0.6469719350073855, 
                "x": 0.016028495102404273, 
                "p": 0.8887309142006485
            }, 
            {
                "y": 0.7149187592319055, 
                "x": 0.017809439002671415, 
                "p": 0.8572413945570115
            }, 
            {
                "y": 0.7651403249630724, 
                "x": 0.020480854853072127, 
                "p": 0.8214426037056205
            }, 
            {
                "y": 0.8212703101920237, 
                "x": 0.02226179875333927, 
                "p": 0.7646956379878194
            }, 
            {
                "y": 0.8847858197932054, 
                "x": 0.028495102404274265, 
                "p": 0.6668838390509195
            }, 
            {
                "y": 0.9350073855243722, 
                "x": 0.0365093499554764, 
                "p": 0.539859644038887
            }, 
            {
                "y": 0.9630723781388478, 
                "x": 0.05966162065894924, 
                "p": 0.3724965404316321
            }, 
            {
                "y": 0.9734121122599705, 
                "x": 0.10596616206589493, 
                "p": 0.1981792345026936
            }, 
            {
                "y": 0.9793205317577548, 
                "x": 0.15048975957257346, 
                "p": 0.12891916941375858
            }, 
            {
                "y": 0.9852289512555391, 
                "x": 0.19590382902938558, 
                "p": 0.08993261856366111
            }, 
            {
                "y": 0.9896602658788775, 
                "x": 0.2439893143365984, 
                "p": 0.06652594643966128
            }, 
            {
                "y": 0.9926144756277696, 
                "x": 0.6794300979519146, 
                "p": 0.008810426040299729
            }, 
            {
                "y": 0.9940915805022157, 
                "x": 0.8619768477292965, 
                "p": 0.002853574291535561
            }, 
            {
                "y": 0.9970457902511078, 
                "x": 0.9893143365983972, 
                "p": 0.00026808712455847917
            }, 
            {
                "y": 1.0, 
                "x": 1.0, 
                "p": 6.535555977235366e-08
            }
        ], 
        "GALAXY": [
            {
                "y": 0.0, 
                "x": 0.0, 
                "p": 1.99873072907441
            }, 
            {
                "y": 0.17728237791932058, 
                "x": 0.0, 
                "p": 0.9897732037376674
            }, 
            {
                "y": 0.31528662420382164, 
                "x": 0.0011655011655011655, 
                "p": 0.982351211686362
            }, 
            {
                "y": 0.49575371549893843, 
                "x": 0.0034965034965034965, 
                "p": 0.9684724581579782
            }, 
            {
                "y": 0.6560509554140127, 
                "x": 0.005827505827505828, 
                "p": 0.9473689455229154
            }, 
            {
                "y": 0.7208067940552016, 
                "x": 0.008158508158508158, 
                "p": 0.9308715170229455
            }, 
            {
                "y": 0.7770700636942676, 
                "x": 0.013986013986013986, 
                "p": 0.9039419227510508
            }, 
            {
                "y": 0.8237791932059448, 
                "x": 0.017482517482517484, 
                "p": 0.8762840328252757
            }, 
            {
                "y": 0.8800424628450106, 
                "x": 0.023310023310023312, 
                "p": 0.7974546113140095
            }, 
            {
                "y": 0.9288747346072187, 
                "x": 0.0337995337995338, 
                "p": 0.6335781187927528
            }, 
            {
                "y": 0.9543524416135881, 
                "x": 0.05944055944055944, 
                "p": 0.45866041930116863
            }, 
            {
                "y": 0.9628450106157113, 
                "x": 0.10722610722610723, 
                "p": 0.2967541191737394
            }, 
            {
                "y": 0.9723991507430998, 
                "x": 0.19114219114219114, 
                "p": 0.1631658975615739
            }, 
            {
                "y": 0.975583864118896, 
                "x": 0.25757575757575757, 
                "p": 0.11474485722808563
            }, 
            {
                "y": 0.9787685774946921, 
                "x": 0.3181818181818182, 
                "p": 0.09065073686776383
            }, 
            {
                "y": 0.9798301486199575, 
                "x": 0.4160839160839161, 
                "p": 0.05853833990090761
            }, 
            {
                "y": 0.9840764331210191, 
                "x": 0.5291375291375291, 
                "p": 0.035820826851300114
            }, 
            {
                "y": 0.9872611464968153, 
                "x": 0.5874125874125874, 
                "p": 0.02828914945391002
            }, 
            {
                "y": 0.9893842887473461, 
                "x": 0.6876456876456877, 
                "p": 0.016375197310990245
            }, 
            {
                "y": 0.9904458598726115, 
                "x": 0.7447552447552448, 
                "p": 0.01171422080765014
            }, 
            {
                "y": 0.9936305732484076, 
                "x": 0.7925407925407926, 
                "p": 0.00869921725468042
            }, 
            {
                "y": 0.994692144373673, 
                "x": 0.8414918414918415, 
                "p": 0.005306614910126292
            }, 
            {
                "y": 0.9957537154989384, 
                "x": 0.9801864801864801, 
                "p": 1.5390699471219022e-06
            }, 
            {
                "y": 1.0, 
                "x": 1.0, 
                "p": 2.000484289215936e-14
            }
        ]
    }, 
    "processed_feature_names": [
        "A", 
        "B", 
        "C", 
        "D", 
        "E", 
        "F", 
        "G", 
        "H", 
        "I", 
        "J", 
        "camcol", 
        "dec", 
        "field", 
        "g", 
        "i", 
        "r", 
        "ra", 
        "run", 
        "u", 
        "z"
    ]
}