{
    "oneVsAllCalibrationCurves": {
        "QUASAR": [
            {
                "y": 0, 
                "x": 0, 
                "n": 0
            }, 
            {
                "y": 0.006501950585175552, 
                "x": 0.02355554072006239, 
                "n": 1538.0
            }, 
            {
                "y": 0.11320754716981132, 
                "x": 0.14161476230560793, 
                "n": 53.0
            }, 
            {
                "y": 0.21052631578947367, 
                "x": 0.2530604337441098, 
                "n": 19.0
            }, 
            {
                "y": 0.5, 
                "x": 0.34078495958483235, 
                "n": 8.0
            }, 
            {
                "y": 0.8, 
                "x": 0.4633038442006342, 
                "n": 5.0
            }, 
            {
                "y": 0.5, 
                "x": 0.5308430303153351, 
                "n": 10.0
            }, 
            {
                "y": 1.0, 
                "x": 0.6732521218775489, 
                "n": 8.0
            }, 
            {
                "y": 0.75, 
                "x": 0.7577327431626163, 
                "n": 16.0
            }, 
            {
                "y": 0.90625, 
                "x": 0.8556416143476849, 
                "n": 32.0
            }, 
            {
                "y": 0.990990990990991, 
                "x": 0.9643795765292716, 
                "n": 111.0
            }, 
            {
                "y": 1, 
                "x": 1, 
                "n": 0
            }
        ], 
        "STAR": [
            {
                "y": 0, 
                "x": 0, 
                "n": 0
            }, 
            {
                "y": 0.004, 
                "x": 0.05712920118509256, 
                "n": 500.0
            }, 
            {
                "y": 0.03663003663003663, 
                "x": 0.14333610724017282, 
                "n": 273.0
            }, 
            {
                "y": 0.16666666666666666, 
                "x": 0.24535614623455387, 
                "n": 162.0
            }, 
            {
                "y": 0.2962962962962963, 
                "x": 0.3462133402097421, 
                "n": 108.0
            }, 
            {
                "y": 0.5, 
                "x": 0.4476207140897704, 
                "n": 84.0
            }, 
            {
                "y": 0.5444444444444444, 
                "x": 0.5470084312749807, 
                "n": 90.0
            }, 
            {
                "y": 0.7708333333333334, 
                "x": 0.6502274259537725, 
                "n": 96.0
            }, 
            {
                "y": 0.918918918918919, 
                "x": 0.7551939442805794, 
                "n": 148.0
            }, 
            {
                "y": 0.9788359788359788, 
                "x": 0.8489702223787232, 
                "n": 189.0
            }, 
            {
                "y": 0.9733333333333334, 
                "x": 0.9367810124957843, 
                "n": 150.0
            }, 
            {
                "y": 1, 
                "x": 1, 
                "n": 0
            }
        ], 
        "GALAXY": [
            {
                "y": 0, 
                "x": 0, 
                "n": 0
            }, 
            {
                "y": 0.023195876288659795, 
                "x": 0.03700065567103279, 
                "n": 388.0
            }, 
            {
                "y": 0.026455026455026454, 
                "x": 0.14698071606334226, 
                "n": 189.0
            }, 
            {
                "y": 0.12408759124087591, 
                "x": 0.24400450278313784, 
                "n": 137.0
            }, 
            {
                "y": 0.2962962962962963, 
                "x": 0.35174627299739303, 
                "n": 81.0
            }, 
            {
                "y": 0.4375, 
                "x": 0.45029908972908794, 
                "n": 96.0
            }, 
            {
                "y": 0.5824175824175825, 
                "x": 0.5558463053514937, 
                "n": 91.0
            }, 
            {
                "y": 0.7157894736842105, 
                "x": 0.6538672907214685, 
                "n": 95.0
            }, 
            {
                "y": 0.8343949044585988, 
                "x": 0.7535970053885659, 
                "n": 157.0
            }, 
            {
                "y": 0.9767441860465116, 
                "x": 0.8605984229144138, 
                "n": 301.0
            }, 
            {
                "y": 0.9886792452830189, 
                "x": 0.9245415489306315, 
                "n": 265.0
            }, 
            {
                "y": 1, 
                "x": 1, 
                "n": 0
            }
        ]
    }, 
    "oneVsAllCalibrationLoss": {
        "QUASAR": 0.021732681076649545, 
        "STAR": 0.0801675847688537, 
        "GALAXY": 0.068459230738343
    }, 
    "densityData": {
        "QUASAR": {
            "incorrect": [
                11.225813232768237, 
                15.16750206143905, 
                16.29882258271196, 
                14.190123088727196, 
                10.29453873401669, 
                6.487959630445624, 
                3.774187921961069, 
                2.2175449786210955, 
                1.4613260811126618, 
                1.1071302039651674, 
                0.882040476525557, 
                0.6838546424094519, 
                0.5197455153451453, 
                0.4069586101974935, 
                0.33273164063125527, 
                0.275615909570949, 
                0.22739398350578638, 
                0.19027208003967006, 
                0.1653906878993994, 
                0.1485388060008026, 
                0.13427153439773173, 
                0.12027245640507778, 
                0.10623239707389331, 
                0.09258426496032929, 
                0.08215188289685398, 
                0.07784082316766472, 
                0.0785214330304359, 
                0.081508680286845, 
                0.08519809947166096, 
                0.08590461055950623, 
                0.07881774020459509, 
                0.06475176295666189, 
                0.050360605817273606, 
                0.04034033866232521, 
                0.0330071316288559, 
                0.024609891303433412, 
                0.015026021466703213, 
                0.007102202128726718, 
                0.0025881474265335986, 
                0.0010211535176430865, 
                0.0015258002473613995, 
                0.004018283532695047, 
                0.008326642750265829, 
                0.012588334867419997, 
                0.013882124539854754, 
                0.011472328139443967, 
                0.008415324439947854, 
                0.009231782178139643, 
                0.01646634406851785, 
                0.02824937008466629, 
                0.038124493738977326, 
                0.03974255378258496, 
                0.03337215885409061, 
                0.02531269393421592, 
                0.02018343325177609, 
                0.017302700273840448, 
                0.015086809802722978, 
                0.014250741715381874, 
                0.014918851282573538, 
                0.01460871672881449, 
                0.011416884650768405, 
                0.006663447824721828, 
                0.002845776308638685, 
                0.0008842727708280188, 
                0.0001997016512837728, 
                3.40243530053277e-05, 
                1.7332478015551444e-05, 
                0.00010203426436297729, 
                0.0005680513947921395, 
                0.002356995512234581, 
                0.007332609201665071, 
                0.0173094988169104, 
                0.03143315973264215, 
                0.04445137517966355, 
                0.04926163230420643, 
                0.042668305090078455, 
                0.028580791699824876, 
                0.014595066820715168, 
                0.005612676639772195, 
                0.001674341536740775, 
                0.0007371956631653993, 
                0.0015968424656872678, 
                0.004350246922145663, 
                0.008996557988453696, 
                0.014098178109138828, 
                0.01793939732490719, 
                0.021066821888586853, 
                0.025151384383532177, 
                0.029018058984587983, 
                0.029444896115993144, 
                0.026179996955546195, 
                0.02206667987160889, 
                0.01830809703483987, 
                0.01374354468906032, 
                0.008345554483009509, 
                0.0038402767127812608, 
                0.0013031445972023785, 
                0.0003228398919824733, 
                5.818328651835473e-05, 
                7.618664643478986e-06
            ], 
            "incorrectMedian": 0.019642508678135964, 
            "correct": [
                0.2268420630198893, 
                0.23896974292296366, 
                0.25001958059598656, 
                0.2598678727204217, 
                0.26842629690405945, 
                0.27564386506758914, 
                0.2815069617276378, 
                0.28603753216993794, 
                0.2892896156250621, 
                0.29134452881619555, 
                0.29230508629461394, 
                0.2922892897178152, 
                0.29142392635661507, 
                0.2898384891996912, 
                0.2876597720772625, 
                0.28500741094365284, 
                0.28199054616198993, 
                0.2787056801151111, 
                0.2752357088863478, 
                0.2716500237301347, 
                0.26800551303740805, 
                0.2643482514960109, 
                0.26071564075425796, 
                0.25713876365589283, 
                0.2536447290395375, 
                0.25025881230434927, 
                0.24700623428762472, 
                0.24391346359243002, 
                0.241008972087331, 
                0.23832341742637195, 
                0.2358892684511702, 
                0.2337399282109012, 
                0.23190844440028807, 
                0.23042592765623712, 
                0.22931982354661853, 
                0.22861220302885618, 
                0.22831824704719783, 
                0.22844510190113226, 
                0.22899127119084475, 
                0.22994668607306754, 
                0.23129355763639864, 
                0.23300806408987346, 
                0.23506286338293947, 
                0.23743035275750754, 
                0.2400865260548304, 
                0.24301521401787107, 
                0.2462124395397133, 
                0.24969058572464234, 
                0.25348206547105556, 
                0.257642200701163, 
                0.26225106821128147, 
                0.2674141450428249, 
                0.2732616836575627, 
                0.2799468575239973, 
                0.2876428303420415, 
                0.29653900537643146, 
                0.3068367938192438, 
                0.3187452929157186, 
                0.3324772786638374, 
                0.348245890735414, 
                0.36626231939567955, 
                0.38673470013641426, 
                0.4098682894776615, 
                0.43586684552283844, 
                0.4649349814448794, 
                0.4972811115324891, 
                0.5331204794128779, 
                0.5726776567690403, 
                0.6161878365295282, 
                0.6638962233400537, 
                0.71605485048815, 
                0.7729162291468507, 
                0.8347233643248769, 
                0.9016958524640366, 
                0.9740120067903342, 
                1.0517872345272887, 
                1.1350492077225907, 
                1.2237107149018989, 
                1.3175414365442228, 
                1.4161402297200698, 
                1.5189098064217899, 
                1.6250359118344704, 
                1.7334732167785707, 
                1.8429400983775186, 
                1.9519242667459118, 
                2.0587007867408746, 
                2.1613634422992924, 
                2.2578696159513614, 
                2.3460979483345272, 
                2.4239170628460505, 
                2.4892626665519235, 
                2.5402194580286204, 
                2.5751035756419456, 
                2.5925408874888998, 
                2.591536320417801, 
                2.5715296869488853, 
                2.5324340991409087, 
                2.474654025126149, 
                2.3990812801169477, 
                2.3070686529068114
            ], 
            "correctMedian": 0.9268348939790771
        }, 
        "STAR": {
            "incorrect": [
                1.9256928562599092, 
                2.3643235537733105, 
                2.8074228782868196, 
                3.2273095921388237, 
                3.5957299869313823, 
                3.887580073158697, 
                4.084347503053711, 
                4.176577487137414, 
                4.16487010536727, 
                4.059252347523336, 
                3.877135010248712, 
                3.640352794957513, 
                3.3719215834573566, 
                3.093115066389644, 
                2.8213027576149305, 
                2.5687695156152515, 
                2.342517201042233, 
                2.1448756701545673, 
                1.9746433770164666, 
                1.8284411927721296, 
                1.7019904904338414, 
                1.5911044953360816, 
                1.4922891598592132, 
                1.4029592162029176, 
                1.321359568403541, 
                1.2463237787013388, 
                1.1769976616179023, 
                1.1126198802022738, 
                1.052403696320439, 
                0.9955226485771618, 
                0.9411760924320481, 
                0.8886969665028128, 
                0.8376592932947904, 
                0.787945124490148, 
                0.739742143320148, 
                0.6934655476939984, 
                0.6496266718657484, 
                0.6086946370394467, 
                0.571003283076723, 
                0.5367376894502295, 
                0.5059986344853928, 
                0.4789052949788587, 
                0.45567447307183306, 
                0.43661992442614744, 
                0.4220471215941627, 
                0.4120647932727555, 
                0.4063766170342996, 
                0.4041373813741517, 
                0.4039477933488989, 
                0.40402166681161816, 
                0.4025005446500557, 
                0.39783423974581783, 
                0.3891134284187468, 
                0.3762474758164385, 
                0.3599278744303998, 
                0.3413891329726899, 
                0.32204744112455846, 
                0.30313583775470265, 
                0.28544817801562605, 
                0.2692573148306754, 
                0.25440663798839747, 
                0.2405157721002226, 
                0.22721177300805154, 
                0.21430295984816194, 
                0.2018452633910849, 
                0.19009427225558412, 
                0.17937404824911593, 
                0.16991629545530731, 
                0.16172759785861546, 
                0.15453009469354415, 
                0.14779673523028294, 
                0.1408725071277109, 
                0.13314566168222178, 
                0.12421630366850564, 
                0.1140099370361022, 
                0.10280155926501049, 
                0.09114580089870049, 
                0.07973935980683512, 
                0.06926182749357342, 
                0.060242773814864876, 
                0.052987350805554036, 
                0.047567731232824643, 
                0.043864648517792704, 
                0.0416311382474585, 
                0.04055217729836921, 
                0.040285604513739685, 
                0.040484030600672495, 
                0.040807274110561245, 
                0.04093662399238485, 
                0.040596898827393015, 
                0.03958406143880645, 
                0.03778993083066583, 
                0.0352143812877222, 
                0.03195936749884754, 
                0.028205615415587863, 
                0.024178440524942172, 
                0.02011150266841995, 
                0.016216064219892697, 
                0.012659956537048425, 
                0.009557003845698468
            ], 
            "incorrectMedian": 0.11267762148203765, 
            "correct": [
                0.012976872699040201, 
                0.016421554199541853, 
                0.02045624830526482, 
                0.025141942374048865, 
                0.030559710810599956, 
                0.03681740249622734, 
                0.044052653610486325, 
                0.05243022249804405, 
                0.062132465952411106, 
                0.073342989997407, 
                0.08622484490482611, 
                0.10089578605609287, 
                0.11740383642012797, 
                0.13570653751768905, 
                0.1556568893721457, 
                0.17699820063322805, 
                0.19936909176099243, 
                0.22231888642643716, 
                0.24533268821907156, 
                0.26786459758914266, 
                0.28937676544195207, 
                0.30938130114932016, 
                0.3274814909115007, 
                0.34340841752703066, 
                0.3570490043990225, 
                0.36846182268408556, 
                0.3778777554486968, 
                0.3856838229127008, 
                0.3923901159815435, 
                0.39858178608135386, 
                0.40486023473995647, 
                0.4117797465663321, 
                0.41978739279290667, 
                0.4291746127226889, 
                0.4400480506959234, 
                0.45232484327369216, 
                0.4657538759758812, 
                0.4799602401270993, 
                0.49450616293037997, 
                0.5089589845831151, 
                0.5229559153266391, 
                0.5362563959190425, 
                0.5487754547863672, 
                0.5605947341899776, 
                0.5719510781752626, 
                0.5832052494197306, 
                0.5947953675863631, 
                0.6071812047004693, 
                0.6207867058191882, 
                0.6359489511125188, 
                0.6528818343871745, 
                0.6716614352575923, 
                0.692237029733726, 
                0.7144670933195045, 
                0.7381743952208615, 
                0.7632097980379136, 
                0.7895121539506954, 
                0.8171526531370319, 
                0.8463560317488326, 
                0.8774969752846952, 
                0.9110759227558488, 
                0.9476823413579997, 
                0.9879542029305675, 
                1.0325398844908085, 
                1.0820642890327345, 
                1.1370966120770039, 
                1.1981147641652612, 
                1.2654620708999607, 
                1.3392953374659626, 
                1.419528352780636, 
                1.5057794703440208, 
                1.5973342376575355, 
                1.6931331822432054, 
                1.7917909858819374, 
                1.891647592875036, 
                1.990845994219346, 
                2.087427010273243, 
                2.1794291477806578, 
                2.2649814559899215, 
                2.342378582202434, 
                2.4101292075786382, 
                2.466971462543618, 
                2.511852148011966, 
                2.543871346905238, 
                2.5622007269886016, 
                2.5659919498339048, 
                2.554299228213417, 
                2.5260443166671624, 
                2.480050119544144, 
                2.4151589338868695, 
                2.3304337262863517, 
                2.225419119703203, 
                2.1004184088785167, 
                1.956730015316506, 
                1.7967860880086968, 
                1.6241491783253654, 
                1.443347941530889, 
                1.2595640622979742, 
                1.0782125488872394, 
                0.9044788871443876
            ], 
            "correctMedian": 0.7874533720434475
        }, 
        "GALAXY": {
            "incorrect": [
                2.362264407972848, 
                2.5685956434166677, 
                2.734132695785592, 
                2.853656603381959, 
                2.9257148859895072, 
                2.9524543353660264, 
                2.938980542038025, 
                2.892398498144703, 
                2.820732187469121, 
                2.7319160376337623, 
                2.633005188854855, 
                2.529682263356972, 
                2.426066469276521, 
                2.32477397516176, 
                2.2271465723267596, 
                2.133560068192856, 
                2.043738948233522, 
                1.9570301191379296, 
                1.872616183891868, 
                1.7896702362216075, 
                1.7074658509848362, 
                1.6254578001703193, 
                1.5433438570588125, 
                1.4611100186747648, 
                1.3790545774105472, 
                1.2977834082338409, 
                1.2181704575265675, 
                1.1412827994217836, 
                1.0682766592203086, 
                1.000277059152296, 
                0.9382572928955657, 
                0.8829344151216695, 
                0.834693669850707, 
                0.793549520530718, 
                0.7591452847796958, 
                0.7307886587834418, 
                0.7075172918464827, 
                0.6881869106340477, 
                0.6715736473654252, 
                0.6564815086218727, 
                0.6418450563675361, 
                0.6268166975029064, 
                0.610828283089633, 
                0.5936188034612288, 
                0.5752241362864988, 
                0.555930566052955, 
                0.5361999066255223, 
                0.5165789489537607, 
                0.49760828990337996, 
                0.4797447712247669, 
                0.4633080897957209, 
                0.44845671511228014, 
                0.43519249657688197, 
                0.4233885557398143, 
                0.41283204845560645, 
                0.40327236600013355, 
                0.39446605784479427, 
                0.38621168605463113, 
                0.3783704147946811, 
                0.3708709413894181, 
                0.36370003357600683, 
                0.3568821527536068, 
                0.3504531394213167, 
                0.344433486910205, 
                0.3388062319258568, 
                0.3335030533651045, 
                0.32840013710203647, 
                0.3233232458323097, 
                0.3180597659808093, 
                0.31237467868132157, 
                0.3060275361799332, 
                0.29878842915603004, 
                0.2904521812239647, 
                0.28085109861069796, 
                0.26986712137234004, 
                0.25744398176001504, 
                0.24359907600678893, 
                0.22843354793849635, 
                0.21213804936776376, 
                0.19499124045514374, 
                0.1773486035381348, 
                0.1596205730247015, 
                0.1422410517149809, 
                0.12562959724450645, 
                0.11015235122854324, 
                0.09608765687267393, 
                0.08360198584237674, 
                0.07274027038924742, 
                0.06343229283337777, 
                0.05551392169103821, 
                0.04875931123524192, 
                0.0429182813765407, 
                0.03775238674736592, 
                0.03306381716533283, 
                0.02871307828106735, 
                0.02462392966027443, 
                0.02077668840357167, 
                0.01719312173784873, 
                0.013917306319779449, 
                0.010996867399001206
            ], 
            "incorrectMedian": 0.134860268158894, 
            "correct": [
                0.04674547803804858, 
                0.05556689693467279, 
                0.06400365025692784, 
                0.07150123640646786, 
                0.07757170260922265, 
                0.08187354386519352, 
                0.08427187728395275, 
                0.08486512767347991, 
                0.08397223341090362, 
                0.08208402149666982, 
                0.07979079415986727, 
                0.07770262219657055, 
                0.0763781660849727, 
                0.07627280570672482, 
                0.07770974181492799, 
                0.08087129963940545, 
                0.08580399632426022, 
                0.09243070398408924, 
                0.1005656952826956, 
                0.10993187161251754, 
                0.12018231303036878, 
                0.1309292316470195, 
                0.141782033700916, 
                0.15239288742428053, 
                0.16250401162720704, 
                0.17198734976154129, 
                0.18086598864302766, 
                0.1893088287525173, 
                0.19759582284699764, 
                0.2060593590411193, 
                0.21501551750196304, 
                0.22470381802607287, 
                0.23525317368353113, 
                0.24668441550457068, 
                0.2589477945775937, 
                0.271981265094582, 
                0.285766849961239, 
                0.30036168367473276, 
                0.31588846783076435, 
                0.33248479492489946, 
                0.3502270775100126, 
                0.3690565825470516, 
                0.388737421714557, 
                0.4088675724206048, 
                0.4289465067130874, 
                0.44848273183927545, 
                0.4671089537637125, 
                0.48466782582664036, 
                0.5012396969661328, 
                0.5171028323843204, 
                0.5326394918003114, 
                0.5482196370285605, 
                0.5641011751567587, 
                0.5803791140558718, 
                0.5969986100861019, 
                0.6138253695783875, 
                0.6307490815616884, 
                0.6477873300851105, 
                0.665160466538713, 
                0.6833196095702726, 
                0.7029249598548538, 
                0.724784431334034, 
                0.7497696669792743, 
                0.77872727856793, 
                0.8123996141819271, 
                0.8513645579250914, 
                0.8960002474234667, 
                0.9464789664288902, 
                1.0027939900437122, 
                1.0648221690798887, 
                1.1324221749440768, 
                1.2055632582733697, 
                1.2844728025087617, 
                1.3697839824744829, 
                1.4626582716660694, 
                1.5648516885484367, 
                1.678688915557644, 
                1.8069072501469474, 
                1.9523360590341456, 
                2.117391726485916, 
                2.303397281173299, 
                2.5097808376121393, 
                2.7332623790252235, 
                2.9671915074692716, 
                3.2012310751544986, 
                3.421573586128221, 
                3.6118155171103905, 
                3.7544991792035827, 
                3.8331802134439914, 
                3.8347260696213046, 
                3.7514411050292304, 
                3.582587808501636, 
                3.334952993987094, 
                3.0222847082852824, 
                2.6636604326224376, 
                2.2810783566832993, 
                1.8967267469745286, 
                1.5304364624351887, 
                1.1977480224940664, 
                0.9088546583045886
            ], 
            "correctMedian": 0.8529150001656057
        }
    }, 
    "confusion": {
        "totalRows": 1800, 
        "perActual": {
            "QUASAR": {
                "perPredicted": {
                    "QUASAR": 169, 
                    "STAR": 8, 
                    "GALAXY": 15
                }, 
                "actualClassCount": 192.0
            }, 
            "STAR": {
                "perPredicted": {
                    "QUASAR": 9, 
                    "STAR": 596, 
                    "GALAXY": 98
                }, 
                "actualClassCount": 703.0
            }, 
            "GALAXY": {
                "perPredicted": {
                    "QUASAR": 4, 
                    "STAR": 79, 
                    "GALAXY": 822
                }, 
                "actualClassCount": 905.0
            }
        }
    }, 
    "metrics": {
        "f1": 0.8857501454688155, 
        "mcalibrationLoss": 0.056786498861282085, 
        "recall": 0.87876359657855, 
        "precision": 0.8934455347425807, 
        "logLoss": 0.3456092963732575, 
        "mrocAUC": 0.9705485804392644, 
        "hammingLoss": 0.11833333333333333, 
        "accuracy": 0.8816666666666667
    }, 
    "oneVsAllRocAUC": {
        "QUASAR": 0.9812137230514097, 
        "STAR": 0.9616541168141225, 
        "GALAXY": 0.9585629186085989
    }, 
    "classes": [
        "GALAXY", 
        "STAR", 
        "QUASAR"
    ], 
    "globalMetrics": {
        "predictionAvg": [
            0.49019008853321655, 
            0.3926822520272703, 
            0.11712765943951323
        ], 
        "predictionStd": [
            0.34834609766003377, 
            0.32517143127583414, 
            0.26190157787510104
        ], 
        "targetStd": [
            0.5001312285328859, 
            0.48801047271659004, 
            0.3087747667588671
        ], 
        "targetAvg": [
            0.5027777777777778, 
            0.39055555555555554, 
            0.10666666666666667
        ], 
        "testWeight": 1800
    }, 
    "oneVsAllRocCurves": {
        "QUASAR": [
            {
                "y": 0.0, 
                "x": 0.0, 
                "p": 1.995049023878149
            }, 
            {
                "y": 0.4947916666666667, 
                "x": 0.0, 
                "p": 0.9314236983325925
            }, 
            {
                "y": 0.5833333333333334, 
                "x": 0.0006218905472636816, 
                "p": 0.8997869506209812
            }, 
            {
                "y": 0.6510416666666666, 
                "x": 0.0018656716417910447, 
                "p": 0.8561055571187179
            }, 
            {
                "y": 0.7552083333333334, 
                "x": 0.0024875621890547263, 
                "p": 0.7758640288952257
            }, 
            {
                "y": 0.828125, 
                "x": 0.004975124378109453, 
                "p": 0.6509098175035142
            }, 
            {
                "y": 0.8854166666666666, 
                "x": 0.008706467661691543, 
                "p": 0.365640546784528
            }, 
            {
                "y": 0.9270833333333334, 
                "x": 0.021766169154228857, 
                "p": 0.19561338169174025
            }, 
            {
                "y": 0.9479166666666666, 
                "x": 0.0740049751243781, 
                "p": 0.08388458749424978
            }, 
            {
                "y": 0.953125, 
                "x": 0.15236318407960198, 
                "p": 0.04595858124729247
            }, 
            {
                "y": 0.9739583333333334, 
                "x": 0.30223880597014924, 
                "p": 0.02918807961890511
            }, 
            {
                "y": 0.9791666666666666, 
                "x": 0.4284825870646766, 
                "p": 0.022192953314406058
            }, 
            {
                "y": 0.9947916666666666, 
                "x": 0.4670398009950249, 
                "p": 0.02058550429104635
            }, 
            {
                "y": 0.9947916666666666, 
                "x": 0.5671641791044776, 
                "p": 0.017820793106503564
            }, 
            {
                "y": 0.9947916666666666, 
                "x": 0.7587064676616916, 
                "p": 0.01221140360947329
            }, 
            {
                "y": 1.0, 
                "x": 0.8084577114427861, 
                "p": 0.010010696387464525
            }, 
            {
                "y": 1.0, 
                "x": 0.9415422885572139, 
                "p": 0.0018385094162478798
            }, 
            {
                "y": 1.0, 
                "x": 1.0, 
                "p": 0.0
            }
        ], 
        "STAR": [
            {
                "y": 0.0, 
                "x": 0.0, 
                "p": 1.98438685593475
            }, 
            {
                "y": 0.14366998577524892, 
                "x": 0.0009115770282588879, 
                "p": 0.9237958798761471
            }, 
            {
                "y": 0.1934566145092461, 
                "x": 0.0018231540565177757, 
                "p": 0.908197885643411
            }, 
            {
                "y": 0.2603129445234708, 
                "x": 0.0036463081130355514, 
                "p": 0.8775930717431458
            }, 
            {
                "y": 0.33001422475106684, 
                "x": 0.004557885141294439, 
                "p": 0.8510213059032911
            }, 
            {
                "y": 0.4238975817923186, 
                "x": 0.0054694621695533276, 
                "p": 0.8196388024679496
            }, 
            {
                "y": 0.5633001422475107, 
                "x": 0.007292616226071103, 
                "p": 0.7606398704725299
            }, 
            {
                "y": 0.6102418207681366, 
                "x": 0.010938924339106655, 
                "p": 0.7414084584809555
            }, 
            {
                "y": 0.6543385490753911, 
                "x": 0.01731996353691887, 
                "p": 0.7064676373242882
            }, 
            {
                "y": 0.705547652916074, 
                "x": 0.020966271649954422, 
                "p": 0.6668825426799863
            }, 
            {
                "y": 0.748221906116643, 
                "x": 0.0300820419325433, 
                "p": 0.6241325945147542
            }, 
            {
                "y": 0.7937411095305832, 
                "x": 0.044667274384685506, 
                "p": 0.5682544532819399
            }, 
            {
                "y": 0.829302987197724, 
                "x": 0.0601640838650866, 
                "p": 0.5228323502799953
            }, 
            {
                "y": 0.8577524893314367, 
                "x": 0.08386508659981769, 
                "p": 0.47300577692150825
            }, 
            {
                "y": 0.887624466571835, 
                "x": 0.1048313582497721, 
                "p": 0.41643350117785877
            }, 
            {
                "y": 0.9160739687055477, 
                "x": 0.12944393801276208, 
                "p": 0.3678711512880342
            }, 
            {
                "y": 0.9317211948790897, 
                "x": 0.1640838650865998, 
                "p": 0.32374981036157124
            }, 
            {
                "y": 0.9473684210526315, 
                "x": 0.19963536918869645, 
                "p": 0.28217132762891617
            }, 
            {
                "y": 0.9601706970128022, 
                "x": 0.23883318140382861, 
                "p": 0.2478164446313392
            }, 
            {
                "y": 0.9758179231863442, 
                "x": 0.27438468550592526, 
                "p": 0.21945581270475656
            }, 
            {
                "y": 0.984352773826458, 
                "x": 0.3299908842297174, 
                "p": 0.18924328771639004
            }, 
            {
                "y": 0.9928876244665719, 
                "x": 0.41385597082953507, 
                "p": 0.14546280648502685
            }, 
            {
                "y": 0.9971550497866287, 
                "x": 0.6645396536007293, 
                "p": 0.07638191563887364
            }, 
            {
                "y": 0.9985775248933144, 
                "x": 0.7775752051048314, 
                "p": 0.05755740516229465
            }, 
            {
                "y": 1.0, 
                "x": 1.0, 
                "p": 0.0035345266420807953
            }
        ], 
        "GALAXY": [
            {
                "y": 0.0, 
                "x": 0.0, 
                "p": 1.9841379005096562
            }, 
            {
                "y": 0.15138121546961325, 
                "x": 0.0011173184357541898, 
                "p": 0.9231518814789448
            }, 
            {
                "y": 0.4740331491712707, 
                "x": 0.0033519553072625698, 
                "p": 0.861602808166325
            }, 
            {
                "y": 0.5513812154696133, 
                "x": 0.00558659217877095, 
                "p": 0.8317249196398038
            }, 
            {
                "y": 0.6, 
                "x": 0.00782122905027933, 
                "p": 0.8093724663720383
            }, 
            {
                "y": 0.6475138121546962, 
                "x": 0.01452513966480447, 
                "p": 0.78359155629818
            }, 
            {
                "y": 0.6950276243093922, 
                "x": 0.02346368715083799, 
                "p": 0.7514581974562637
            }, 
            {
                "y": 0.7392265193370166, 
                "x": 0.0335195530726257, 
                "p": 0.7191003216388183
            }, 
            {
                "y": 0.7779005524861878, 
                "x": 0.04581005586592179, 
                "p": 0.6800769612308304
            }, 
            {
                "y": 0.8154696132596685, 
                "x": 0.060335195530726256, 
                "p": 0.6339259727630405
            }, 
            {
                "y": 0.8475138121546961, 
                "x": 0.08044692737430167, 
                "p": 0.5809383714228524
            }, 
            {
                "y": 0.881767955801105, 
                "x": 0.09720670391061452, 
                "p": 0.5333542501510457
            }, 
            {
                "y": 0.907182320441989, 
                "x": 0.12290502793296089, 
                "p": 0.4795891659887269
            }, 
            {
                "y": 0.9314917127071823, 
                "x": 0.15418994413407822, 
                "p": 0.42433539717390695
            }, 
            {
                "y": 0.9502762430939227, 
                "x": 0.18659217877094972, 
                "p": 0.3708371419164505
            }, 
            {
                "y": 0.96353591160221, 
                "x": 0.2324022346368715, 
                "p": 0.31045772873156136
            }, 
            {
                "y": 0.9734806629834254, 
                "x": 0.2759776536312849, 
                "p": 0.26372053046834315
            }, 
            {
                "y": 0.980110497237569, 
                "x": 0.3307262569832402, 
                "p": 0.22346411610575867
            }, 
            {
                "y": 0.9845303867403314, 
                "x": 0.38324022346368714, 
                "p": 0.19440349507161298
            }, 
            {
                "y": 0.9867403314917127, 
                "x": 0.4681564245810056, 
                "p": 0.14808854047254888
            }, 
            {
                "y": 0.988950276243094, 
                "x": 0.5307262569832403, 
                "p": 0.12240692825685391
            }, 
            {
                "y": 0.9900552486187846, 
                "x": 0.6502793296089385, 
                "p": 0.07303031571194414
            }, 
            {
                "y": 0.9955801104972376, 
                "x": 0.7027932960893855, 
                "p": 0.05426641882824343
            }, 
            {
                "y": 0.9977900552486187, 
                "x": 0.788826815642458, 
                "p": 0.028485068045306455
            }, 
            {
                "y": 1.0, 
                "x": 1.0, 
                "p": 0.0
            }
        ]
    }, 
    "processed_feature_names": [
        "A", 
        "B", 
        "C", 
        "D", 
        "E", 
        "F", 
        "G", 
        "H", 
        "I", 
        "J", 
        "camcol", 
        "dec", 
        "field", 
        "g", 
        "i", 
        "r", 
        "ra", 
        "run", 
        "u", 
        "z"
    ]
}