{
    "oneVsAllCalibrationCurves": {
        "QUASAR": [
            {
                "y": 0, 
                "x": 0, 
                "n": 0
            }, 
            {
                "y": 0.007175472928897586, 
                "x": 0.02325063167376631, 
                "n": 1533.0
            }, 
            {
                "y": 0.12727272727272726, 
                "x": 0.13391130087032488, 
                "n": 55.0
            }, 
            {
                "y": 0.1875, 
                "x": 0.25022772393249915, 
                "n": 16.0
            }, 
            {
                "y": 0.2, 
                "x": 0.35323408684405605, 
                "n": 10.0
            }, 
            {
                "y": 0.42857142857142855, 
                "x": 0.4417131543931701, 
                "n": 7.0
            }, 
            {
                "y": 0.6, 
                "x": 0.5567043664592995, 
                "n": 10.0
            }, 
            {
                "y": 0.9230769230769231, 
                "x": 0.6670772858108069, 
                "n": 13.0
            }, 
            {
                "y": 0.75, 
                "x": 0.7543577255694562, 
                "n": 20.0
            }, 
            {
                "y": 0.9545454545454546, 
                "x": 0.843472898762247, 
                "n": 22.0
            }, 
            {
                "y": 0.9912280701754386, 
                "x": 0.9631127919499196, 
                "n": 114.0
            }, 
            {
                "y": 1, 
                "x": 1, 
                "n": 0
            }
        ], 
        "STAR": [
            {
                "y": 0, 
                "x": 0, 
                "n": 0
            }, 
            {
                "y": 0.003816793893129771, 
                "x": 0.0567286407509605, 
                "n": 524.0
            }, 
            {
                "y": 0.03137254901960784, 
                "x": 0.144435224662832, 
                "n": 255.0
            }, 
            {
                "y": 0.09941520467836257, 
                "x": 0.24620478308779706, 
                "n": 171.0
            }, 
            {
                "y": 0.2831858407079646, 
                "x": 0.34341868609822507, 
                "n": 113.0
            }, 
            {
                "y": 0.40229885057471265, 
                "x": 0.4453473562070524, 
                "n": 87.0
            }, 
            {
                "y": 0.6486486486486487, 
                "x": 0.5494035718528111, 
                "n": 74.0
            }, 
            {
                "y": 0.78, 
                "x": 0.6527974220383946, 
                "n": 100.0
            }, 
            {
                "y": 0.8904109589041096, 
                "x": 0.7492600724261232, 
                "n": 146.0
            }, 
            {
                "y": 0.9682539682539683, 
                "x": 0.8539373699676623, 
                "n": 189.0
            }, 
            {
                "y": 0.9929078014184397, 
                "x": 0.9373217971513544, 
                "n": 141.0
            }, 
            {
                "y": 1, 
                "x": 1, 
                "n": 0
            }
        ], 
        "GALAXY": [
            {
                "y": 0, 
                "x": 0, 
                "n": 0
            }, 
            {
                "y": 0.00804289544235925, 
                "x": 0.03414618386614813, 
                "n": 373.0
            }, 
            {
                "y": 0.07936507936507936, 
                "x": 0.14555942648561074, 
                "n": 189.0
            }, 
            {
                "y": 0.13513513513513514, 
                "x": 0.24770722779128582, 
                "n": 148.0
            }, 
            {
                "y": 0.21518987341772153, 
                "x": 0.3488539988125338, 
                "n": 79.0
            }, 
            {
                "y": 0.4117647058823529, 
                "x": 0.45008828397278466, 
                "n": 68.0
            }, 
            {
                "y": 0.6355140186915887, 
                "x": 0.5524130326974749, 
                "n": 107.0
            }, 
            {
                "y": 0.7523809523809524, 
                "x": 0.6538287385809848, 
                "n": 105.0
            }, 
            {
                "y": 0.9013157894736842, 
                "x": 0.7504390516947497, 
                "n": 152.0
            }, 
            {
                "y": 0.9704918032786886, 
                "x": 0.8620460758758228, 
                "n": 305.0
            }, 
            {
                "y": 0.9890510948905109, 
                "x": 0.9261619254154956, 
                "n": 274.0
            }, 
            {
                "y": 1, 
                "x": 1, 
                "n": 0
            }
        ]
    }, 
    "oneVsAllCalibrationLoss": {
        "QUASAR": 0.020629533617810957, 
        "STAR": 0.09018068114014506, 
        "GALAXY": 0.08030779361338701
    }, 
    "densityData": {
        "QUASAR": {
            "incorrect": [
                11.416793696076132, 
                14.968038625085967, 
                15.736387394042023, 
                13.547902477647273, 
                9.861509132051829, 
                6.3912382630955165, 
                3.9712373600702238, 
                2.5435342652227497, 
                1.7276808779326944, 
                1.2245381461099434, 
                0.8912715940360376, 
                0.6685056040220433, 
                0.5178425999772415, 
                0.4071248209412393, 
                0.3158784175692443, 
                0.23912147909461381, 
                0.18229244820654328, 
                0.1486524972231902, 
                0.13203495439764168, 
                0.12167820586279252, 
                0.11121245542254302, 
                0.10160675674155496, 
                0.09498101119555831, 
                0.08928596594903805, 
                0.08289940242894443, 
                0.07832491045564625, 
                0.07627458641563016, 
                0.07231963106972468, 
                0.06322545373048409, 
                0.05183036801577476, 
                0.0434880584963045, 
                0.040686025385556955, 
                0.042587184940660654, 
                0.04795425202961226, 
                0.055666065602234645, 
                0.06250051009979443, 
                0.06393164425421691, 
                0.058198738770281956, 
                0.04790589267342264, 
                0.037886423759439986, 
                0.03222196150615889, 
                0.03148297998283027, 
                0.0317815258342315, 
                0.02892940987723571, 
                0.024025798884293403, 
                0.02189079529518278, 
                0.024438690295585902, 
                0.02882924322015155, 
                0.031335526747404814, 
                0.03041017458188014, 
                0.02683716641233467, 
                0.02279940660769248, 
                0.020008152628858984, 
                0.018065770582994606, 
                0.016114677517432268, 
                0.015514557765952576, 
                0.018216086186891932, 
                0.022912196996180356, 
                0.025311696574795144, 
                0.022462272317283392, 
                0.015577307288793973, 
                0.008494821632589328, 
                0.004337800810594386, 
                0.0041300161416021755, 
                0.007331872209382582, 
                0.012086755356996522, 
                0.01578253467677907, 
                0.017225394327830535, 
                0.01743009102249695, 
                0.01708838889473022, 
                0.015508913376902906, 
                0.01336695214097765, 
                0.01370672676570436, 
                0.01872251194871035, 
                0.02720003724779848, 
                0.03546656385430458, 
                0.039718359079108936, 
                0.038065751510271854, 
                0.031439703221796685, 
                0.022471386256382567, 
                0.014048007422985953, 
                0.008822217267947035, 
                0.00823748829071599, 
                0.011090353641932407, 
                0.013819514383891618, 
                0.013571328614130473, 
                0.01123199194204924, 
                0.010188618947677386, 
                0.011889566657824528, 
                0.013924168476483416, 
                0.013067675075950594, 
                0.009143705463475205, 
                0.004692258333599901, 
                0.0017598475889203141, 
                0.00048205006375324946, 
                9.64205605917829e-05, 
                1.4082979687847816e-05, 
                1.5019800898421545e-06, 
                1.1697093810801321e-07, 
                6.651748683411953e-09
            ], 
            "incorrectMedian": 0.020083883635521736, 
            "correct": [
                0.2582673044968376, 
                0.27139897839866606, 
                0.28325929937269345, 
                0.29367991357949697, 
                0.30252409854469264, 
                0.30969061876065046, 
                0.3151162335762524, 
                0.3187767819022204, 
                0.32068684031235445, 
                0.3208980195394187, 
                0.3194960255173285, 
                0.3165966622622935, 
                0.31234099318804043, 
                0.30688990394516774, 
                0.3004183233266959, 
                0.29310935954469125, 
                0.28514859806950954, 
                0.27671878541222744, 
                0.267995092214857, 
                0.2591411105789235, 
                0.2503056967830027, 
                0.24162072374505675, 
                0.2331997603007306, 
                0.22513764919457008, 
                0.21751091512283427, 
                0.21037890043050367, 
                0.2037855008477106, 
                0.1977613579599811, 
                0.19232635914842566, 
                0.18749229889418112, 
                0.1832655662616052, 
                0.1796497401443388, 
                0.17664799426024688, 
                0.17426523567892765, 
                0.17250992187893868, 
                0.1713955204562666, 
                0.17094159174329607, 
                0.17117448748468517, 
                0.17212766864685863, 
                0.1738416531056432, 
                0.17636361025311365, 
                0.1797466253700094, 
                0.18404866261944344, 
                0.1893312621334742, 
                0.1956580139665209, 
                0.2030928594826368, 
                0.21169827865622257, 
                0.22153342937737436, 
                0.23265231180575668, 
                0.24510203688619386, 
                0.2589212832392061, 
                0.2741390307631315, 
                0.29077366238566243, 
                0.30883252725453886, 
                0.32831205871436925, 
                0.3491985377224956, 
                0.3714695855227734, 
                0.39509645666979887, 
                0.42004718292059406, 
                0.4462905881594577, 
                0.47380115278622137, 
                0.5025646518962728, 
                0.532584425057727, 
                0.5638880576871362, 
                0.59653416749179, 
                0.6306188983002413, 
                0.6662816336001941, 
                0.7037093606251839, 
                0.7431390517439604, 
                0.7848573932619851, 
                0.8291971932770881, 
                0.8765298506037625, 
                0.9272533755542048, 
                0.9817756277061827, 
                1.0404926789785043, 
                1.1037625202102797, 
                1.1718746969598577, 
                1.2450168684428655, 
                1.3232397071468724, 
                1.406421962650715, 
                1.49423786237278, 
                1.5861292719163798, 
                1.681285146557535, 
                1.7786307368027081, 
                1.8768287388934295, 
                1.9742940950449241, 
                2.0692234566807173, 
                2.1596394570288435, 
                2.243448948730158, 
                2.31851331810634, 
                2.38272797484621, 
                2.4341072249998317, 
                2.470870054763404, 
                2.4915219589665734, 
                2.4949278966628357, 
                2.480371773435098, 
                2.447598529416649, 
                2.396835912656579, 
                2.3287942666593255, 
                2.2446440606309404
            ], 
            "correctMedian": 0.9339859684353219
        }, 
        "STAR": {
            "incorrect": [
                1.9680187537843732, 
                2.4219744244012946, 
                2.8772051938281247, 
                3.302827123614195, 
                3.6677766477987106, 
                3.9452738533377563, 
                4.116888646015696, 
                4.175295731426957, 
                4.125064225248405, 
                3.981305281276204, 
                3.766553527027798, 
                3.5066965063319335, 
                3.22693718979861, 
                2.94863202563704, 
                2.6874735474506135, 
                2.4530484765677665, 
                2.249464804159754, 
                2.07659373178696, 
                1.9315029932045265, 
                1.8097865458690452, 
                1.7066329473174133, 
                1.617571139492006, 
                1.5388871026181634, 
                1.467742367239616, 
                1.4020632797707906, 
                1.340303699207257, 
                1.2811955545459, 
                1.2235800981514968, 
                1.166365249717264, 
                1.1086025197777698, 
                1.0496401847434422, 
                0.9892935523319095, 
                0.9279719978561644, 
                0.8667087303792302, 
                0.8070538329860159, 
                0.75082074456437, 
                0.6997223386737625, 
                0.6549820359869197, 
                0.6170336565017148, 
                0.5854102040209909, 
                0.5588647746950821, 
                0.5356878621327776, 
                0.514118571181572, 
                0.492720825298778, 
                0.47061785497719766, 
                0.44753576366104925, 
                0.42367421655496323, 
                0.39947449175904326, 
                0.37537743058334333, 
                0.35165383889852275, 
                0.3283552530949087, 
                0.3053870980700354, 
                0.28266410773552914, 
                0.26028211413991575, 
                0.23863787339471845, 
                0.21844867890868447, 
                0.20065809065177814, 
                0.18625108519404956, 
                0.17602954876583507, 
                0.1704096407571436, 
                0.16929443364717955, 
                0.1720523945341517, 
                0.17760272048585113, 
                0.18458165532220186, 
                0.19154745740188184, 
                0.19717921648289302, 
                0.20043451404822404, 
                0.200647154104751, 
                0.19756195416943356, 
                0.19131419884136897, 
                0.18236601997586338, 
                0.17141291031381858, 
                0.15927359701692673, 
                0.14677680360086012, 
                0.13465828882833009, 
                0.12347970041644482, 
                0.11357703889232873, 
                0.10504215321006623, 
                0.09773722069427644, 
                0.09133991674981809, 
                0.08541472996047096, 
                0.0795021300419269, 
                0.07321209135240131, 
                0.06630410542844986, 
                0.05873563624816566, 
                0.05066703540022389, 
                0.0424221744506517, 
                0.03441638939201919, 
                0.027071741191399795, 
                0.02074081576337158, 
                0.015654483619750862, 
                0.011899491795060651, 
                0.00942289457839744, 
                0.008055375467504542, 
                0.007545107619636877, 
                0.007596176350851413, 
                0.007908042033829431, 
                0.008213193104540587, 
                0.008309036430114932, 
                0.008078816356544812
            ], 
            "incorrectMedian": 0.11303938046876834, 
            "correct": [
                0.011141754644102973, 
                0.01538907086900003, 
                0.020671814531247928, 
                0.02702388981583041, 
                0.034410332170597906, 
                0.042722755766071215, 
                0.05178722782611504, 
                0.06138537378958074, 
                0.07128633333623556, 
                0.08128400332330121, 
                0.09123181226956087, 
                0.10106693011531696, 
                0.1108177179728129, 
                0.12059207806621605, 
                0.13054921631824676, 
                0.1408618028460796, 
                0.1516782366398845, 
                0.16309477100136874, 
                0.17514448940751434, 
                0.1878052410756422, 
                0.20102301793834268, 
                0.2147425189910572, 
                0.22893424407406804, 
                0.24360820797218982, 
                0.2588082099887609, 
                0.27458656709630436, 
                0.2909656578147267, 
                0.30789759592473015, 
                0.3252352033425541, 
                0.3427253388438206, 
                0.36002989001611735, 
                0.376771867871765, 
                0.3925963962909455, 
                0.407231423666323, 
                0.4205324634896394, 
                0.4324999954612357, 
                0.4432661340047218, 
                0.4530563212671711, 
                0.4621391636887358, 
                0.47078066144565256, 
                0.4792169157659007, 
                0.48765265414021014, 
                0.49628385294650273, 
                0.5053344026066676, 
                0.5150919203779228, 
                0.5259280164222687, 
                0.5382933750365785, 
                0.5526861162324735, 
                0.5696002944354192, 
                0.5894673463999828, 
                0.6126050608236673, 
                0.639185958921562, 
                0.6692310860503029, 
                0.7026282894545982, 
                0.739168350422581, 
                0.7785893822956905, 
                0.8206200487586813, 
                0.8650146091840235, 
                0.9115761182595219, 
                0.9601669072126102, 
                1.0107070203191533, 
                1.063161732808068, 
                1.1175194648090636, 
                1.1737622639121779, 
                1.2318329643436723, 
                1.2916056611973483, 
                1.3528679991813757, 
                1.4153234904362202, 
                1.4786187380824576, 
                1.5423943267984086, 
                1.606350820984412, 
                1.6703151579107063, 
                1.73428998881682, 
                1.7984703897222512, 
                1.8632184256406301, 
                1.9289944492036164, 
                1.9962522071107927, 
                2.065310626116994, 
                2.1362175433297694, 
                2.2086200530227473, 
                2.281654008549317, 
                2.353863180783158, 
                2.4231576268389934, 
                2.4868208638586715, 
                2.5415753927712954, 
                2.583714488630439, 
                2.6093037902558778, 
                2.614448749766779, 
                2.595614117522019, 
                2.5499708398919134, 
                2.475736000815605, 
                2.372464815158987, 
                2.241252076440936, 
                2.0848053190918368, 
                1.907363922439571, 
                1.7144568738638355, 
                1.5125147490164144, 
                1.3083748958307475, 
                1.1087380480885691, 
                0.9196449919014126
            ], 
            "correctMedian": 0.7906647524098659
        }, 
        "GALAXY": {
            "incorrect": [
                2.482662857325371, 
                2.6936445109771094, 
                2.8571931479884483, 
                2.9678829089784062, 
                3.0247501908239274, 
                3.031015844402467, 
                2.9932532075580034, 
                2.9202101669583063, 
                2.8215358156692343, 
                2.7066398300995, 
                2.5838408628937883, 
                2.4598667448102565, 
                2.3396833580169374, 
                2.2265718329790802, 
                2.1223530857606403, 
                2.0276695971037375, 
                1.942263523811195, 
                1.865222822933113, 
                1.7951919027926257, 
                1.7305556213662487, 
                1.669606424294943, 
                1.6106987214974031, 
                1.5523874173453038, 
                1.4935424082557103, 
                1.4334291785263256, 
                1.3717470471315505, 
                1.3086202420097846, 
                1.2445420674380527, 
                1.1802785029985343, 
                1.1167439900495473, 
                1.0548677110910327, 
                0.9954716123881256, 
                0.9391801312026187, 
                0.886375449258764, 
                0.8372021365131862, 
                0.7916138799048634, 
                0.7494459290743025, 
                0.7104926807827636, 
                0.6745715302644706, 
                0.6415607181891564, 
                0.6114077658053243, 
                0.5841131045053635, 
                0.5596983165008925, 
                0.538169235187978, 
                0.5194818843506325, 
                0.5035157636909559, 
                0.4900562390291936, 
                0.4787868265856375, 
                0.46929276028887607, 
                0.4610781530438967, 
                0.4535987608401106, 
                0.4463098648281984, 
                0.43872432626062935, 
                0.43047091672692933, 
                0.4213397547029765, 
                0.4113020252363896, 
                0.4004958980836771, 
                0.38917880398767835, 
                0.37765559392115305, 
                0.36619950717079197, 
                0.35498566053935554, 
                0.3440537491883233, 
                0.33330858386563234, 
                0.3225564740403391, 
                0.3115656551701814, 
                0.30013298375681924, 
                0.2881386619890219, 
                0.27557561269358966, 
                0.26254842260589956, 
                0.24924569162015456, 
                0.23589643265362228, 
                0.22272408901769086, 
                0.2099104152121291, 
                0.1975768761299733, 
                0.1857851595692294, 
                0.17455281346948698, 
                0.1638764031606495, 
                0.1537536283446464, 
                0.1441974003104049, 
                0.13523817257480436, 
                0.12691473478806323, 
                0.11925711390654964, 
                0.11226733432156032, 
                0.10590415159445894, 
                0.10007655524554426, 
                0.09464832403361643, 
                0.0894529755453204, 
                0.08431589695772308, 
                0.07907891339198854, 
                0.07362233283848009, 
                0.0678804891034462, 
                0.06184855461255092, 
                0.05558034266688397, 
                0.049178456675162525, 
                0.042779171911990925, 
                0.03653480000473895, 
                0.03059612128287302, 
                0.025096985593591584, 
                0.020142564264834555, 
                0.015802097047769092
            ], 
            "incorrectMedian": 0.1259384335770662, 
            "correct": [
                0.021700643293415502, 
                0.024761081208032765, 
                0.02793257853723186, 
                0.03136834614921983, 
                0.0353010116590936, 
                0.040018003592369365, 
                0.04582155073719954, 
                0.05297907544171926, 
                0.06167176829952931, 
                0.07194989298408251, 
                0.08370295164746136, 
                0.09665127828091102, 
                0.11036287483476519, 
                0.12429542031888591, 
                0.13785878974222884, 
                0.1504890097322449, 
                0.16172150895535506, 
                0.17125077750715947, 
                0.17896551013799566, 
                0.18495258638224668, 
                0.18946886493869144, 
                0.1928855703234017, 
                0.19561500014604855, 
                0.1980326311075319, 
                0.20040893561888692, 
                0.20286401183482805, 
                0.20535442500239454, 
                0.20769586494291573, 
                0.20961831873525227, 
                0.21084384325952685, 
                0.21117214873188161, 
                0.21055713158459605, 
                0.20915863958398218, 
                0.20735790764153564, 
                0.20573162309425724, 
                0.20498752011906493, 
                0.20587251987921878, 
                0.20907113421776982, 
                0.21511533305868893, 
                0.22432579541312883, 
                0.23679784832792344, 
                0.2524344535426423, 
                0.27101600478243926, 
                0.29228615092398474, 
                0.31602785227913593, 
                0.3421063545712939, 
                0.3704653013225253, 
                0.40107608274887796, 
                0.43385469032107343, 
                0.4685708250723379, 
                0.5047780734080615, 
                0.54179073030287, 
                0.5787231533721234, 
                0.6145934391306577, 
                0.6484775239047005, 
                0.6796857245423483, 
                0.7079245421346729, 
                0.7334051065288136, 
                0.756867481769761, 
                0.7795064903043375, 
                0.8028063939770406, 
                0.8283132464105101, 
                0.8573890776840775, 
                0.8909969819490927, 
                0.9295595995130038, 
                0.9729179453303682, 
                1.0203979537820962, 
                1.0709736840254909, 
                1.1235024075985434, 
                1.1769988596824663, 
                1.2309129229294873, 
                1.2853754386769358, 
                1.3413796866805403, 
                1.4008710394210073, 
                1.4667242291765892, 
                1.5425958612561932, 
                1.6326479350221068, 
                1.7411450770591668, 
                1.871934335536221, 
                2.0278244141552593, 
                2.2098954804380457, 
                2.4167948190203203, 
                2.6441072057945836, 
                2.883924678367621, 
                3.1247639377875656, 
                3.351972876110766, 
                3.5487160950075247, 
                3.6975299888769966, 
                3.782305863594761, 
                3.7904267550137014, 
                3.7146914042485557, 
                3.554643928175234, 
                3.3170076252185323, 
                3.0150853129439623, 
                2.667198219903853, 
                2.2944357684155485, 
                1.918125592590864, 
                1.557471407892285, 
                1.2277400308084754, 
                0.9392322278214478
            ], 
            "correctMedian": 0.8504175851908682
        }
    }, 
    "confusion": {
        "totalRows": 1800, 
        "perActual": {
            "QUASAR": {
                "perPredicted": {
                    "QUASAR": 168, 
                    "STAR": 8, 
                    "GALAXY": 17
                }, 
                "actualClassCount": 193.0
            }, 
            "STAR": {
                "perPredicted": {
                    "QUASAR": 10, 
                    "STAR": 582, 
                    "GALAXY": 81
                }, 
                "actualClassCount": 673.0
            }, 
            "GALAXY": {
                "perPredicted": {
                    "QUASAR": 6, 
                    "STAR": 68, 
                    "GALAXY": 860
                }, 
                "actualClassCount": 934.0
            }
        }
    }, 
    "metrics": {
        "f1": 0.8916226738968261, 
        "mcalibrationLoss": 0.06370600279044768, 
        "recall": 0.8853405819977326, 
        "precision": 0.8984151691881911, 
        "logLoss": 0.340445860595939, 
        "mrocAUC": 0.9690435179625645, 
        "hammingLoss": 0.10555555555555556, 
        "accuracy": 0.8944444444444445
    }, 
    "oneVsAllRocAUC": {
        "QUASAR": 0.9723618495507027, 
        "STAR": 0.9660923093961404, 
        "GALAXY": 0.9612657076024549
    }, 
    "classes": [
        "GALAXY", 
        "STAR", 
        "QUASAR"
    ], 
    "globalMetrics": {
        "predictionAvg": [
            0.4964404254058391, 
            0.38616302938169017, 
            0.11739654521247067
        ], 
        "predictionStd": [
            0.349171364414746, 
            0.32444629907252254, 
            0.26144673281869707
        ], 
        "targetStd": [
            0.4997819300874131, 
            0.4839691242970008, 
            0.30948154669351174
        ], 
        "targetAvg": [
            0.5188888888888888, 
            0.3738888888888889, 
            0.10722222222222222
        ], 
        "testWeight": 1800
    }, 
    "oneVsAllRocCurves": {
        "QUASAR": [
            {
                "y": 0.0, 
                "x": 0.0, 
                "p": 1.9929654807331834
            }, 
            {
                "y": 0.5803108808290155, 
                "x": 0.0, 
                "p": 0.9037313803642165
            }, 
            {
                "y": 0.694300518134715, 
                "x": 0.0012445550715619166, 
                "p": 0.8025930400737661
            }, 
            {
                "y": 0.7461139896373057, 
                "x": 0.0031113876789047915, 
                "p": 0.7487769523121324
            }, 
            {
                "y": 0.8082901554404145, 
                "x": 0.0043559427504667085, 
                "p": 0.6694223800222001
            }, 
            {
                "y": 0.8601036269430051, 
                "x": 0.006222775357809583, 
                "p": 0.5445788864271854
            }, 
            {
                "y": 0.9015544041450777, 
                "x": 0.016179215930304917, 
                "p": 0.27239784454055865
            }, 
            {
                "y": 0.927461139896373, 
                "x": 0.04169259489732421, 
                "p": 0.11824139781905235
            }, 
            {
                "y": 0.9533678756476683, 
                "x": 0.089607965152458, 
                "p": 0.07237641692104614
            }, 
            {
                "y": 0.9585492227979274, 
                "x": 0.2756689483509645, 
                "p": 0.030863874984669974
            }, 
            {
                "y": 0.9637305699481865, 
                "x": 0.3621655258245177, 
                "p": 0.025780228172272563
            }, 
            {
                "y": 0.9740932642487047, 
                "x": 0.5189794648413192, 
                "p": 0.019537926434221312
            }, 
            {
                "y": 0.9844559585492227, 
                "x": 0.7927815805849409, 
                "p": 0.009338683527047639
            }, 
            {
                "y": 0.9948186528497409, 
                "x": 0.9209707529558183, 
                "p": 0.0021759164058776388
            }, 
            {
                "y": 1.0, 
                "x": 0.9663970130678282, 
                "p": 0.0006259727190340925
            }, 
            {
                "y": 1.0, 
                "x": 1.0, 
                "p": 0.0
            }
        ], 
        "STAR": [
            {
                "y": 0.0, 
                "x": 0.0, 
                "p": 1.9921706510681587
            }, 
            {
                "y": 0.3164933135215453, 
                "x": 0.0008873114463176575, 
                "p": 0.8664173665746917
            }, 
            {
                "y": 0.3818722139673105, 
                "x": 0.001774622892635315, 
                "p": 0.8434410240605529
            }, 
            {
                "y": 0.4561664190193165, 
                "x": 0.005323868677905945, 
                "p": 0.8123573681818559
            }, 
            {
                "y": 0.5334323922734027, 
                "x": 0.007985803016858917, 
                "p": 0.7732945191455756
            }, 
            {
                "y": 0.5943536404160475, 
                "x": 0.011535048802129548, 
                "p": 0.7407850507395325
            }, 
            {
                "y": 0.6552748885586924, 
                "x": 0.015971606033717833, 
                "p": 0.7098361061896131
            }, 
            {
                "y": 0.7043090638930164, 
                "x": 0.023957409050576754, 
                "p": 0.6772018704847135
            }, 
            {
                "y": 0.7459138187221397, 
                "x": 0.032830523513753325, 
                "p": 0.6397624692433892
            }, 
            {
                "y": 0.8008915304606241, 
                "x": 0.03992901508429459, 
                "p": 0.5892075654649956
            }, 
            {
                "y": 0.8424962852897474, 
                "x": 0.048802129547471165, 
                "p": 0.5366810550038806
            }, 
            {
                "y": 0.8736998514115899, 
                "x": 0.06832298136645963, 
                "p": 0.4795546278342133
            }, 
            {
                "y": 0.9004457652303121, 
                "x": 0.09228039041703638, 
                "p": 0.4265469366856501
            }, 
            {
                "y": 0.924219910846954, 
                "x": 0.1188997338065661, 
                "p": 0.3750248550352884
            }, 
            {
                "y": 0.9465081723625557, 
                "x": 0.1481810115350488, 
                "p": 0.33235193730888113
            }, 
            {
                "y": 0.9598811292719168, 
                "x": 0.18722271517302574, 
                "p": 0.29359617814038236
            }, 
            {
                "y": 0.9673105497771174, 
                "x": 0.23513753327417924, 
                "p": 0.25754724490726183
            }, 
            {
                "y": 0.9791976225854383, 
                "x": 0.3025732031943212, 
                "p": 0.21065740752620873
            }, 
            {
                "y": 0.9881129271916791, 
                "x": 0.37888198757763975, 
                "p": 0.16337693774098264
            }, 
            {
                "y": 0.9910846953937593, 
                "x": 0.4835847382431233, 
                "p": 0.12175605700365788
            }, 
            {
                "y": 0.9970282317979198, 
                "x": 0.5563442768411713, 
                "p": 0.09527662518497591
            }, 
            {
                "y": 1.0, 
                "x": 1.0, 
                "p": 0.004723983085012533
            }
        ], 
        "GALAXY": [
            {
                "y": 0.0, 
                "x": 0.0, 
                "p": 1.9935327022836984
            }, 
            {
                "y": 0.10706638115631692, 
                "x": 0.0011547344110854503, 
                "p": 0.9307545438307399
            }, 
            {
                "y": 0.1873661670235546, 
                "x": 0.0023094688221709007, 
                "p": 0.9146831651509642
            }, 
            {
                "y": 0.341541755888651, 
                "x": 0.003464203233256351, 
                "p": 0.8914381983971098
            }, 
            {
                "y": 0.4014989293361884, 
                "x": 0.004618937644341801, 
                "p": 0.880241460529717
            }, 
            {
                "y": 0.487152034261242, 
                "x": 0.008083140877598153, 
                "p": 0.856647741741008
            }, 
            {
                "y": 0.538543897216274, 
                "x": 0.009237875288683603, 
                "p": 0.8355164586527556
            }, 
            {
                "y": 0.5963597430406852, 
                "x": 0.011547344110854504, 
                "p": 0.8076081472758915
            }, 
            {
                "y": 0.6445396145610278, 
                "x": 0.015011547344110854, 
                "p": 0.7777339192445063
            }, 
            {
                "y": 0.6895074946466809, 
                "x": 0.021939953810623556, 
                "p": 0.745121644707766
            }, 
            {
                "y": 0.7398286937901499, 
                "x": 0.02771362586605081, 
                "p": 0.7106507976475804
            }, 
            {
                "y": 0.7826552462526767, 
                "x": 0.03579676674364896, 
                "p": 0.6719806224431016
            }, 
            {
                "y": 0.8179871520342612, 
                "x": 0.053117782909930716, 
                "p": 0.6351425310560304
            }, 
            {
                "y": 0.8586723768736617, 
                "x": 0.06812933025404157, 
                "p": 0.578855367902598
            }, 
            {
                "y": 0.8918629550321199, 
                "x": 0.08660508083140878, 
                "p": 0.5399693900013144
            }, 
            {
                "y": 0.917558886509636, 
                "x": 0.11200923787528869, 
                "p": 0.4837154347753356
            }, 
            {
                "y": 0.9389721627408993, 
                "x": 0.1420323325635104, 
                "p": 0.4167220842313576
            }, 
            {
                "y": 0.9475374732334048, 
                "x": 0.18706697459584296, 
                "p": 0.34934581451775637
            }, 
            {
                "y": 0.9603854389721628, 
                "x": 0.2251732101616628, 
                "p": 0.29866975414234964
            }, 
            {
                "y": 0.9689507494646681, 
                "x": 0.27829099307159355, 
                "p": 0.2609185741201352
            }, 
            {
                "y": 0.974304068522484, 
                "x": 0.3233256351039261, 
                "p": 0.22790551557725455
            }, 
            {
                "y": 0.9807280513918629, 
                "x": 0.3672055427251732, 
                "p": 0.20151675234640545
            }, 
            {
                "y": 0.9850107066381156, 
                "x": 0.41570438799076215, 
                "p": 0.17622369459610676
            }, 
            {
                "y": 0.9914346895074947, 
                "x": 0.45958429561200925, 
                "p": 0.15043413606601114
            }, 
            {
                "y": 0.9946466809421841, 
                "x": 0.5103926096997691, 
                "p": 0.12355679267592634
            }, 
            {
                "y": 0.9957173447537473, 
                "x": 0.5704387990762124, 
                "p": 0.10090986534503235
            }, 
            {
                "y": 0.9967880085653105, 
                "x": 0.6351039260969977, 
                "p": 0.07426825622234291
            }, 
            {
                "y": 0.9978586723768736, 
                "x": 0.8348729792147807, 
                "p": 0.016631947113952408
            }, 
            {
                "y": 1.0, 
                "x": 1.0, 
                "p": 0.0
            }
        ]
    }, 
    "processed_feature_names": [
        "A", 
        "B", 
        "C", 
        "D", 
        "E", 
        "F", 
        "G", 
        "H", 
        "I", 
        "J", 
        "camcol", 
        "dec", 
        "field", 
        "g", 
        "i", 
        "r", 
        "ra", 
        "run", 
        "u", 
        "z"
    ]
}