{
    "oneVsAllCalibrationCurves": {
        "QUASAR": [
            {
                "y": 0, 
                "x": 0, 
                "n": 0
            }, 
            {
                "y": 0.006514657980456026, 
                "x": 0.023049214771980405, 
                "n": 1535.0
            }, 
            {
                "y": 0.05172413793103448, 
                "x": 0.14595017419808975, 
                "n": 58.0
            }, 
            {
                "y": 0.14285714285714285, 
                "x": 0.2435492357561974, 
                "n": 21.0
            }, 
            {
                "y": 0.18181818181818182, 
                "x": 0.341316773788382, 
                "n": 11.0
            }, 
            {
                "y": 0.46153846153846156, 
                "x": 0.4576515599030708, 
                "n": 13.0
            }, 
            {
                "y": 0.5, 
                "x": 0.5472449421972091, 
                "n": 6.0
            }, 
            {
                "y": 0.6666666666666666, 
                "x": 0.6598344525397074, 
                "n": 9.0
            }, 
            {
                "y": 0.8421052631578947, 
                "x": 0.7608419979325042, 
                "n": 19.0
            }, 
            {
                "y": 0.9565217391304348, 
                "x": 0.8503998721579038, 
                "n": 23.0
            }, 
            {
                "y": 0.9523809523809523, 
                "x": 0.9657415015349512, 
                "n": 105.0
            }, 
            {
                "y": 1, 
                "x": 1, 
                "n": 0
            }
        ], 
        "STAR": [
            {
                "y": 0, 
                "x": 0, 
                "n": 0
            }, 
            {
                "y": 0.009505703422053232, 
                "x": 0.05403254729443443, 
                "n": 526.0
            }, 
            {
                "y": 0.026022304832713755, 
                "x": 0.14362004045104984, 
                "n": 269.0
            }, 
            {
                "y": 0.13725490196078433, 
                "x": 0.2481998017108895, 
                "n": 153.0
            }, 
            {
                "y": 0.24, 
                "x": 0.3457087036526188, 
                "n": 100.0
            }, 
            {
                "y": 0.3977272727272727, 
                "x": 0.4484204712934957, 
                "n": 88.0
            }, 
            {
                "y": 0.5444444444444444, 
                "x": 0.5496656840007887, 
                "n": 90.0
            }, 
            {
                "y": 0.8222222222222222, 
                "x": 0.6538500541967024, 
                "n": 90.0
            }, 
            {
                "y": 0.9074074074074074, 
                "x": 0.7450683495322413, 
                "n": 162.0
            }, 
            {
                "y": 1.0, 
                "x": 0.8470988642251482, 
                "n": 173.0
            }, 
            {
                "y": 0.9731543624161074, 
                "x": 0.9363173598886189, 
                "n": 149.0
            }, 
            {
                "y": 1, 
                "x": 1, 
                "n": 0
            }
        ], 
        "GALAXY": [
            {
                "y": 0, 
                "x": 0, 
                "n": 0
            }, 
            {
                "y": 0.013550135501355014, 
                "x": 0.03572883590227005, 
                "n": 369.0
            }, 
            {
                "y": 0.03763440860215054, 
                "x": 0.14846264447248247, 
                "n": 186.0
            }, 
            {
                "y": 0.1390728476821192, 
                "x": 0.24672365531520654, 
                "n": 151.0
            }, 
            {
                "y": 0.3409090909090909, 
                "x": 0.3545286716966076, 
                "n": 88.0
            }, 
            {
                "y": 0.410958904109589, 
                "x": 0.45118192300318105, 
                "n": 73.0
            }, 
            {
                "y": 0.6739130434782609, 
                "x": 0.5474704355792874, 
                "n": 92.0
            }, 
            {
                "y": 0.8041237113402062, 
                "x": 0.6568597619568582, 
                "n": 97.0
            }, 
            {
                "y": 0.8695652173913043, 
                "x": 0.7514467092518765, 
                "n": 138.0
            }, 
            {
                "y": 0.9862068965517241, 
                "x": 0.8571915594084173, 
                "n": 290.0
            }, 
            {
                "y": 0.9810126582278481, 
                "x": 0.9303849676202441, 
                "n": 316.0
            }, 
            {
                "y": 1, 
                "x": 1, 
                "n": 0
            }
        ]
    }, 
    "oneVsAllCalibrationLoss": {
        "QUASAR": 0.02249879176857664, 
        "STAR": 0.0894023867682502, 
        "GALAXY": 0.08045474605813469
    }, 
    "densityData": {
        "QUASAR": {
            "incorrect": [
                10.768468072093825, 
                13.245213844856405, 
                13.785183014518944, 
                12.294980764369468, 
                9.579049985203955, 
                6.711789629307322, 
                4.40959570353173, 
                2.8577468822440966, 
                1.9084917975313755, 
                1.3359986239599615, 
                0.9712592814620425, 
                0.7225693373254648, 
                0.5480610363681608, 
                0.42797837130636185, 
                0.3511072896167264, 
                0.3088753514136695, 
                0.2899848941605066, 
                0.2785083820330701, 
                0.259963963720467, 
                0.22993637584687182, 
                0.19504652558473698, 
                0.16513735621146625, 
                0.14527629671533165, 
                0.13408373847752683, 
                0.12685270704446214, 
                0.11899785111647153, 
                0.10809198014948318, 
                0.09487238429495924, 
                0.08280604957828645, 
                0.07543766794975282, 
                0.07304702617137959, 
                0.07205395636498226, 
                0.06837100316274047, 
                0.061323902848832226, 
                0.0537602228372757, 
                0.04850947005750454, 
                0.04563228648480629, 
                0.043243472425975704, 
                0.040088558715590604, 
                0.03672921680955901, 
                0.034514077303358114, 
                0.03397211876315306, 
                0.034638369006377116, 
                0.03619773344225271, 
                0.03877891052990054, 
                0.04181550895671706, 
                0.04374439389362392, 
                0.043496217588179155, 
                0.041439893266174345, 
                0.038406898991534606, 
                0.034699645930721314, 
                0.030540854299164234, 
                0.026761838391741365, 
                0.024456323627367244, 
                0.023978197980813364, 
                0.024310311855363132, 
                0.023549720094252585, 
                0.020376050136291873, 
                0.015219386400688959, 
                0.00997436938574175, 
                0.006673467614021966, 
                0.006420693329492929, 
                0.009155357986658133, 
                0.013934840530003495, 
                0.019393328005842814, 
                0.024134659874395427, 
                0.026839740217053737, 
                0.026391109006512283, 
                0.02252038087704093, 
                0.016473368272874375, 
                0.01061210661944952, 
                0.00707108288179845, 
                0.006682743825756798, 
                0.008840843102957399, 
                0.012135196376736355, 
                0.015420357520369108, 
                0.018572209999963247, 
                0.021947511442408685, 
                0.02502986844608349, 
                0.02631808912414679, 
                0.02497355255823215, 
                0.02187731079974668, 
                0.01847761295192711, 
                0.015207504910094092, 
                0.011668366540994617, 
                0.007850973820641708, 
                0.0044516707613509515, 
                0.0021823563312169877, 
                0.0013520829651371045, 
                0.0022460273704991525, 
                0.005651296326767617, 
                0.012606996561300361, 
                0.023081719602962774, 
                0.03463712191316068, 
                0.043018608824247066, 
                0.044987941775406735, 
                0.04070111776784237, 
                0.03300394114955198, 
                0.02474614017975198, 
                0.017270480139055407
            ], 
            "incorrectMedian": 0.019493904594162715, 
            "correct": [
                0.22929157491385335, 
                0.2377027642980304, 
                0.24472565007809888, 
                0.250314760343222, 
                0.2544692371367318, 
                0.2572312076884672, 
                0.2586818827297103, 
                0.2589356774828443, 
                0.2581327959852145, 
                0.2564308276841831, 
                0.253995967015485, 
                0.2509944767315491, 
                0.2475849738654114, 
                0.24391202814515622, 
                0.24010143554437607, 
                0.23625737694919818, 
                0.23246150812464658, 
                0.22877386724312662, 
                0.2252353441633846, 
                0.22187134307681974, 
                0.21869619542346652, 
                0.215717847581265, 
                0.21294235815330373, 
                0.21037778932112905, 
                0.208037159097321, 
                0.20594022744391843, 
                0.20411400880051747, 
                0.20259202589743164, 
                0.20141243468357425, 
                0.20061524897038902, 
                0.20023896906691016, 
                0.2003169665754602, 
                0.20087399531788913, 
                0.20192318606900042, 
                0.203463842507931, 
                0.20548029150070532, 
                0.20794195789158618, 
                0.21080473884546885, 
                0.2140136525029824, 
                0.2175066375175601, 
                0.22121929091531933, 
                0.22509025794572743, 
                0.2290669343806489, 
                0.23311111283944322, 
                0.23720420221805982, 
                0.24135167333710503, 
                0.24558643271848213, 
                0.24997089634809574, 
                0.2545976212203163, 
                0.2595884480793988, 
                0.2650922071407135, 
                0.2712811327169663, 
                0.2783462161573404, 
                0.2864917939457775, 
                0.29592971524139405, 
                0.30687345825169543, 
                0.31953256691452936, 
                0.3341077591835059, 
                0.3507870176342175, 
                0.36974291469747583, 
                0.3911313514069638, 
                0.41509180286221625, 
                0.4417490681094734, 
                0.47121641901181827, 
                0.503599934042972, 
                0.5390036912904241, 
                0.5775353836967704, 
                0.6193118135771416, 
                0.6644636295176769, 
                0.7131385957926664, 
                0.7655026432828002, 
                0.8217379536785842, 
                0.882037387823174, 
                0.9465946952783106, 
                1.0155901431429024, 
                1.0891714799905785, 
                1.1674305004058323, 
                1.250375883119679, 
                1.3379034178439615, 
                1.4297651801136497, 
                1.5255396197108169, 
                1.6246048517472016, 
                1.7261176346505653, 
                1.829000544706081, 
                1.9319396804935993, 
                2.0333948352180675, 
                2.131623462173647, 
                2.224718951742883, 
                2.3106627830825652, 
                2.387389076139129, 
                2.4528590320078187, 
                2.5051418031456754, 
                2.5424975712370768, 
                2.5634581120475888, 
                2.566899957179698, 
                2.5521054592659818, 
                2.5188076343429127, 
                2.4672155626540095, 
                2.3980183132400565, 
                2.3123667265267462
            ], 
            "correctMedian": 0.9252808131842886
        }, 
        "STAR": {
            "incorrect": [
                2.105759543154514, 
                2.558307688767057, 
                3.0001853630740034, 
                3.401576957828175, 
                3.735013686730431, 
                3.979195616776971, 
                4.121766064824202, 
                4.160509210735129, 
                4.102827650886698, 
                3.9637492660610723, 
                3.7630048050816334, 
                3.5218449723822074, 
                3.2602200192184125, 
                2.9947648839371563, 
                2.7377850711633696, 
                2.4971932020595053, 
                2.2771597917441877, 
                2.0791459412470217, 
                1.9029849707693678, 
                1.7477565049453236, 
                1.6123174322892884, 
                1.4954817843781916, 
                1.395942480021138, 
                1.3120803557885894, 
                1.2418043557502645, 
                1.1825217793585725, 
                1.13127120685624, 
                1.084988359529914, 
                1.040835831266104, 
                0.9965182487716691, 
                0.950519342108617, 
                0.9022237634909397, 
                0.8519118906143415, 
                0.8006341194747524, 
                0.7499832257385284, 
                0.7017936762796732, 
                0.6578081666326904, 
                0.6193625101349035, 
                0.5871449609857771, 
                0.5610794885023935, 
                0.5403620811615574, 
                0.5236474596602254, 
                0.5093476855930222, 
                0.4959737091923426, 
                0.4824356719002968, 
                0.4682248175100433, 
                0.45343043142776135, 
                0.4385925167051913, 
                0.42444043700820244, 
                0.41160171560026465, 
                0.40036998677257835, 
                0.39059451070287987, 
                0.3817071469952541, 
                0.37285660650841795, 
                0.3630933345585274, 
                0.3515496024167136, 
                0.33758159633426565, 
                0.3208669040939681, 
                0.3014657801546879, 
                0.27985184373170163, 
                0.25690387077159044, 
                0.23383873138082323, 
                0.21206801988232746, 
                0.19298032960245753, 
                0.17768024301541563, 
                0.1667410904240515, 
                0.1600392216369502, 
                0.15672638776973255, 
                0.15536495324887054, 
                0.15420639150103543, 
                0.15155027711737876, 
                0.1460935651321314, 
                0.137179465630954, 
                0.12488406973104889, 
                0.10992824918198613, 
                0.09345462573124026, 
                0.07674532244385666, 
                0.06096347857850932, 
                0.04698025784357426, 
                0.03531101461796934, 
                0.026146232070470274, 
                0.01943857311670372, 
                0.015002206432908295, 
                0.012591078573856017, 
                0.011940718083587928, 
                0.012775254173889257, 
                0.014792640523409338, 
                0.017645353547307795, 
                0.020932211793427125, 
                0.02421132161916886, 
                0.0270363180200657, 
                0.029009824619839045, 
                0.02984137999929542, 
                0.02939396534711857, 
                0.027705051499999446, 
                0.024974623128216602, 
                0.02152200039732251, 
                0.017722261432564234, 
                0.01393845874110845, 
                0.010465791485197924
            ], 
            "incorrectMedian": 0.11109550163559492, 
            "correct": [
                0.040697394920106864, 
                0.04501962153898276, 
                0.04886080890898215, 
                0.052199316132522024, 
                0.055122355213595, 
                0.05783107798400757, 
                0.060629239800866014, 
                0.06389558616714945, 
                0.06804280003033482, 
                0.07346820138406089, 
                0.0805029881108609, 
                0.0893673481823991, 
                0.1001381281852258, 
                0.11273397924835106, 
                0.12692028441482134, 
                0.14233313162084307, 
                0.15851866179241955, 
                0.1749818251594948, 
                0.19123735451180962, 
                0.20685584964342962, 
                0.22149923643507619, 
                0.23494220842225236, 
                0.24707903670726442, 
                0.25791769185633745, 
                0.2675649661657267, 
                0.27620686317510557, 
                0.28408793901985446, 
                0.29149190392620167, 
                0.2987242180763161, 
                0.30609624298710103, 
                0.3139101060916412, 
                0.32244380453095006, 
                0.3319368757341732, 
                0.34257769824474393, 
                0.35449374786225457, 
                0.36774580185825656, 
                0.3823263725081894, 
                0.3981619768071108, 
                0.4151185869177527, 
                0.43300986549137505, 
                0.4516083373021184, 
                0.4706600236161632, 
                0.489902844889163, 
                0.5090881637151645, 
                0.5280035091109567, 
                0.5464934414266066, 
                0.5644753622627643, 
                0.5819481980447542, 
                0.598994079495557, 
                0.6157756430853144, 
                0.6325333611971214, 
                0.649587481506072, 
                0.667347377314235, 
                0.6863277551210624, 
                0.7071672307859065, 
                0.7306415501372112, 
                0.7576623133011767, 
                0.7892530521319414, 
                0.8264977908791683, 
                0.8704620473059035, 
                0.9220915089688279, 
                0.9820982611287622, 
                1.0508476767833521, 
                1.1282605814963287, 
                1.2137451224373452, 
                1.306171087309333, 
                1.4038963105627542, 
                1.5048501388095004, 
                1.606672514524844, 
                1.7068991983893393, 
                1.80317482053212, 
                1.893467543480446, 
                1.9762544472804238, 
                2.0506474793511638, 
                2.1164370182990955, 
                2.174043013367914, 
                2.224379566884601, 
                2.2686537781679865, 
                2.3081298067244624, 
                2.343892093122874, 
                2.3766375476160997, 
                2.4065176518291933, 
                2.433041470510761, 
                2.4550429023158613, 
                2.4707117842135884, 
                2.477688079715131, 
                2.4732188609202033, 
                2.4543761302711595, 
                2.4183277186551653, 
                2.3626436492940113, 
                2.2856088568737243, 
                2.186503835235409, 
                2.0658114855015843, 
                1.9253135008392017, 
                1.7680530193024584, 
                1.5981595547227423, 
                1.420553306544897, 
                1.2405643981225298, 
                1.0635147717001268, 
                0.8943143780857913
            ], 
            "correctMedian": 0.7792616571130682
        }, 
        "GALAXY": {
            "incorrect": [
                2.4559503816620065, 
                2.6784510925413714, 
                2.853411490362168, 
                2.9746496363560087, 
                3.0407561806179717, 
                3.054891812876216, 
                3.0239545664893885, 
                2.9573250495213883, 
                2.8654540469463092, 
                2.7585459383244633, 
                2.645526891257778, 
                2.533395107980887, 
                2.4269597330987924, 
                2.328906592763785, 
                2.2400924229023835, 
                2.159963185466742, 
                2.087007622446926, 
                2.019183059897958, 
                1.9542769521501837, 
                1.8901888076644338, 
                1.8251310014604196, 
                1.7577544974532329, 
                1.6872089555524776, 
                1.6131483016985209, 
                1.5356939113311234, 
                1.455368322378614, 
                1.373012327396008, 
                1.2896967483689892, 
                1.2066370072393626, 
                1.1251143991003312, 
                1.0464040444068152, 
                0.9717072675611635, 
                0.9020864938380738, 
                0.8384034784951793, 
                0.7812654635333045, 
                0.7309867544511719, 
                0.6875735089295547, 
                0.6507365842596977, 
                0.6199319062010445, 
                0.5944219671078338, 
                0.573347992685538, 
                0.5558015290427766, 
                0.5408867244065203, 
                0.5277689984236854, 
                0.5157099963705624, 
                0.5040909995323531, 
                0.4924268309135435, 
                0.4803706708566922, 
                0.46770876448831566, 
                0.45434419483191585, 
                0.44027104970647435, 
                0.425543472618829, 
                0.4102465451465388, 
                0.39447617074066094, 
                0.3783325895466337, 
                0.3619276029656786, 
                0.34540069828059095, 
                0.32893587398930224, 
                0.3127703177158469, 
                0.2971884001013146, 
                0.2824989301511876, 
                0.268998829375082, 
                0.25693073422570734, 
                0.24644425526715869, 
                0.23757007371098618, 
                0.2302128962765381, 
                0.22416442397838388, 
                0.219132351997449, 
                0.21477757274291415, 
                0.21075042019277995, 
                0.20671840805064637, 
                0.20238192211154218, 
                0.1974793068301413, 
                0.1917869130174437, 
                0.1851213778466332, 
                0.17734997884365122, 
                0.16841079161653288, 
                0.15833906395344235, 
                0.14729166391126328, 
                0.1355594000275392, 
                0.123558325148313, 
                0.11179556142793852, 
                0.10081146769782053, 
                0.09110632991929322, 
                0.08306446171542098, 
                0.07689044945882179, 
                0.0725708206336094, 
                0.06986997517961009, 
                0.06836273239183838, 
                0.06749864754020649, 
                0.06668684517752345, 
                0.06538590464112871, 
                0.06318232820543024, 
                0.05984365647455233, 
                0.05533785197961093, 
                0.04981783414291059, 
                0.04357721803043535, 
                0.03698861804497792, 
                0.030438124750495163, 
                0.024268465957670668
            ], 
            "incorrectMedian": 0.12933630146389455, 
            "correct": [
                0.033540780551973765, 
                0.036751424987751635, 
                0.039273721950600526, 
                0.04106259869158133, 
                0.04218176452614745, 
                0.04280041141923777, 
                0.043172116033750964, 
                0.04359968286793398, 
                0.04439312317792301, 
                0.04582995136100554, 
                0.04812674364078184, 
                0.05142817840452735, 
                0.05581499815078246, 
                0.06132665099787589, 
                0.06798941792563466, 
                0.0758382764911475, 
                0.08492175899752183, 
                0.09528385006149678, 
                0.10692458679333099, 
                0.11974946850798378, 
                0.13352443582943452, 
                0.1478555306392867, 
                0.16220881721173083, 
                0.17597676976250498, 
                0.1885840626081392, 
                0.19961209526248166, 
                0.20891190278788116, 
                0.2166729931354749, 
                0.22342287566257832, 
                0.22994764299577258, 
                0.23714425938501088, 
                0.2458346606394045, 
                0.2565845672302856, 
                0.2695717622748668, 
                0.284538215035453, 
                0.3008402223172614, 
                0.3175862137195356, 
                0.3338300310570508, 
                0.34877455978082283, 
                0.36193986591721067, 
                0.37326080194758315, 
                0.3830972076062355, 
                0.39215950118868015, 
                0.40136848947354464, 
                0.41167792418822263, 
                0.42389176899513603, 
                0.4385070306279526, 
                0.45560899912089187, 
                0.474839247704497, 
                0.49544706834293, 
                0.51642163490927, 
                0.5366862063161781, 
                0.555320440720337, 
                0.5717670781225582, 
                0.5859789598126095, 
                0.5984730974542748, 
                0.6102782134430618, 
                0.6227857236858972, 
                0.6375351073708956, 
                0.6559774927429853, 
                0.6792632183285102, 
                0.7080905938079393, 
                0.7426374658364764, 
                0.7825794206706288, 
                0.8271832966149284, 
                0.8754552682946226, 
                0.9263198318338359, 
                0.9788080458839167, 
                1.0322375473328584, 
                1.0863703753373257, 
                1.1415359495021402, 
                1.1987059557748445, 
                1.2595073448436518, 
                1.3261617450804066, 
                1.4013461204410804, 
                1.4879800750819046, 
                1.5889567642137516, 
                1.706842127550391, 
                1.8435669309672902, 
                2.000127104999487, 
                2.1762944508496735, 
                2.37033061121056, 
                2.578701615377067, 
                2.795813129477119, 
                3.0138238364287573, 
                3.2226326256026083, 
                3.4101551204859444, 
                3.5629885541267465, 
                3.6675026779146744, 
                3.7112950284982578, 
                3.68483420029479, 
                3.583018371178926, 
                3.4063328285906027, 
                3.161323436464846, 
                2.8602158375648763, 
                2.519680652690104, 
                2.1589301622526564, 
                1.7974806430581782, 
                1.4529837708986673, 
                1.139500791604311
            ], 
            "correctMedian": 0.8545614134642636
        }
    }, 
    "confusion": {
        "totalRows": 1800, 
        "perActual": {
            "QUASAR": {
                "perPredicted": {
                    "QUASAR": 153, 
                    "STAR": 9, 
                    "GALAXY": 9
                }, 
                "actualClassCount": 171.0
            }, 
            "STAR": {
                "perPredicted": {
                    "QUASAR": 11, 
                    "STAR": 593, 
                    "GALAXY": 76
                }, 
                "actualClassCount": 680.0
            }, 
            "GALAXY": {
                "perPredicted": {
                    "QUASAR": 9, 
                    "STAR": 77, 
                    "GALAXY": 863
                }, 
                "actualClassCount": 949.0
            }
        }
    }, 
    "metrics": {
        "f1": 0.8906976896036077, 
        "mcalibrationLoss": 0.06411864153165385, 
        "recall": 0.8920579861915372, 
        "precision": 0.8893579226733661, 
        "logLoss": 0.3391684325037486, 
        "mrocAUC": 0.9669074511471347, 
        "hammingLoss": 0.10611111111111111, 
        "accuracy": 0.8938888888888888
    }, 
    "oneVsAllRocAUC": {
        "QUASAR": 0.9693386320312752, 
        "STAR": 0.9645286239495798, 
        "GALAXY": 0.9634521588065363
    }, 
    "classes": [
        "GALAXY", 
        "STAR", 
        "QUASAR"
    ], 
    "globalMetrics": {
        "predictionAvg": [
            0.5014208847873646, 
            0.3856323508085626, 
            0.11294676440407292
        ], 
        "predictionStd": [
            0.3515477823281284, 
            0.3250778696715267, 
            0.2543137367478574
        ], 
        "targetStd": [
            0.4993971413480556, 
            0.48496638113833646, 
            0.29329642077450047
        ], 
        "targetAvg": [
            0.5272222222222223, 
            0.37777777777777777, 
            0.095
        ], 
        "testWeight": 1800
    }, 
    "oneVsAllRocCurves": {
        "QUASAR": [
            {
                "y": 0.0, 
                "x": 0.0, 
                "p": 1.9940164781437457
            }, 
            {
                "y": 0.34502923976608185, 
                "x": 0.0006138735420503376, 
                "p": 0.9694521633196547
            }, 
            {
                "y": 0.43859649122807015, 
                "x": 0.0012277470841006752, 
                "p": 0.9530492894406097
            }, 
            {
                "y": 0.6608187134502924, 
                "x": 0.003069367710251688, 
                "p": 0.8469318698904346
            }, 
            {
                "y": 0.7134502923976608, 
                "x": 0.003683241252302026, 
                "p": 0.8032631947156251
            }, 
            {
                "y": 0.8187134502923976, 
                "x": 0.0055248618784530384, 
                "p": 0.6868511768121995
            }, 
            {
                "y": 0.8654970760233918, 
                "x": 0.009821976672805401, 
                "p": 0.49815862090775903
            }, 
            {
                "y": 0.9064327485380117, 
                "x": 0.022713321055862493, 
                "p": 0.2638643409311306
            }, 
            {
                "y": 0.9415204678362573, 
                "x": 0.07243707796193984, 
                "p": 0.09290059182107807
            }, 
            {
                "y": 0.9532163742690059, 
                "x": 0.22897483118477593, 
                "p": 0.03691614505038486
            }, 
            {
                "y": 0.9590643274853801, 
                "x": 0.4843462246777164, 
                "p": 0.020089689402794205
            }, 
            {
                "y": 0.9707602339181286, 
                "x": 0.5414364640883977, 
                "p": 0.017930721101432026
            }, 
            {
                "y": 0.9766081871345029, 
                "x": 0.6341313689379988, 
                "p": 0.014121454546960661
            }, 
            {
                "y": 0.9883040935672515, 
                "x": 0.6899938612645795, 
                "p": 0.01231347268387982
            }, 
            {
                "y": 1.0, 
                "x": 0.7483118477593615, 
                "p": 0.010731706325355576
            }, 
            {
                "y": 1.0, 
                "x": 0.9140577041129527, 
                "p": 0.0024952806932413084
            }, 
            {
                "y": 1.0, 
                "x": 0.9742173112338858, 
                "p": 0.0002923132427535205
            }, 
            {
                "y": 1.0, 
                "x": 1.0, 
                "p": 0.0
            }
        ], 
        "STAR": [
            {
                "y": 0.0, 
                "x": 0.0, 
                "p": 1.9944309726306386
            }, 
            {
                "y": 0.054411764705882354, 
                "x": 0.0, 
                "p": 0.9564674525703418
            }, 
            {
                "y": 0.11911764705882352, 
                "x": 0.0017857142857142857, 
                "p": 0.928920152142513
            }, 
            {
                "y": 0.20147058823529412, 
                "x": 0.0026785714285714286, 
                "p": 0.9028853699810291
            }, 
            {
                "y": 0.48970588235294116, 
                "x": 0.0035714285714285713, 
                "p": 0.7870133752674817
            }, 
            {
                "y": 0.5705882352941176, 
                "x": 0.004464285714285714, 
                "p": 0.7482589623392393
            }, 
            {
                "y": 0.6338235294117647, 
                "x": 0.008035714285714285, 
                "p": 0.7253072470538885
            }, 
            {
                "y": 0.6794117647058824, 
                "x": 0.015178571428571428, 
                "p": 0.7016039141083077
            }, 
            {
                "y": 0.7441176470588236, 
                "x": 0.020535714285714286, 
                "p": 0.6582852244004684
            }, 
            {
                "y": 0.788235294117647, 
                "x": 0.027678571428571427, 
                "p": 0.605911132611634
            }, 
            {
                "y": 0.8279411764705882, 
                "x": 0.04375, 
                "p": 0.5555471993905047
            }, 
            {
                "y": 0.8602941176470589, 
                "x": 0.06339285714285714, 
                "p": 0.5111401809889368
            }, 
            {
                "y": 0.888235294117647, 
                "x": 0.08571428571428572, 
                "p": 0.456960982132821
            }, 
            {
                "y": 0.913235294117647, 
                "x": 0.11339285714285714, 
                "p": 0.40638618957659184
            }, 
            {
                "y": 0.9367647058823529, 
                "x": 0.14375, 
                "p": 0.34611985819524227
            }, 
            {
                "y": 0.9485294117647058, 
                "x": 0.18214285714285713, 
                "p": 0.3030785942925963
            }, 
            {
                "y": 0.9602941176470589, 
                "x": 0.22678571428571428, 
                "p": 0.2629184992315981
            }, 
            {
                "y": 0.9720588235294118, 
                "x": 0.27589285714285716, 
                "p": 0.2170467409841022
            }, 
            {
                "y": 0.9838235294117647, 
                "x": 0.33482142857142855, 
                "p": 0.17921267127338625
            }, 
            {
                "y": 0.9897058823529412, 
                "x": 0.40089285714285716, 
                "p": 0.1473918061356444
            }, 
            {
                "y": 0.9926470588235294, 
                "x": 0.6607142857142857, 
                "p": 0.07341597564607355
            }, 
            {
                "y": 0.9941176470588236, 
                "x": 0.7383928571428572, 
                "p": 0.061277765367055405
            }, 
            {
                "y": 0.9955882352941177, 
                "x": 0.9196428571428571, 
                "p": 0.028751004784268445
            }, 
            {
                "y": 0.9985294117647059, 
                "x": 0.9678571428571429, 
                "p": 0.010326423548959374
            }, 
            {
                "y": 1.0, 
                "x": 1.0, 
                "p": 0.003954675518570803
            }
        ], 
        "GALAXY": [
            {
                "y": 0.0, 
                "x": 0.0, 
                "p": 1.991703001494407
            }, 
            {
                "y": 0.1601685985247629, 
                "x": 0.0011750881316098707, 
                "p": 0.9317757342016977
            }, 
            {
                "y": 0.3530031612223393, 
                "x": 0.007050528789659225, 
                "p": 0.8945300601572177
            }, 
            {
                "y": 0.5563751317175974, 
                "x": 0.008225616921269096, 
                "p": 0.8322475518644363
            }, 
            {
                "y": 0.60695468914647, 
                "x": 0.009400705052878966, 
                "p": 0.8103627523011987
            }, 
            {
                "y": 0.6522655426765016, 
                "x": 0.01527614571092832, 
                "p": 0.7820522258140201
            }, 
            {
                "y": 0.6986301369863014, 
                "x": 0.022326674500587545, 
                "p": 0.7483923476267433
            }, 
            {
                "y": 0.7449947312961012, 
                "x": 0.02702702702702703, 
                "p": 0.7141514988876156
            }, 
            {
                "y": 0.7839831401475237, 
                "x": 0.038777908343125736, 
                "p": 0.6757640649685367
            }, 
            {
                "y": 0.827186512118019, 
                "x": 0.04700352526439483, 
                "p": 0.6206381852598547
            }, 
            {
                "y": 0.8587987355110642, 
                "x": 0.06580493537015276, 
                "p": 0.5638825610220632
            }, 
            {
                "y": 0.8893572181243414, 
                "x": 0.08578143360752057, 
                "p": 0.51673714709353
            }, 
            {
                "y": 0.9125395152792413, 
                "x": 0.1128084606345476, 
                "p": 0.46510550015131885
            }, 
            {
                "y": 0.9357218124341412, 
                "x": 0.1410105757931845, 
                "p": 0.3991497898983333
            }, 
            {
                "y": 0.958904109589041, 
                "x": 0.1692126909518214, 
                "p": 0.35328609464520916
            }, 
            {
                "y": 0.9652265542676501, 
                "x": 0.21739130434782608, 
                "p": 0.2946995070107018
            }, 
            {
                "y": 0.9778714436248683, 
                "x": 0.2702702702702703, 
                "p": 0.25057235453600596
            }, 
            {
                "y": 0.9863013698630136, 
                "x": 0.33490011750881316, 
                "p": 0.21478431710953105
            }, 
            {
                "y": 0.9884088514225501, 
                "x": 0.391304347826087, 
                "p": 0.18747231204525006
            }, 
            {
                "y": 0.9905163329820864, 
                "x": 0.44418331374853115, 
                "p": 0.1574781229755524
            }, 
            {
                "y": 0.9936775553213909, 
                "x": 0.5334900117508813, 
                "p": 0.11674298335709103
            }, 
            {
                "y": 0.9947312961011591, 
                "x": 0.6603995299647474, 
                "p": 0.06481693765964275
            }, 
            {
                "y": 0.9957850368809273, 
                "x": 0.7344300822561692, 
                "p": 0.04439883312070119
            }, 
            {
                "y": 0.9978925184404637, 
                "x": 0.927144535840188, 
                "p": 0.0034848735376023813
            }, 
            {
                "y": 1.0, 
                "x": 0.9976498237367802, 
                "p": 0.00043899521899628125
            }, 
            {
                "y": 1.0, 
                "x": 1.0, 
                "p": 0.0
            }
        ]
    }, 
    "processed_feature_names": [
        "A", 
        "B", 
        "C", 
        "D", 
        "E", 
        "F", 
        "G", 
        "H", 
        "I", 
        "J", 
        "camcol", 
        "dec", 
        "field", 
        "g", 
        "i", 
        "r", 
        "ra", 
        "run", 
        "u", 
        "z"
    ]
}