{
    "oneVsAllCalibrationCurves": {
        "QUASAR": [
            {
                "y": 0, 
                "x": 0, 
                "n": 0
            }, 
            {
                "y": 0.008888888888888889, 
                "x": 0.009622649248977622, 
                "n": 1575.0
            }, 
            {
                "y": 0.19047619047619047, 
                "x": 0.13660338838525185, 
                "n": 21.0
            }, 
            {
                "y": 0.36363636363636365, 
                "x": 0.2522879379333703, 
                "n": 11.0
            }, 
            {
                "y": 0.2857142857142857, 
                "x": 0.35794875208318205, 
                "n": 7.0
            }, 
            {
                "y": 0.75, 
                "x": 0.47595864555391126, 
                "n": 4.0
            }, 
            {
                "y": 0.2857142857142857, 
                "x": 0.534587273603558, 
                "n": 7.0
            }, 
            {
                "y": 0.8571428571428571, 
                "x": 0.6469647885298168, 
                "n": 14.0
            }, 
            {
                "y": 0.8235294117647058, 
                "x": 0.7618774803971938, 
                "n": 17.0
            }, 
            {
                "y": 1.0, 
                "x": 0.8584728277739901, 
                "n": 26.0
            }, 
            {
                "y": 0.9491525423728814, 
                "x": 0.965300171557177, 
                "n": 118.0
            }, 
            {
                "y": 1, 
                "x": 1, 
                "n": 0
            }
        ], 
        "STAR": [
            {
                "y": 0, 
                "x": 0, 
                "n": 0
            }, 
            {
                "y": 0.010718113612004287, 
                "x": 0.022247631493140168, 
                "n": 933.0
            }, 
            {
                "y": 0.044444444444444446, 
                "x": 0.14002670831601022, 
                "n": 90.0
            }, 
            {
                "y": 0.09090909090909091, 
                "x": 0.2454161097978869, 
                "n": 44.0
            }, 
            {
                "y": 0.18518518518518517, 
                "x": 0.3579561592193456, 
                "n": 27.0
            }, 
            {
                "y": 0.6666666666666666, 
                "x": 0.4527713489907383, 
                "n": 36.0
            }, 
            {
                "y": 0.5217391304347826, 
                "x": 0.5559093639873667, 
                "n": 23.0
            }, 
            {
                "y": 0.6666666666666666, 
                "x": 0.6580859327807593, 
                "n": 27.0
            }, 
            {
                "y": 0.8545454545454545, 
                "x": 0.7581063719208981, 
                "n": 55.0
            }, 
            {
                "y": 0.959349593495935, 
                "x": 0.8563103158134798, 
                "n": 123.0
            }, 
            {
                "y": 0.9751131221719457, 
                "x": 0.9614516717653688, 
                "n": 442.0
            }, 
            {
                "y": 1, 
                "x": 1, 
                "n": 0
            }
        ], 
        "GALAXY": [
            {
                "y": 0, 
                "x": 0, 
                "n": 0
            }, 
            {
                "y": 0.021638330757341576, 
                "x": 0.029880605821597423, 
                "n": 647.0
            }, 
            {
                "y": 0.058333333333333334, 
                "x": 0.1441356971972467, 
                "n": 120.0
            }, 
            {
                "y": 0.15217391304347827, 
                "x": 0.24761476542500277, 
                "n": 46.0
            }, 
            {
                "y": 0.28, 
                "x": 0.3411727613252875, 
                "n": 25.0
            }, 
            {
                "y": 0.3333333333333333, 
                "x": 0.44671770236173663, 
                "n": 24.0
            }, 
            {
                "y": 0.40625, 
                "x": 0.5504001126773087, 
                "n": 32.0
            }, 
            {
                "y": 0.7368421052631579, 
                "x": 0.648001711186013, 
                "n": 19.0
            }, 
            {
                "y": 0.8723404255319149, 
                "x": 0.7553633520561207, 
                "n": 47.0
            }, 
            {
                "y": 0.926829268292683, 
                "x": 0.8620124993573595, 
                "n": 82.0
            }, 
            {
                "y": 0.9854881266490765, 
                "x": 0.9719943739850346, 
                "n": 758.0
            }, 
            {
                "y": 1, 
                "x": 1, 
                "n": 0
            }
        ]
    }, 
    "oneVsAllCalibrationLoss": {
        "QUASAR": 0.009128585670459629, 
        "STAR": 0.03530929859085108, 
        "GALAXY": 0.028673217693416294
    }, 
    "densityData": {
        "QUASAR": {
            "incorrect": [
                16.700806873785545, 
                17.179368602207198, 
                14.194053700869617, 
                9.614121351605869, 
                5.537225526117374, 
                2.8910037433467495, 
                1.506238584621843, 
                0.8643223812689478, 
                0.5716035892819193, 
                0.4273120023656714, 
                0.34254102719130497, 
                0.27682291646230023, 
                0.2136960848251322, 
                0.1521573954207442, 
                0.09949163232987547, 
                0.06323619247294553, 
                0.04565859673412819, 
                0.043182863732136714, 
                0.04914086694170023, 
                0.05690904189543501, 
                0.06205706458811378, 
                0.06314295592829287, 
                0.06085918357236395, 
                0.05613053161464957, 
                0.049061380208396566, 
                0.03987864379305124, 
                0.03031989043351547, 
                0.023068321873543553, 
                0.019569883765605343, 
                0.019098124447727113, 
                0.020277330054569036, 
                0.02270151335748868, 
                0.02645079741425297, 
                0.030703693388565444, 
                0.033698393078752005, 
                0.03429780301007831, 
                0.03327727522719817, 
                0.03215304756419457, 
                0.03062500289741101, 
                0.02667767634024729, 
                0.019674182684602307, 
                0.011787081210150017, 
                0.005897129277833448, 
                0.003379750668146567, 
                0.004174578327545917, 
                0.00769602157878906, 
                0.013070936104617863, 
                0.01934178710338789, 
                0.026088720227832204, 
                0.03315777063465328, 
                0.039273336188602924, 
                0.04207383396931914, 
                0.040471887592155475, 
                0.036006985336328984, 
                0.03098274376968386, 
                0.02610741886131245, 
                0.020704806870648667, 
                0.014582049791619155, 
                0.008907118003142695, 
                0.005453545119179116, 
                0.005594967217111178, 
                0.009771915718713558, 
                0.016748020138515313, 
                0.023092673245124297, 
                0.02490473129987915, 
                0.021281191378245704, 
                0.015435391370077793, 
                0.011618482876779293, 
                0.011309024233005421, 
                0.012549571427741038, 
                0.012433620229392312, 
                0.00989555577670284, 
                0.006190968342958926, 
                0.0032398988429873116, 
                0.002251389070164058, 
                0.003871512640541812, 
                0.008555460599653598, 
                0.01568953461735797, 
                0.022427097360639022, 
                0.024834763816983855, 
                0.02129227865182826, 
                0.014133854871877263, 
                0.00727041753685755, 
                0.0029382105255780586, 
                0.0011253485092908389, 
                0.0010955701175701168, 
                0.002637521813918327, 
                0.006052831012158207, 
                0.011301907353566572, 
                0.017343149872878307, 
                0.022538970594601145, 
                0.02572509953636823, 
                0.02671009331470092, 
                0.026042932834445625, 
                0.024918294874773577, 
                0.02514471281636685, 
                0.028053303765293924, 
                0.03263354058094732, 
                0.03532290175924807, 
                0.03274356115832781
            ], 
            "incorrectMedian": 0.004669552539000591, 
            "correct": [
                0.28499102934228754, 
                0.29362274061515625, 
                0.3004729054522577, 
                0.30548919651854833, 
                0.30866833199182236, 
                0.3100548713399779, 
                0.3097378884261179, 
                0.30784575055011837, 
                0.30453934153412227, 
                0.30000414993691454, 
                0.2944416947820577, 
                0.2880607785554977, 
                0.28106904134369387, 
                0.2736652441613899, 
                0.2660326391985223, 
                0.2583336967733488, 
                0.25070636077258385, 
                0.24326190380620705, 
                0.23608435705936834, 
                0.22923140361802383, 
                0.2227365522093403, 
                0.21661235366760873, 
                0.21085438640818943, 
                0.20544571989176988, 
                0.20036156557124862, 
                0.195573841412422, 
                0.1910554064586954, 
                0.18678376334713673, 
                0.18274407616954225, 
                0.17893140540538, 
                0.17535211751620144, 
                0.17202448084292696, 
                0.16897850844651263, 
                0.16625514950198733, 
                0.16390496128764198, 
                0.16198641189376767, 
                0.16056396861120198, 
                0.15970611873907803, 
                0.15948344963781755, 
                0.1599668857571783, 
                0.1612261455783275, 
                0.16332844508826383, 
                0.1663374409757193, 
                0.17031238038367175, 
                0.1753074082071796, 
                0.18137097980260689, 
                0.18854533722443487, 
                0.1968660296299111, 
                0.20636149047248153, 
                0.21705272125402003, 
                0.22895316861570636, 
                0.24206891269631808, 
                0.25639930452862336, 
                0.2719381942952029, 
                0.28867587759502567, 
                0.30660185252467365, 
                0.3257084275531158, 
                0.3459951521421407, 
                0.3674739638525142, 
                0.3901748634881144, 
                0.4141518503856077, 
                0.4394887797602694, 
                0.46630474869892335, 
                0.49475858119890015, 
                0.525051968181747, 
                0.5574308265843638, 
                0.5921844719359803, 
                0.6296422497586248, 
                0.670167340728185, 
                0.7141475409564609, 
                0.7619829206909612, 
                0.814070381606278, 
                0.8707852647399644, 
                0.9324603082669807, 
                0.9993624164339127, 
                1.071667876332626, 
                1.1494368435533098, 
                1.2325881035474484, 
                1.3208752913068933, 
                1.4138659023997442, 
                1.5109245349386993, 
                1.6112018442771439, 
                1.7136306499135119, 
                1.8169304897879994, 
                1.9196216590485555, 
                2.020049394985567, 
                2.1164183843637994, 
                2.206837193012832, 
                2.2893715816442297, 
                2.3621050187132004, 
                2.4232040811106126, 
                2.470985900924847, 
                2.5039844246606147, 
                2.521012046577953, 
                2.521213194395805, 
                2.504106700777227, 
                2.4696142849925455, 
                2.41807317188718, 
                2.3502317454734767, 
                2.2672281108881482
            ], 
            "correctMedian": 0.9246777327480594
        }, 
        "STAR": {
            "incorrect": [
                6.39687408529301, 
                6.810427072960167, 
                6.915328960916879, 
                6.713689458934868, 
                6.251109100410979, 
                5.603353827543035, 
                4.857789451971417, 
                4.0956156006982685, 
                3.3795185178594136, 
                2.748588772480982, 
                2.2196602773097083, 
                1.7926329369851335, 
                1.45707518272371, 
                1.1980757819980865, 
                1.000326315515986, 
                0.8502986027845066, 
                0.7369251612556885, 
                0.6513919116079124, 
                0.586605443724917, 
                0.5367161600421583, 
                0.4968627282152831, 
                0.46312597097306957, 
                0.4325826720546305, 
                0.4033369943889082, 
                0.3744543477830301, 
                0.34578994807241403, 
                0.31775587648304116, 
                0.291086665359334, 
                0.26664535609360895, 
                0.24527685564585544, 
                0.22768677759880912, 
                0.21431951207234332, 
                0.20523143726795884, 
                0.19998924220950637, 
                0.19764559013627891, 
                0.19683657428935672, 
                0.19600666986334828, 
                0.1937148998298524, 
                0.18893691997867618, 
                0.18127146645056022, 
                0.17098927671589817, 
                0.15891472441540044, 
                0.14618326452114275, 
                0.1339520130254487, 
                0.12314664056811023, 
                0.11430682717728333, 
                0.10755507414273069, 
                0.10267387624305804, 
                0.09924713774766158, 
                0.09681108517685384, 
                0.09496849452467311, 
                0.09344212185509623, 
                0.0920694839708039, 
                0.09076205753282518, 
                0.0894607304129205, 
                0.08811377596452845, 
                0.0866870178098637, 
                0.08519608750088414, 
                0.08373715846263952, 
                0.08249173580604115, 
                0.0816930382929659, 
                0.08155982092788298, 
                0.08221903718958513, 
                0.08364474079806573, 
                0.08563560892037521, 
                0.08784069135840321, 
                0.08982760481770753, 
                0.09117401171929648, 
                0.09155533290472835, 
                0.09080194624373401, 
                0.0889089779918876, 
                0.08599932722824516, 
                0.0822593915625993, 
                0.07787802409763782, 
                0.07301588660607017, 
                0.0678153431218905, 
                0.06243924079049382, 
                0.05711227701254757, 
                0.05213862538079811, 
                0.047882684557338843, 
                0.0447177237602912, 
                0.04296036543521678, 
                0.04281239597468835, 
                0.044326302893193205, 
                0.047401340964071066, 
                0.051806792964131695, 
                0.0572209646540524, 
                0.06327026360905713, 
                0.06955436836138477, 
                0.07565176105545204, 
                0.08111237460263691, 
                0.08545482697191624, 
                0.08818786065555162, 
                0.08886603773119502, 
                0.08717199099825193, 
                0.08300055958270026, 
                0.07651327428142299, 
                0.06813905405978844, 
                0.058515268644801464, 
                0.048383867710162995
            ], 
            "incorrectMedian": 0.019094004665287576, 
            "correct": [
                0.10280958259549416, 
                0.1071901715235758, 
                0.10873397510144964, 
                0.10751125944834901, 
                0.10385641854513511, 
                0.09830815614030351, 
                0.09152207752643196, 
                0.0841744761774115, 
                0.0768762257870815, 
                0.07011123028047667, 
                0.06420652572688687, 
                0.05933320278084005, 
                0.055531007419458545, 
                0.05274614576097738, 
                0.05087170931852584, 
                0.0497824976870845, 
                0.049359552015722126, 
                0.049503153901046905, 
                0.050135579348166176, 
                0.05119632346737055, 
                0.052633085766728774, 
                0.054391927174900004, 
                0.05640992189659287, 
                0.058613293981172994, 
                0.06092322405268591, 
                0.06327004465859395, 
                0.0656144742987204, 
                0.06797226902433368, 
                0.0704368372230207, 
                0.07319361962219655, 
                0.07652078429088918, 
                0.08077299692716763, 
                0.08634821462348287, 
                0.09364081328108514, 
                0.10298703257752118, 
                0.11461007949881247, 
                0.12857209949652507, 
                0.1447389425913446, 
                0.16276191189038536, 
                0.18207918864872147, 
                0.20193871234807792, 
                0.22144367720159083, 
                0.23962068266792033, 
                0.25550805389729664, 
                0.2682575845637514, 
                0.2772376530244555, 
                0.2821211106379239, 
                0.2829398367673943, 
                0.2800911965928156, 
                0.2742901191197175, 
                0.26647244110301366, 
                0.2576672112031707, 
                0.24886396978363834, 
                0.24090267626737305, 
                0.23440806950223458, 
                0.22977838635324627, 
                0.22722403664272833, 
                0.22683930308360098, 
                0.22868303674128637, 
                0.2328445424785642, 
                0.2394780351361825, 
                0.24880077899337177, 
                0.2610626008044835, 
                0.2765040085339406, 
                0.29532370987470996, 
                0.31767275598019756, 
                0.3436828537902664, 
                0.37352356360759315, 
                0.4074712594496591, 
                0.44596597976487157, 
                0.4896334064844007, 
                0.5392586008968531, 
                0.5957134889707693, 
                0.6598568793781032, 
                0.7324385181384573, 
                0.8140426243296559, 
                0.9050991915739762, 
                1.0059740381919418, 
                1.117125205484696, 
                1.2392898093118563, 
                1.3736479559543178, 
                1.521903387088388, 
                1.6862260492372856, 
                1.8690189768368397, 
                2.072497893784996, 
                2.2981030522577304, 
                2.54579546813413, 
                2.8133209082301844, 
                3.0955519943403913, 
                3.384038068699647, 
                3.666898582977331, 
                3.929181235952429, 
                4.15376302564617, 
                4.322796396836959, 
                4.419597853598338, 
                4.4307592675824985, 
                4.3481613528945715, 
                4.170519043486526, 
                3.9041186774053633, 
                3.562526836881025
            ], 
            "correctMedian": 0.9339505015414797
        }, 
        "GALAXY": {
            "incorrect": [
                4.676935261783576, 
                5.032414088104559, 
                5.243265807321018, 
                5.298381294787739, 
                5.202652827018034, 
                4.9751756073361415, 
                4.64526932437107, 
                4.247369457655023, 
                3.8159367608132206, 
                3.381318852445426, 
                2.96709695194066, 
                2.5890209542774834, 
                2.255301146697926, 
                1.9678417788323592, 
                1.7239630476825702, 
                1.518218647345182, 
                1.344023229125055, 
                1.1949180246317825, 
                1.065402227932151, 
                0.951335639284045, 
                0.8499746347600319, 
                0.759740205679815, 
                0.6798343251135698, 
                0.6098197033785451, 
                0.5492597013172827, 
                0.4974835850603333, 
                0.45350353659272175, 
                0.41607144809358443, 
                0.38383304251215583, 
                0.35552001003696043, 
                0.33012013591394657, 
                0.30697944433403773, 
                0.28581434355976515, 
                0.2666386779946293, 
                0.2496333382501394, 
                0.2349991713251818, 
                0.22283479014697613, 
                0.21307022148530413, 
                0.20546875379860732, 
                0.19968831637077272, 
                0.19537618090723924, 
                0.19226164031906215, 
                0.1902131402585815, 
                0.18923851706308795, 
                0.18942584194568587, 
                0.19084212381145327, 
                0.19342166704318825, 
                0.19688063542518425, 
                0.20068774002214096, 
                0.20410488143897432, 
                0.20629098027631676, 
                0.2064435938989986, 
                0.20394216766581194, 
                0.19845724286038668, 
                0.19000112740683206, 
                0.1789131827924846, 
                0.16579063954748333, 
                0.1513878097998538, 
                0.13650957796103577, 
                0.1219197778314145, 
                0.10827522403745253, 
                0.09608649526657005, 
                0.0857005927889869, 
                0.07729931657599803, 
                0.07090917827050226, 
                0.06642128111375928, 
                0.06362061613662871, 
                0.062222929208902995, 
                0.061914647157641334, 
                0.06238919758366529, 
                0.06337310327774698, 
                0.06463801540737878, 
                0.0659994464974048, 
                0.06730743502398262, 
                0.06843670834570657, 
                0.06928300214275845, 
                0.06976837730818095, 
                0.06985330280652516, 
                0.0695492089776126, 
                0.06892406067897033, 
                0.06809595487852277, 
                0.06721494001647221, 
                0.06643897688889187, 
                0.06591347867959926, 
                0.0657630637238375, 
                0.06609861175238443, 
                0.06703426214946696, 
                0.06870132180537467, 
                0.07124332343608303, 
                0.07478135972994321, 
                0.07935080654577176, 
                0.08482552207005177, 
                0.09085715335609676, 
                0.09685929433357007, 
                0.10205626333807631, 
                0.10559658089155305, 
                0.10670869702926715, 
                0.10485979887470792, 
                0.09987439261266062, 
                0.09197973905630198
            ], 
            "incorrectMedian": 0.039863118102704126, 
            "correct": [
                0.08557113410621632, 
                0.09609901514629009, 
                0.10503326519885027, 
                0.11198311132502146, 
                0.11675425334762973, 
                0.11934653236045625, 
                0.11991713613320916, 
                0.11872142593035523, 
                0.11604885365180241, 
                0.11217200588683923, 
                0.10732202639244544, 
                0.10169450921438729, 
                0.09547909308623091, 
                0.08889723461403397, 
                0.08222954521561877, 
                0.07581823413134758, 
                0.07004018776166651, 
                0.06525797652387398, 
                0.061764677392748026, 
                0.05974029656679589, 
                0.05923224852263295, 
                0.06016243435983055, 
                0.06235346049609041, 
                0.0655607484892348, 
                0.06949796736015587, 
                0.0738497052546953, 
                0.07827436140419085, 
                0.08240751391351481, 
                0.08587788821479182, 
                0.08834325803479631, 
                0.08954389265207015, 
                0.08936060998390115, 
                0.08785786332897325, 
                0.08529299216847173, 
                0.0820813691848387, 
                0.0787210282316074, 
                0.07569451092861824, 
                0.07337471773911566, 
                0.07196174198080196, 
                0.07146848449637852, 
                0.07175739024043971, 
                0.0726145374594465, 
                0.07383645111671067, 
                0.07530312433613907, 
                0.07701780614895079, 
                0.07910659310305267, 
                0.08178346727681482, 
                0.08529465964301536, 
                0.08985823592592547, 
                0.0956117153975975, 
                0.10257523529152338, 
                0.11063312317099461, 
                0.1195341883918483, 
                0.1289103338137025, 
                0.13831291778229843, 
                0.14726535076833958, 
                0.15532813661118974, 
                0.1621693671561961, 
                0.16763060681787564, 
                0.17177635456577356, 
                0.17491573923676226, 
                0.1775881687644072, 
                0.1805101573559642, 
                0.18448783263385105, 
                0.19030747147488675, 
                0.19862304405730413, 
                0.20986300998226187, 
                0.22417668208588573, 
                0.2414328928112006, 
                0.2612721674757315, 
                0.283201798637507, 
                0.3067153107078571, 
                0.33141642423228984, 
                0.35713240242313354, 
                0.38400949724932226, 
                0.4125902461739807, 
                0.44387636246107515, 
                0.47938248928738564, 
                0.5211876439354105, 
                0.5719946602151557, 
                0.6352121081407974, 
                0.7150727699486662, 
                0.8167900581812771, 
                0.9467222181478485, 
                1.1124629119930116, 
                1.3227148102244735, 
                1.5867513218269453, 
                1.913263027156275, 
                2.308456759372862, 
                2.7734537496117926, 
                3.3013147460076326, 
                3.8743483166100203, 
                4.462618910545629, 
                5.024614312582766, 
                5.510733319085176, 
                5.869592211764835, 
                6.0562615749581745, 
                6.040723125974202, 
                5.8144248515612, 
                5.393058136809844
            ], 
            "correctMedian": 0.9728707131610045
        }
    }, 
    "confusion": {
        "totalRows": 1800, 
        "perActual": {
            "QUASAR": {
                "perPredicted": {
                    "QUASAR": 173, 
                    "STAR": 8, 
                    "GALAXY": 12
                }, 
                "actualClassCount": 193.0
            }, 
            "STAR": {
                "perPredicted": {
                    "QUASAR": 13, 
                    "STAR": 640, 
                    "GALAXY": 20
                }, 
                "actualClassCount": 673.0
            }, 
            "GALAXY": {
                "perPredicted": {
                    "QUASAR": 10, 
                    "STAR": 40, 
                    "GALAXY": 884
                }, 
                "actualClassCount": 934.0
            }
        }
    }, 
    "metrics": {
        "f1": 0.928540255821081, 
        "mcalibrationLoss": 0.024370367318242336, 
        "recall": 0.931268563694112, 
        "precision": 0.9259837071824769, 
        "logLoss": 0.2374730172693524, 
        "mrocAUC": 0.9768544479880363, 
        "hammingLoss": 0.05722222222222222, 
        "accuracy": 0.9427777777777778
    }, 
    "oneVsAllRocAUC": {
        "QUASAR": 0.9750153957265976, 
        "STAR": 0.9791844381657308, 
        "GALAXY": 0.9793223415145564
    }, 
    "classes": [
        "GALAXY", 
        "STAR", 
        "QUASAR"
    ], 
    "globalMetrics": {
        "predictionAvg": [
            0.5223075182346737, 
            0.3737001285572372, 
            0.10399235320808903
        ], 
        "predictionStd": [
            0.4380191531419152, 
            0.41818513127937473, 
            0.26969084220174283
        ], 
        "targetStd": [
            0.4997819300874131, 
            0.4839691242970008, 
            0.30948154669351174
        ], 
        "targetAvg": [
            0.5188888888888888, 
            0.3738888888888889, 
            0.10722222222222222
        ], 
        "testWeight": 1800
    }, 
    "oneVsAllRocCurves": {
        "QUASAR": [
            {
                "y": 0.0, 
                "x": 0.0, 
                "p": 1.9999999931009989
            }, 
            {
                "y": 0.06735751295336788, 
                "x": 0.0006222775357809583, 
                "p": 0.9963886575140234
            }, 
            {
                "y": 0.22279792746113988, 
                "x": 0.0012445550715619166, 
                "p": 0.9811862343355644
            }, 
            {
                "y": 0.42487046632124353, 
                "x": 0.001866832607342875, 
                "p": 0.948174646902618
            }, 
            {
                "y": 0.48704663212435234, 
                "x": 0.002489110143123833, 
                "p": 0.9287860970335272
            }, 
            {
                "y": 0.5699481865284974, 
                "x": 0.0031113876789047915, 
                "p": 0.9072156173074937
            }, 
            {
                "y": 0.7253886010362695, 
                "x": 0.00373366521468575, 
                "p": 0.799699776758304
            }, 
            {
                "y": 0.7875647668393783, 
                "x": 0.004978220286247666, 
                "p": 0.7109023561120029
            }, 
            {
                "y": 0.8549222797927462, 
                "x": 0.006845052893590542, 
                "p": 0.5850928530534315
            }, 
            {
                "y": 0.9015544041450777, 
                "x": 0.01431238332296204, 
                "p": 0.28011012180276934
            }, 
            {
                "y": 0.9326424870466321, 
                "x": 0.03546981953951462, 
                "p": 0.08591295160486571
            }, 
            {
                "y": 0.9430051813471503, 
                "x": 0.12072184194150591, 
                "p": 0.025073097411045655
            }, 
            {
                "y": 0.9585492227979274, 
                "x": 0.20099564405724954, 
                "p": 0.014998531755628753
            }, 
            {
                "y": 0.9637305699481865, 
                "x": 0.2613565650280025, 
                "p": 0.01141469706469994
            }, 
            {
                "y": 0.9689119170984456, 
                "x": 0.3789670192906036, 
                "p": 0.007243740070635614
            }, 
            {
                "y": 0.9740932642487047, 
                "x": 0.5108898568761667, 
                "p": 0.004457988492496454
            }, 
            {
                "y": 0.9896373056994818, 
                "x": 0.5469819539514623, 
                "p": 0.003929819268792613
            }, 
            {
                "y": 0.9896373056994818, 
                "x": 0.6085874299937772, 
                "p": 0.0031182282004537077
            }, 
            {
                "y": 1.0, 
                "x": 1.0, 
                "p": 9.246297581331211e-07
            }
        ], 
        "STAR": [
            {
                "y": 0.0, 
                "x": 0.0, 
                "p": 1.999993416089461
            }, 
            {
                "y": 0.26300148588410105, 
                "x": 0.0008873114463176575, 
                "p": 0.9770262190724877
            }, 
            {
                "y": 0.35066864784546803, 
                "x": 0.0026619343389529724, 
                "p": 0.9614743776781571
            }, 
            {
                "y": 0.40564635958395245, 
                "x": 0.0044365572315882874, 
                "p": 0.9529101128578895
            }, 
            {
                "y": 0.4606240713224368, 
                "x": 0.005323868677905945, 
                "p": 0.9414021456306696
            }, 
            {
                "y": 0.5170876671619614, 
                "x": 0.00709849157054126, 
                "p": 0.9313098065111036
            }, 
            {
                "y": 0.6270430906389302, 
                "x": 0.008873114463176575, 
                "p": 0.9032127817554526
            }, 
            {
                "y": 0.6805349182763745, 
                "x": 0.01064773735581189, 
                "p": 0.883416707598588
            }, 
            {
                "y": 0.7414561664190193, 
                "x": 0.012422360248447204, 
                "p": 0.8526714826584048
            }, 
            {
                "y": 0.799405646359584, 
                "x": 0.013309671694764862, 
                "p": 0.8164737084748526
            }, 
            {
                "y": 0.8558692421991084, 
                "x": 0.015084294587400177, 
                "p": 0.76536148391374
            }, 
            {
                "y": 0.8974739970282318, 
                "x": 0.023957409050576754, 
                "p": 0.6775975358474544
            }, 
            {
                "y": 0.9316493313521546, 
                "x": 0.03992901508429459, 
                "p": 0.49665541926193973
            }, 
            {
                "y": 0.9673105497771174, 
                "x": 0.05678793256433008, 
                "p": 0.3749085024795747
            }, 
            {
                "y": 0.9791976225854383, 
                "x": 0.11180124223602485, 
                "p": 0.1934250624317447
            }, 
            {
                "y": 0.9821693907875185, 
                "x": 0.16149068322981366, 
                "p": 0.11830202563344436
            }, 
            {
                "y": 0.9851411589895989, 
                "x": 0.2981366459627329, 
                "p": 0.052464720019847325
            }, 
            {
                "y": 0.9881129271916791, 
                "x": 0.3460514640638864, 
                "p": 0.04190233232684587
            }, 
            {
                "y": 0.9895988112927192, 
                "x": 0.43744454303460517, 
                "p": 0.025756605468293378
            }, 
            {
                "y": 0.9910846953937593, 
                "x": 0.8110026619343389, 
                "p": 0.003816608961357768
            }, 
            {
                "y": 0.9925705794947994, 
                "x": 0.9157054125998225, 
                "p": 0.0016891152477024195
            }, 
            {
                "y": 0.9955423476968797, 
                "x": 0.963620230700976, 
                "p": 0.000672758555788041
            }, 
            {
                "y": 1.0, 
                "x": 1.0, 
                "p": 2.312571284377702e-09
            }
        ], 
        "GALAXY": [
            {
                "y": 0.0, 
                "x": 0.0, 
                "p": 1.9997526409362227
            }, 
            {
                "y": 0.24518201284796573, 
                "x": 0.0023094688221709007, 
                "p": 0.9889654363209547
            }, 
            {
                "y": 0.32441113490364026, 
                "x": 0.003464203233256351, 
                "p": 0.9853800578677229
            }, 
            {
                "y": 0.44967880085653106, 
                "x": 0.004618937644341801, 
                "p": 0.9774936857741141
            }, 
            {
                "y": 0.5064239828693791, 
                "x": 0.008083140877598153, 
                "p": 0.9718598269466411
            }, 
            {
                "y": 0.5674518201284796, 
                "x": 0.009237875288683603, 
                "p": 0.9646835205947341
            }, 
            {
                "y": 0.6167023554603854, 
                "x": 0.011547344110854504, 
                "p": 0.9566011320099281
            }, 
            {
                "y": 0.8147751605995718, 
                "x": 0.012702078521939953, 
                "p": 0.8883724214528032
            }, 
            {
                "y": 0.867237687366167, 
                "x": 0.017321016166281754, 
                "p": 0.8312371374829333
            }, 
            {
                "y": 0.9132762312633833, 
                "x": 0.02424942263279446, 
                "p": 0.7343547366454659
            }, 
            {
                "y": 0.9507494646680942, 
                "x": 0.03926096997690531, 
                "p": 0.5410599254927247
            }, 
            {
                "y": 0.9635974304068522, 
                "x": 0.07967667436489607, 
                "p": 0.3542550588651334
            }, 
            {
                "y": 0.9753747323340471, 
                "x": 0.11893764434180139, 
                "p": 0.2371711073972538
            }, 
            {
                "y": 0.9785867237687366, 
                "x": 0.197459584295612, 
                "p": 0.1468885547832435
            }, 
            {
                "y": 0.9850107066381156, 
                "x": 0.2840646651270208, 
                "p": 0.09271258323928273
            }, 
            {
                "y": 0.9860813704496788, 
                "x": 0.3348729792147806, 
                "p": 0.0732452368880365
            }, 
            {
                "y": 0.9892933618843683, 
                "x": 0.39260969976905313, 
                "p": 0.06099809273563403
            }, 
            {
                "y": 0.9914346895074947, 
                "x": 0.4930715935334873, 
                "p": 0.040529295477650315
            }, 
            {
                "y": 0.9935760171306209, 
                "x": 0.6154734411085451, 
                "p": 0.022399967920877853
            }, 
            {
                "y": 0.9967880085653105, 
                "x": 0.9526558891454965, 
                "p": 1.4085973063829941e-05
            }, 
            {
                "y": 1.0, 
                "x": 1.0, 
                "p": 1.7574146387534667e-10
            }
        ]
    }, 
    "processed_feature_names": [
        "A", 
        "B", 
        "C", 
        "D", 
        "E", 
        "F", 
        "G", 
        "H", 
        "I", 
        "J", 
        "camcol", 
        "dec", 
        "field", 
        "g", 
        "i", 
        "r", 
        "ra", 
        "run", 
        "u", 
        "z"
    ]
}